03 Apr, 2025 05:44:39 - 'Google Main Right Side' scraper is not running. Starting...
03 Apr, 2025 05:44:39 - 'Google Main Right Side' scraper started.
03 Apr, 2025 07:08:11 - 'Google Main Right Side' scraper is not running. Starting...
03 Apr, 2025 07:08:11 - 'Google Main Right Side' scraper started.
03 Apr, 2025 07:11:40 - 'Google Main Right Side' scraper is not running. Starting...
03 Apr, 2025 07:11:40 - 'Google Main Right Side' scraper started.
03 Apr, 2025 07:14:49 - 'Google Main Right Side' scraper is still running.
03 Apr, 2025 07:14:49 - Last modified time: 1743664489
03 Apr, 2025 07:14:49 - Log files hasn't been updated in the last 30 minutes. Deleting log directory and rebooting the server...
03 Apr, 2025 07:14:49 - Deleting log directory...
03 Apr, 2025 07:14:49 - Restarting the script: Killing all running processes and relaunching...
03 Apr, 2025 07:14:54 - 'Google Main Right Side' scraper is not running. Starting...
03 Apr, 2025 07:14:54 - 'Google Main Right Side' scraper started.
03 Apr, 2025 07:18:05 - 'Google Main Right Side' scraper is still running.
03 Apr, 2025 07:18:05 - Last modified time: 2
03 Apr, 2025 07:19:07 - 'Google Main Right Side' scraper is still running.
03 Apr, 2025 07:19:07 - Last modified time: 0
03 Apr, 2025 07:20:11 - 'Google Main Right Side' scraper is still running.
03 Apr, 2025 07:20:11 - Last modified time: 6
03 Apr, 2025 07:21:15 - 'Google Main Right Side' scraper is not running. Checking if it is stuck...
03 Apr, 2025 07:21:15 - Process finished. Restarting the process...
03 Apr, 2025 07:21:15 - 'Google Main Right Side' scraper started.
03 Apr, 2025 07:22:19 - 'Google Main Right Side' scraper is still running.
03 Apr, 2025 07:22:19 - Last modified time: 2
03 Apr, 2025 07:23:24 - 'Google Main Right Side' scraper is still running.
03 Apr, 2025 07:23:24 - Last modified time: 41
03 Apr, 2025 07:27:50 - 'Google Main Right Side' scraper is not running. Starting...
03 Apr, 2025 07:27:50 - 'Google Main Right Side' scraper started.
03 Apr, 2025 07:30:58 - 'Google Main Right Side' scraper is still running.
03 Apr, 2025 07:30:58 - Last modified time: 46
03 Apr, 2025 07:32:01 - 'Google Main Right Side' scraper is still running.
03 Apr, 2025 07:32:01 - Last modified time: 1
03 Apr, 2025 07:33:04 - 'Google Main Right Side' scraper is still running.
03 Apr, 2025 07:33:04 - Last modified time: 0
03 Apr, 2025 07:34:08 - 'Google Main Right Side' scraper is still running.
03 Apr, 2025 07:34:08 - Last modified time: 1
03 Apr, 2025 07:35:11 - 'Google Main Right Side' scraper is still running.
03 Apr, 2025 07:35:11 - Last modified time: 1
03 Apr, 2025 07:36:15 - 'Google Main Right Side' scraper is still running.
03 Apr, 2025 07:36:15 - Last modified time: 2
03 Apr, 2025 07:37:16 - 'Google Main Right Side' scraper is still running.
03 Apr, 2025 07:37:16 - Last modified time: 4
03 Apr, 2025 07:38:20 - 'Google Main Right Side' scraper is still running.
03 Apr, 2025 07:38:20 - Last modified time: 3
03 Apr, 2025 07:39:23 - 'Google Main Right Side' scraper is still running.
03 Apr, 2025 07:39:23 - Last modified time: 0
03 Apr, 2025 07:40:27 - 'Google Main Right Side' scraper is still running.
03 Apr, 2025 07:40:27 - Last modified time: 1
03 Apr, 2025 07:41:30 - 'Google Main Right Side' scraper is still running.
03 Apr, 2025 07:41:30 - Last modified time: 1
03 Apr, 2025 07:42:34 - 'Google Main Right Side' scraper is still running.
03 Apr, 2025 07:42:34 - Last modified time: 5
03 Apr, 2025 07:43:37 - 'Google Main Right Side' scraper is still running.
03 Apr, 2025 07:43:37 - Last modified time: 8
03 Apr, 2025 13:44:09 - 'Google Main Right Side' scraper is not running. Starting...
03 Apr, 2025 13:44:09 - 'Google Main Right Side' scraper started.
03 Apr, 2025 13:47:09 - 'Google Main Right Side' scraper is still running.
03 Apr, 2025 13:47:09 - Last modified time: 0
03 Apr, 2025 13:48:09 - 'Google Main Right Side' scraper is still running.
03 Apr, 2025 13:48:09 - Last modified time: 0
03 Apr, 2025 13:49:09 - 'Google Main Right Side' scraper is still running.
03 Apr, 2025 13:49:09 - Last modified time: 0
03 Apr, 2025 13:50:09 - 'Google Main Right Side' scraper is still running.
03 Apr, 2025 13:50:09 - Last modified time: 0
03 Apr, 2025 13:51:09 - 'Google Main Right Side' scraper is still running.
03 Apr, 2025 13:51:09 - Last modified time: 0
03 Apr, 2025 13:52:09 - 'Google Main Right Side' scraper is still running.
03 Apr, 2025 13:52:09 - Last modified time: 6
03 Apr, 2025 13:53:10 - 'Google Main Right Side' scraper is still running.
03 Apr, 2025 13:53:10 - Last modified time: 67
03 Apr, 2025 13:54:10 - 'Google Main Right Side' scraper is still running.
03 Apr, 2025 13:54:10 - Last modified time: 127
03 Apr, 2025 13:55:10 - 'Google Main Right Side' scraper is still running.
03 Apr, 2025 13:55:10 - Last modified time: 187
03 Apr, 2025 13:56:10 - 'Google Main Right Side' scraper is still running.
03 Apr, 2025 13:56:10 - Last modified time: 247
03 Apr, 2025 13:57:10 - 'Google Main Right Side' scraper is still running.
03 Apr, 2025 13:57:10 - Last modified time: 307
03 Apr, 2025 13:58:10 - 'Google Main Right Side' scraper is still running.
03 Apr, 2025 13:58:10 - Last modified time: 367
03 Apr, 2025 13:59:10 - 'Google Main Right Side' scraper is still running.
03 Apr, 2025 13:59:10 - Last modified time: 427
03 Apr, 2025 14:00:10 - 'Google Main Right Side' scraper is still running.
03 Apr, 2025 14:00:10 - Last modified time: 487
03 Apr, 2025 14:01:10 - 'Google Main Right Side' scraper is still running.
03 Apr, 2025 14:01:10 - Last modified time: 547
03 Apr, 2025 14:02:10 - 'Google Main Right Side' scraper is still running.
03 Apr, 2025 14:02:10 - Last modified time: 607
03 Apr, 2025 14:03:10 - 'Google Main Right Side' scraper is still running.
03 Apr, 2025 14:03:10 - Last modified time: 667
03 Apr, 2025 14:04:10 - 'Google Main Right Side' scraper is still running.
03 Apr, 2025 14:04:10 - Last modified time: 727
03 Apr, 2025 14:05:10 - 'Google Main Right Side' scraper is still running.
03 Apr, 2025 14:05:10 - Last modified time: 787
03 Apr, 2025 14:06:10 - 'Google Main Right Side' scraper is still running.
03 Apr, 2025 14:06:10 - Last modified time: 847
03 Apr, 2025 14:10:28 - 'Google Main Right Side' scraper is not running. Starting...
03 Apr, 2025 14:10:28 - 'Google Main Right Side' scraper started.
03 Apr, 2025 14:13:28 - 'Google Main Right Side' scraper is still running.
03 Apr, 2025 14:13:28 - Last modified time: 0
03 Apr, 2025 14:14:28 - 'Google Main Right Side' scraper is still running.
03 Apr, 2025 14:14:28 - Last modified time: 2
03 Apr, 2025 14:15:28 - 'Google Main Right Side' scraper is still running.
03 Apr, 2025 14:15:28 - Last modified time: 6
03 Apr, 2025 14:16:28 - 'Google Main Right Side' scraper is still running.
03 Apr, 2025 14:16:28 - Last modified time: 0
03 Apr, 2025 14:17:28 - 'Google Main Right Side' scraper is still running.
03 Apr, 2025 14:17:28 - Last modified time: 9
03 Apr, 2025 14:18:28 - 'Google Main Right Side' scraper is still running.
03 Apr, 2025 14:18:28 - Last modified time: 69
03 Apr, 2025 14:19:28 - 'Google Main Right Side' scraper is still running.
03 Apr, 2025 14:19:28 - Last modified time: 129
03 Apr, 2025 14:20:28 - 'Google Main Right Side' scraper is still running.
03 Apr, 2025 14:20:28 - Last modified time: 189
03 Apr, 2025 14:21:28 - 'Google Main Right Side' scraper is still running.
03 Apr, 2025 14:21:28 - Last modified time: 249
03 Apr, 2025 14:22:28 - 'Google Main Right Side' scraper is still running.
03 Apr, 2025 14:22:28 - Last modified time: 309
03 Apr, 2025 14:23:28 - 'Google Main Right Side' scraper is still running.
03 Apr, 2025 14:23:28 - Last modified time: 369
03 Apr, 2025 14:24:28 - 'Google Main Right Side' scraper is still running.
03 Apr, 2025 14:24:28 - Last modified time: 429
03 Apr, 2025 14:25:29 - 'Google Main Right Side' scraper is still running.
03 Apr, 2025 14:25:29 - Last modified time: 490
03 Apr, 2025 14:26:29 - 'Google Main Right Side' scraper is still running.
03 Apr, 2025 14:26:29 - Last modified time: 550
03 Apr, 2025 14:27:29 - 'Google Main Right Side' scraper is still running.
03 Apr, 2025 14:27:29 - Last modified time: 610
03 Apr, 2025 14:28:29 - 'Google Main Right Side' scraper is still running.
03 Apr, 2025 14:28:29 - Last modified time: 670
03 Apr, 2025 14:29:29 - 'Google Main Right Side' scraper is still running.
03 Apr, 2025 14:29:29 - Last modified time: 730
03 Apr, 2025 14:30:29 - 'Google Main Right Side' scraper is still running.
03 Apr, 2025 14:30:29 - Last modified time: 31
03 Apr, 2025 14:31:29 - 'Google Main Right Side' scraper is still running.
03 Apr, 2025 14:31:29 - Last modified time: 91
03 Apr, 2025 14:32:29 - 'Google Main Right Side' scraper is still running.
03 Apr, 2025 14:32:29 - Last modified time: 151
03 Apr, 2025 14:33:29 - 'Google Main Right Side' scraper is still running.
03 Apr, 2025 14:33:29 - Last modified time: 211
03 Apr, 2025 14:34:29 - 'Google Main Right Side' scraper is still running.
03 Apr, 2025 14:34:29 - Last modified time: 271
03 Apr, 2025 14:35:29 - 'Google Main Right Side' scraper is still running.
03 Apr, 2025 14:35:29 - Last modified time: 331
03 Apr, 2025 14:36:29 - 'Google Main Right Side' scraper is still running.
03 Apr, 2025 14:36:29 - Last modified time: 391
03 Apr, 2025 14:37:29 - 'Google Main Right Side' scraper is not running. Checking if it is stuck...
03 Apr, 2025 14:37:29 - Process finished. Restarting the process...
03 Apr, 2025 14:37:29 - 'Google Main Right Side' scraper started.
03 Apr, 2025 14:38:29 - 'Google Main Right Side' scraper is still running.
03 Apr, 2025 14:38:29 - Last modified time: 78
03 Apr, 2025 14:39:29 - 'Google Main Right Side' scraper is still running.
03 Apr, 2025 14:39:29 - Last modified time: 1
03 Apr, 2025 14:40:29 - 'Google Main Right Side' scraper is still running.
03 Apr, 2025 14:40:29 - Last modified time: 61
03 Apr, 2025 14:41:29 - 'Google Main Right Side' scraper is still running.
03 Apr, 2025 14:41:29 - Last modified time: 0
03 Apr, 2025 14:42:29 - 'Google Main Right Side' scraper is still running.
03 Apr, 2025 14:42:29 - Last modified time: 0
03 Apr, 2025 14:43:29 - 'Google Main Right Side' scraper is still running.
03 Apr, 2025 14:43:29 - Last modified time: 0
03 Apr, 2025 14:44:29 - 'Google Main Right Side' scraper is still running.
03 Apr, 2025 14:44:29 - Last modified time: 1
03 Apr, 2025 14:45:29 - 'Google Main Right Side' scraper is still running.
03 Apr, 2025 14:45:29 - Last modified time: 2
03 Apr, 2025 14:46:29 - 'Google Main Right Side' scraper is still running.
03 Apr, 2025 14:46:29 - Last modified time: 1
03 Apr, 2025 14:47:29 - 'Google Main Right Side' scraper is still running.
03 Apr, 2025 14:47:29 - Last modified time: 0
03 Apr, 2025 14:48:29 - 'Google Main Right Side' scraper is still running.
03 Apr, 2025 14:48:29 - Last modified time: 2
03 Apr, 2025 14:49:29 - 'Google Main Right Side' scraper is still running.
03 Apr, 2025 14:49:29 - Last modified time: 4
03 Apr, 2025 14:50:29 - 'Google Main Right Side' scraper is still running.
03 Apr, 2025 14:50:29 - Last modified time: 0
03 Apr, 2025 14:51:30 - 'Google Main Right Side' scraper is still running.
03 Apr, 2025 14:51:30 - Last modified time: 1
03 Apr, 2025 14:52:30 - 'Google Main Right Side' scraper is still running.
03 Apr, 2025 14:52:30 - Last modified time: 1
03 Apr, 2025 14:53:30 - 'Google Main Right Side' scraper is still running.
03 Apr, 2025 14:53:30 - Last modified time: 1
03 Apr, 2025 14:54:30 - 'Google Main Right Side' scraper is still running.
03 Apr, 2025 14:54:30 - Last modified time: 1
03 Apr, 2025 14:55:30 - 'Google Main Right Side' scraper is still running.
03 Apr, 2025 14:55:30 - Last modified time: 1
03 Apr, 2025 14:56:30 - 'Google Main Right Side' scraper is still running.
03 Apr, 2025 14:56:30 - Last modified time: 2
03 Apr, 2025 14:57:30 - 'Google Main Right Side' scraper is still running.
03 Apr, 2025 14:57:30 - Last modified time: 54
03 Apr, 2025 14:58:30 - 'Google Main Right Side' scraper is still running.
03 Apr, 2025 14:58:30 - Last modified time: 114
03 Apr, 2025 14:59:30 - 'Google Main Right Side' scraper is still running.
03 Apr, 2025 14:59:30 - Last modified time: 174
03 Apr, 2025 15:00:30 - 'Google Main Right Side' scraper is still running.
03 Apr, 2025 15:00:30 - Last modified time: 234
03 Apr, 2025 15:01:30 - 'Google Main Right Side' scraper is still running.
03 Apr, 2025 15:01:30 - Last modified time: 294
03 Apr, 2025 15:02:30 - 'Google Main Right Side' scraper is still running.
03 Apr, 2025 15:02:30 - Last modified time: 354
03 Apr, 2025 15:03:30 - 'Google Main Right Side' scraper is still running.
03 Apr, 2025 15:03:30 - Last modified time: 414
03 Apr, 2025 15:04:30 - 'Google Main Right Side' scraper is still running.
03 Apr, 2025 15:04:30 - Last modified time: 474
03 Apr, 2025 15:05:30 - 'Google Main Right Side' scraper is still running.
03 Apr, 2025 15:05:30 - Last modified time: 2
03 Apr, 2025 15:06:30 - 'Google Main Right Side' scraper is still running.
03 Apr, 2025 15:06:30 - Last modified time: 59
03 Apr, 2025 15:07:30 - 'Google Main Right Side' scraper is still running.
03 Apr, 2025 15:07:30 - Last modified time: 119
03 Apr, 2025 15:08:30 - 'Google Main Right Side' scraper is still running.
03 Apr, 2025 15:08:30 - Last modified time: 179
03 Apr, 2025 15:09:30 - 'Google Main Right Side' scraper is still running.
03 Apr, 2025 15:09:30 - Last modified time: 239
03 Apr, 2025 15:10:30 - 'Google Main Right Side' scraper is still running.
03 Apr, 2025 15:10:30 - Last modified time: 299
03 Apr, 2025 15:11:30 - 'Google Main Right Side' scraper is still running.
03 Apr, 2025 15:11:30 - Last modified time: 1
03 Apr, 2025 15:12:30 - 'Google Main Right Side' scraper is still running.
03 Apr, 2025 15:12:30 - Last modified time: 58
03 Apr, 2025 15:13:30 - 'Google Main Right Side' scraper is still running.
03 Apr, 2025 15:13:30 - Last modified time: 118
03 Apr, 2025 15:14:30 - 'Google Main Right Side' scraper is still running.
03 Apr, 2025 15:14:30 - Last modified time: 178
03 Apr, 2025 15:15:30 - 'Google Main Right Side' scraper is still running.
03 Apr, 2025 15:15:30 - Last modified time: 238
03 Apr, 2025 15:16:30 - 'Google Main Right Side' scraper is still running.
03 Apr, 2025 15:16:31 - Last modified time: 299
03 Apr, 2025 15:17:31 - 'Google Main Right Side' scraper is still running.
03 Apr, 2025 15:17:31 - Last modified time: 359
03 Apr, 2025 15:18:31 - 'Google Main Right Side' scraper is still running.
03 Apr, 2025 15:18:31 - Last modified time: 41
03 Apr, 2025 15:19:31 - 'Google Main Right Side' scraper is still running.
03 Apr, 2025 15:19:31 - Last modified time: 101
03 Apr, 2025 15:20:31 - 'Google Main Right Side' scraper is still running.
03 Apr, 2025 15:20:31 - Last modified time: 21
03 Apr, 2025 15:21:31 - 'Google Main Right Side' scraper is still running.
03 Apr, 2025 15:21:31 - Last modified time: 81
03 Apr, 2025 15:22:31 - 'Google Main Right Side' scraper is still running.
03 Apr, 2025 15:22:31 - Last modified time: 141
03 Apr, 2025 15:23:31 - 'Google Main Right Side' scraper is still running.
03 Apr, 2025 15:23:31 - Last modified time: 201
03 Apr, 2025 15:24:31 - 'Google Main Right Side' scraper is still running.
03 Apr, 2025 15:24:31 - Last modified time: 261
03 Apr, 2025 15:25:31 - 'Google Main Right Side' scraper is still running.
03 Apr, 2025 15:25:31 - Last modified time: 321
03 Apr, 2025 15:26:31 - 'Google Main Right Side' scraper is not running. Checking if it is stuck...
03 Apr, 2025 15:26:31 - Process finished. Restarting the process...
03 Apr, 2025 15:26:31 - 'Google Main Right Side' scraper started.
03 Apr, 2025 15:27:31 - 'Google Main Right Side' scraper is still running.
03 Apr, 2025 15:27:31 - Last modified time: 0
03 Apr, 2025 15:28:31 - 'Google Main Right Side' scraper is still running.
03 Apr, 2025 15:28:31 - Last modified time: 4
03 Apr, 2025 15:29:31 - 'Google Main Right Side' scraper is still running.
03 Apr, 2025 15:29:31 - Last modified time: 1
03 Apr, 2025 15:30:31 - 'Google Main Right Side' scraper is still running.
03 Apr, 2025 15:30:31 - Last modified time: 4
03 Apr, 2025 15:31:31 - 'Google Main Right Side' scraper is still running.
03 Apr, 2025 15:31:31 - Last modified time: 26
03 Apr, 2025 15:32:31 - 'Google Main Right Side' scraper is still running.
03 Apr, 2025 15:32:31 - Last modified time: 0
03 Apr, 2025 15:33:31 - 'Google Main Right Side' scraper is still running.
03 Apr, 2025 15:33:31 - Last modified time: 1
03 Apr, 2025 15:34:31 - 'Google Main Right Side' scraper is still running.
03 Apr, 2025 15:34:31 - Last modified time: 0
03 Apr, 2025 15:35:31 - 'Google Main Right Side' scraper is still running.
03 Apr, 2025 15:35:31 - Last modified time: 3
03 Apr, 2025 15:36:31 - 'Google Main Right Side' scraper is still running.
03 Apr, 2025 15:36:31 - Last modified time: 5
03 Apr, 2025 15:37:31 - 'Google Main Right Side' scraper is still running.
03 Apr, 2025 15:37:31 - Last modified time: 5
03 Apr, 2025 15:38:31 - 'Google Main Right Side' scraper is still running.
03 Apr, 2025 15:38:31 - Last modified time: 0
03 Apr, 2025 15:39:31 - 'Google Main Right Side' scraper is still running.
03 Apr, 2025 15:39:31 - Last modified time: 0
03 Apr, 2025 15:40:31 - 'Google Main Right Side' scraper is still running.
03 Apr, 2025 15:40:31 - Last modified time: 2
03 Apr, 2025 15:41:31 - 'Google Main Right Side' scraper is still running.
03 Apr, 2025 15:41:31 - Last modified time: 3
03 Apr, 2025 15:42:31 - 'Google Main Right Side' scraper is still running.
03 Apr, 2025 15:42:31 - Last modified time: 4
03 Apr, 2025 15:43:31 - 'Google Main Right Side' scraper is still running.
03 Apr, 2025 15:43:31 - Last modified time: 23
03 Apr, 2025 15:44:31 - 'Google Main Right Side' scraper is still running.
03 Apr, 2025 15:44:32 - Last modified time: 84
03 Apr, 2025 15:45:32 - 'Google Main Right Side' scraper is still running.
03 Apr, 2025 15:45:32 - Last modified time: 144
03 Apr, 2025 15:46:32 - 'Google Main Right Side' scraper is still running.
03 Apr, 2025 15:46:32 - Last modified time: 204
03 Apr, 2025 15:47:32 - 'Google Main Right Side' scraper is still running.
03 Apr, 2025 15:47:32 - Last modified time: 264
03 Apr, 2025 15:48:32 - 'Google Main Right Side' scraper is still running.
03 Apr, 2025 15:48:32 - Last modified time: 324
03 Apr, 2025 15:49:32 - 'Google Main Right Side' scraper is still running.
03 Apr, 2025 15:49:32 - Last modified time: 384
03 Apr, 2025 15:50:32 - 'Google Main Right Side' scraper is still running.
03 Apr, 2025 15:50:32 - Last modified time: 50
03 Apr, 2025 15:51:32 - 'Google Main Right Side' scraper is still running.
03 Apr, 2025 15:51:32 - Last modified time: 110
03 Apr, 2025 15:52:32 - 'Google Main Right Side' scraper is still running.
03 Apr, 2025 15:52:32 - Last modified time: 170
03 Apr, 2025 15:53:32 - 'Google Main Right Side' scraper is still running.
03 Apr, 2025 15:53:32 - Last modified time: 230
03 Apr, 2025 15:54:32 - 'Google Main Right Side' scraper is still running.
03 Apr, 2025 15:54:32 - Last modified time: 290
03 Apr, 2025 15:55:32 - 'Google Main Right Side' scraper is still running.
03 Apr, 2025 15:55:32 - Last modified time: 350
03 Apr, 2025 15:56:32 - 'Google Main Right Side' scraper is still running.
03 Apr, 2025 15:56:32 - Last modified time: 410
03 Apr, 2025 15:57:32 - 'Google Main Right Side' scraper is still running.
03 Apr, 2025 15:57:32 - Last modified time: 470
03 Apr, 2025 15:58:32 - 'Google Main Right Side' scraper is still running.
03 Apr, 2025 15:58:32 - Last modified time: 530
03 Apr, 2025 15:59:32 - 'Google Main Right Side' scraper is still running.
03 Apr, 2025 15:59:32 - Last modified time: 590
03 Apr, 2025 16:00:32 - 'Google Main Right Side' scraper is still running.
03 Apr, 2025 16:00:32 - Last modified time: 650
03 Apr, 2025 16:01:32 - 'Google Main Right Side' scraper is still running.
03 Apr, 2025 16:01:32 - Last modified time: 710
03 Apr, 2025 16:02:32 - 'Google Main Right Side' scraper is still running.
03 Apr, 2025 16:02:32 - Last modified time: 770
03 Apr, 2025 16:03:32 - 'Google Main Right Side' scraper is still running.
03 Apr, 2025 16:03:32 - Last modified time: 830
03 Apr, 2025 16:04:32 - 'Google Main Right Side' scraper is still running.
03 Apr, 2025 16:04:32 - Last modified time: 890
03 Apr, 2025 16:05:32 - 'Google Main Right Side' scraper is still running.
03 Apr, 2025 16:05:32 - Last modified time: 950
03 Apr, 2025 16:06:32 - 'Google Main Right Side' scraper is still running.
03 Apr, 2025 16:06:32 - Last modified time: 1010
03 Apr, 2025 16:07:32 - 'Google Main Right Side' scraper is still running.
03 Apr, 2025 16:07:32 - Last modified time: 1070
03 Apr, 2025 16:08:32 - 'Google Main Right Side' scraper is still running.
03 Apr, 2025 16:08:32 - Last modified time: 1130
03 Apr, 2025 16:09:32 - 'Google Main Right Side' scraper is still running.
03 Apr, 2025 16:09:32 - Last modified time: 1190
03 Apr, 2025 16:10:32 - 'Google Main Right Side' scraper is still running.
03 Apr, 2025 16:10:32 - Last modified time: 1250
03 Apr, 2025 16:11:32 - 'Google Main Right Side' scraper is still running.
03 Apr, 2025 16:11:32 - Last modified time: 1310
03 Apr, 2025 16:12:32 - 'Google Main Right Side' scraper is still running.
03 Apr, 2025 16:12:32 - Last modified time: 1370
03 Apr, 2025 16:13:32 - 'Google Main Right Side' scraper is still running.
03 Apr, 2025 16:13:32 - Last modified time: 1430
03 Apr, 2025 16:14:33 - 'Google Main Right Side' scraper is still running.
03 Apr, 2025 16:14:33 - Last modified time: 1491
03 Apr, 2025 16:15:33 - 'Google Main Right Side' scraper is not running. Checking if it is stuck...
03 Apr, 2025 16:15:33 - Process finished. Restarting the process...
03 Apr, 2025 16:15:33 - 'Google Main Right Side' scraper started.
03 Apr, 2025 16:16:33 - 'Google Main Right Side' scraper is still running.
03 Apr, 2025 16:16:33 - Last modified time: 1
03 Apr, 2025 16:17:33 - 'Google Main Right Side' scraper is still running.
03 Apr, 2025 16:17:33 - Last modified time: 2
03 Apr, 2025 16:18:33 - 'Google Main Right Side' scraper is still running.
03 Apr, 2025 16:18:33 - Last modified time: 5
03 Apr, 2025 16:19:33 - 'Google Main Right Side' scraper is still running.
03 Apr, 2025 16:19:33 - Last modified time: 9
03 Apr, 2025 16:20:33 - 'Google Main Right Side' scraper is still running.
03 Apr, 2025 16:20:33 - Last modified time: 69
03 Apr, 2025 16:21:33 - 'Google Main Right Side' scraper is still running.
03 Apr, 2025 16:21:33 - Last modified time: 129
03 Apr, 2025 16:22:33 - 'Google Main Right Side' scraper is still running.
03 Apr, 2025 16:22:33 - Last modified time: 189
03 Apr, 2025 16:23:33 - 'Google Main Right Side' scraper is still running.
03 Apr, 2025 16:23:33 - Last modified time: 249
03 Apr, 2025 16:24:33 - 'Google Main Right Side' scraper is still running.
03 Apr, 2025 16:24:33 - Last modified time: 38
03 Apr, 2025 16:25:33 - 'Google Main Right Side' scraper is still running.
03 Apr, 2025 16:25:33 - Last modified time: 98
03 Apr, 2025 16:26:33 - 'Google Main Right Side' scraper is still running.
03 Apr, 2025 16:26:33 - Last modified time: 54
03 Apr, 2025 16:27:33 - 'Google Main Right Side' scraper is still running.
03 Apr, 2025 16:27:33 - Last modified time: 114
03 Apr, 2025 16:28:33 - 'Google Main Right Side' scraper is still running.
03 Apr, 2025 16:28:33 - Last modified time: 174
03 Apr, 2025 16:29:33 - 'Google Main Right Side' scraper is not running. Checking if it is stuck...
03 Apr, 2025 16:29:33 - Process finished. Restarting the process...
03 Apr, 2025 16:29:33 - 'Google Main Right Side' scraper started.
03 Apr, 2025 16:30:33 - 'Google Main Right Side' scraper is still running.
03 Apr, 2025 16:30:33 - Last modified time: 2
03 Apr, 2025 16:31:33 - 'Google Main Right Side' scraper is still running.
03 Apr, 2025 16:31:33 - Last modified time: 1
03 Apr, 2025 16:32:33 - 'Google Main Right Side' scraper is still running.
03 Apr, 2025 16:32:33 - Last modified time: 3
03 Apr, 2025 16:33:34 - 'Google Main Right Side' scraper is still running.
03 Apr, 2025 16:33:34 - Last modified time: 6
03 Apr, 2025 16:34:34 - 'Google Main Right Side' scraper is still running.
03 Apr, 2025 16:34:34 - Last modified time: 2
03 Apr, 2025 16:35:34 - 'Google Main Right Side' scraper is still running.
03 Apr, 2025 16:35:34 - Last modified time: 1
03 Apr, 2025 16:36:34 - 'Google Main Right Side' scraper is still running.
03 Apr, 2025 16:36:34 - Last modified time: 1
03 Apr, 2025 16:37:34 - 'Google Main Right Side' scraper is still running.
03 Apr, 2025 16:37:34 - Last modified time: 0
03 Apr, 2025 16:38:34 - 'Google Main Right Side' scraper is still running.
03 Apr, 2025 16:38:34 - Last modified time: 1
03 Apr, 2025 16:39:34 - 'Google Main Right Side' scraper is still running.
03 Apr, 2025 16:39:34 - Last modified time: 3
03 Apr, 2025 16:40:35 - 'Google Main Right Side' scraper is still running.
03 Apr, 2025 16:40:35 - Last modified time: 5
03 Apr, 2025 16:41:35 - 'Google Main Right Side' scraper is still running.
03 Apr, 2025 16:41:35 - Last modified time: 6
03 Apr, 2025 16:42:35 - 'Google Main Right Side' scraper is still running.
03 Apr, 2025 16:42:35 - Last modified time: 1
03 Apr, 2025 16:43:35 - 'Google Main Right Side' scraper is still running.
03 Apr, 2025 16:43:35 - Last modified time: 1
03 Apr, 2025 16:44:35 - 'Google Main Right Side' scraper is still running.
03 Apr, 2025 16:44:35 - Last modified time: 0
03 Apr, 2025 16:45:35 - 'Google Main Right Side' scraper is still running.
03 Apr, 2025 16:45:35 - Last modified time: 3
03 Apr, 2025 16:46:35 - 'Google Main Right Side' scraper is still running.
03 Apr, 2025 16:46:35 - Last modified time: 4
03 Apr, 2025 16:47:35 - 'Google Main Right Side' scraper is still running.
03 Apr, 2025 16:47:35 - Last modified time: 0
03 Apr, 2025 16:48:35 - 'Google Main Right Side' scraper is still running.
03 Apr, 2025 16:48:35 - Last modified time: 37
03 Apr, 2025 16:49:35 - 'Google Main Right Side' scraper is still running.
03 Apr, 2025 16:49:35 - Last modified time: 97
03 Apr, 2025 16:50:35 - 'Google Main Right Side' scraper is still running.
03 Apr, 2025 16:50:35 - Last modified time: 157
03 Apr, 2025 16:51:35 - 'Google Main Right Side' scraper is still running.
03 Apr, 2025 16:51:35 - Last modified time: 2
03 Apr, 2025 16:52:35 - 'Google Main Right Side' scraper is still running.
03 Apr, 2025 16:52:35 - Last modified time: 59
03 Apr, 2025 16:53:35 - 'Google Main Right Side' scraper is still running.
03 Apr, 2025 16:53:35 - Last modified time: 119
03 Apr, 2025 16:54:35 - 'Google Main Right Side' scraper is still running.
03 Apr, 2025 16:54:35 - Last modified time: 179
03 Apr, 2025 16:55:35 - 'Google Main Right Side' scraper is still running.
03 Apr, 2025 16:55:35 - Last modified time: 239
03 Apr, 2025 16:56:35 - 'Google Main Right Side' scraper is still running.
03 Apr, 2025 16:56:35 - Last modified time: 299
03 Apr, 2025 16:57:35 - 'Google Main Right Side' scraper is still running.
03 Apr, 2025 16:57:35 - Last modified time: 359
03 Apr, 2025 16:58:35 - 'Google Main Right Side' scraper is still running.
03 Apr, 2025 16:58:35 - Last modified time: 419
03 Apr, 2025 16:59:35 - 'Google Main Right Side' scraper is still running.
03 Apr, 2025 16:59:35 - Last modified time: 479
03 Apr, 2025 17:00:35 - 'Google Main Right Side' scraper is still running.
03 Apr, 2025 17:00:35 - Last modified time: 539
03 Apr, 2025 17:01:35 - 'Google Main Right Side' scraper is still running.
03 Apr, 2025 17:01:35 - Last modified time: 599
03 Apr, 2025 17:02:35 - 'Google Main Right Side' scraper is still running.
03 Apr, 2025 17:02:35 - Last modified time: 659
03 Apr, 2025 17:03:35 - 'Google Main Right Side' scraper is still running.
03 Apr, 2025 17:03:35 - Last modified time: 48
03 Apr, 2025 17:04:35 - 'Google Main Right Side' scraper is still running.
03 Apr, 2025 17:04:35 - Last modified time: 108
03 Apr, 2025 17:05:35 - 'Google Main Right Side' scraper is still running.
03 Apr, 2025 17:05:35 - Last modified time: 168
03 Apr, 2025 17:06:36 - 'Google Main Right Side' scraper is still running.
03 Apr, 2025 17:06:36 - Last modified time: 229
03 Apr, 2025 17:07:36 - 'Google Main Right Side' scraper is still running.
03 Apr, 2025 17:07:36 - Last modified time: 289
03 Apr, 2025 17:08:36 - 'Google Main Right Side' scraper is still running.
03 Apr, 2025 17:08:36 - Last modified time: 349
03 Apr, 2025 17:09:36 - 'Google Main Right Side' scraper is still running.
03 Apr, 2025 17:09:36 - Last modified time: 409
03 Apr, 2025 17:10:36 - 'Google Main Right Side' scraper is still running.
03 Apr, 2025 17:10:36 - Last modified time: 469
03 Apr, 2025 17:11:36 - 'Google Main Right Side' scraper is still running.
03 Apr, 2025 17:11:36 - Last modified time: 10
03 Apr, 2025 17:12:36 - 'Google Main Right Side' scraper is still running.
03 Apr, 2025 17:12:36 - Last modified time: 70
03 Apr, 2025 17:13:36 - 'Google Main Right Side' scraper is still running.
03 Apr, 2025 17:13:36 - Last modified time: 130
03 Apr, 2025 17:14:36 - 'Google Main Right Side' scraper is still running.
03 Apr, 2025 17:14:36 - Last modified time: 190
03 Apr, 2025 17:15:36 - 'Google Main Right Side' scraper is still running.
03 Apr, 2025 17:15:36 - Last modified time: 250
03 Apr, 2025 17:16:36 - 'Google Main Right Side' scraper is still running.
03 Apr, 2025 17:16:36 - Last modified time: 310
03 Apr, 2025 17:17:36 - 'Google Main Right Side' scraper is still running.
03 Apr, 2025 17:17:36 - Last modified time: 370
03 Apr, 2025 17:18:36 - 'Google Main Right Side' scraper is not running. Checking if it is stuck...
03 Apr, 2025 17:18:36 - Process finished. Restarting the process...
03 Apr, 2025 17:18:36 - 'Google Main Right Side' scraper started.
03 Apr, 2025 17:19:37 - 'Google Main Right Side' scraper is still running.
03 Apr, 2025 17:19:37 - Last modified time: 2
03 Apr, 2025 17:20:37 - 'Google Main Right Side' scraper is still running.
03 Apr, 2025 17:20:37 - Last modified time: 39
03 Apr, 2025 17:21:37 - 'Google Main Right Side' scraper is still running.
03 Apr, 2025 17:21:37 - Last modified time: 4
03 Apr, 2025 17:22:37 - 'Google Main Right Side' scraper is still running.
03 Apr, 2025 17:22:37 - Last modified time: 1
03 Apr, 2025 17:23:37 - 'Google Main Right Side' scraper is still running.
03 Apr, 2025 17:23:37 - Last modified time: 0
03 Apr, 2025 17:24:37 - 'Google Main Right Side' scraper is still running.
03 Apr, 2025 17:24:37 - Last modified time: 1
03 Apr, 2025 17:25:37 - 'Google Main Right Side' scraper is still running.
03 Apr, 2025 17:25:37 - Last modified time: 2
03 Apr, 2025 17:26:37 - 'Google Main Right Side' scraper is still running.
03 Apr, 2025 17:26:37 - Last modified time: 0
03 Apr, 2025 17:27:37 - 'Google Main Right Side' scraper is still running.
03 Apr, 2025 17:27:37 - Last modified time: 0
03 Apr, 2025 17:28:37 - 'Google Main Right Side' scraper is still running.
03 Apr, 2025 17:28:37 - Last modified time: 1
03 Apr, 2025 17:29:37 - 'Google Main Right Side' scraper is still running.
03 Apr, 2025 17:29:37 - Last modified time: 3
03 Apr, 2025 17:30:37 - 'Google Main Right Side' scraper is still running.
03 Apr, 2025 17:30:37 - Last modified time: 4
03 Apr, 2025 17:31:38 - 'Google Main Right Side' scraper is still running.
03 Apr, 2025 17:31:38 - Last modified time: 1
03 Apr, 2025 17:32:38 - 'Google Main Right Side' scraper is still running.
03 Apr, 2025 17:32:38 - Last modified time: 1
03 Apr, 2025 17:33:38 - 'Google Main Right Side' scraper is still running.
03 Apr, 2025 17:33:38 - Last modified time: 4
03 Apr, 2025 17:34:38 - 'Google Main Right Side' scraper is still running.
03 Apr, 2025 17:34:38 - Last modified time: 1
03 Apr, 2025 17:35:38 - 'Google Main Right Side' scraper is still running.
03 Apr, 2025 17:35:38 - Last modified time: 3
03 Apr, 2025 17:36:38 - 'Google Main Right Side' scraper is still running.
03 Apr, 2025 17:36:38 - Last modified time: 1
03 Apr, 2025 17:37:38 - 'Google Main Right Side' scraper is still running.
03 Apr, 2025 17:37:38 - Last modified time: 53
03 Apr, 2025 17:38:38 - 'Google Main Right Side' scraper is still running.
03 Apr, 2025 17:38:38 - Last modified time: 113
03 Apr, 2025 17:39:38 - 'Google Main Right Side' scraper is still running.
03 Apr, 2025 17:39:38 - Last modified time: 173
03 Apr, 2025 17:40:38 - 'Google Main Right Side' scraper is still running.
03 Apr, 2025 17:40:38 - Last modified time: 233
03 Apr, 2025 17:41:38 - 'Google Main Right Side' scraper is still running.
03 Apr, 2025 17:41:38 - Last modified time: 293
03 Apr, 2025 17:42:38 - 'Google Main Right Side' scraper is still running.
03 Apr, 2025 17:42:38 - Last modified time: 353
03 Apr, 2025 17:43:38 - 'Google Main Right Side' scraper is still running.
03 Apr, 2025 17:43:38 - Last modified time: 413
03 Apr, 2025 17:44:38 - 'Google Main Right Side' scraper is still running.
03 Apr, 2025 17:44:38 - Last modified time: 473
03 Apr, 2025 17:45:38 - 'Google Main Right Side' scraper is still running.
03 Apr, 2025 17:45:38 - Last modified time: 533
03 Apr, 2025 17:46:38 - 'Google Main Right Side' scraper is still running.
03 Apr, 2025 17:46:38 - Last modified time: 593
03 Apr, 2025 17:47:39 - 'Google Main Right Side' scraper is still running.
03 Apr, 2025 17:47:39 - Last modified time: 654
03 Apr, 2025 17:48:39 - 'Google Main Right Side' scraper is still running.
03 Apr, 2025 17:48:39 - Last modified time: 4
03 Apr, 2025 17:49:39 - 'Google Main Right Side' scraper is still running.
03 Apr, 2025 17:49:39 - Last modified time: 64
03 Apr, 2025 17:50:39 - 'Google Main Right Side' scraper is still running.
03 Apr, 2025 17:50:39 - Last modified time: 124
03 Apr, 2025 17:51:39 - 'Google Main Right Side' scraper is still running.
03 Apr, 2025 17:51:39 - Last modified time: 184
03 Apr, 2025 17:52:39 - 'Google Main Right Side' scraper is still running.
03 Apr, 2025 17:52:39 - Last modified time: 54
03 Apr, 2025 17:53:39 - 'Google Main Right Side' scraper is still running.
03 Apr, 2025 17:53:39 - Last modified time: 114
03 Apr, 2025 17:54:39 - 'Google Main Right Side' scraper is still running.
03 Apr, 2025 17:54:39 - Last modified time: 174
03 Apr, 2025 17:55:39 - 'Google Main Right Side' scraper is still running.
03 Apr, 2025 17:55:39 - Last modified time: 234
03 Apr, 2025 17:56:39 - 'Google Main Right Side' scraper is still running.
03 Apr, 2025 17:56:39 - Last modified time: 294
03 Apr, 2025 17:57:39 - 'Google Main Right Side' scraper is still running.
03 Apr, 2025 17:57:39 - Last modified time: 354
03 Apr, 2025 17:58:39 - 'Google Main Right Side' scraper is still running.
03 Apr, 2025 17:58:39 - Last modified time: 414
03 Apr, 2025 17:59:39 - 'Google Main Right Side' scraper is still running.
03 Apr, 2025 17:59:39 - Last modified time: 474
03 Apr, 2025 18:00:39 - 'Google Main Right Side' scraper is still running.
03 Apr, 2025 18:00:39 - Last modified time: 534
03 Apr, 2025 18:01:39 - 'Google Main Right Side' scraper is still running.
03 Apr, 2025 18:01:39 - Last modified time: 19
03 Apr, 2025 18:02:39 - 'Google Main Right Side' scraper is still running.
03 Apr, 2025 18:02:39 - Last modified time: 79
03 Apr, 2025 18:03:39 - 'Google Main Right Side' scraper is still running.
03 Apr, 2025 18:03:39 - Last modified time: 139
03 Apr, 2025 18:04:39 - 'Google Main Right Side' scraper is not running. Checking if it is stuck...
03 Apr, 2025 18:04:39 - Process finished. Restarting the process...
03 Apr, 2025 18:04:39 - 'Google Main Right Side' scraper started.
03 Apr, 2025 18:05:39 - 'Google Main Right Side' scraper is still running.
03 Apr, 2025 18:05:39 - Last modified time: 0
03 Apr, 2025 18:06:39 - 'Google Main Right Side' scraper is still running.
03 Apr, 2025 18:06:39 - Last modified time: 30
03 Apr, 2025 18:07:39 - 'Google Main Right Side' scraper is still running.
03 Apr, 2025 18:07:39 - Last modified time: 0
03 Apr, 2025 18:08:39 - 'Google Main Right Side' scraper is still running.
03 Apr, 2025 18:08:39 - Last modified time: 0
03 Apr, 2025 18:09:39 - 'Google Main Right Side' scraper is still running.
03 Apr, 2025 18:09:39 - Last modified time: 0
03 Apr, 2025 18:10:39 - 'Google Main Right Side' scraper is still running.
03 Apr, 2025 18:10:39 - Last modified time: 0
03 Apr, 2025 18:11:39 - 'Google Main Right Side' scraper is still running.
03 Apr, 2025 18:11:39 - Last modified time: 1
03 Apr, 2025 18:12:39 - 'Google Main Right Side' scraper is still running.
03 Apr, 2025 18:12:39 - Last modified time: 0
03 Apr, 2025 18:13:39 - 'Google Main Right Side' scraper is still running.
03 Apr, 2025 18:13:39 - Last modified time: 0
03 Apr, 2025 18:14:39 - 'Google Main Right Side' scraper is still running.
03 Apr, 2025 18:14:39 - Last modified time: 2
03 Apr, 2025 18:15:39 - 'Google Main Right Side' scraper is still running.
03 Apr, 2025 18:15:39 - Last modified time: 0
03 Apr, 2025 18:16:39 - 'Google Main Right Side' scraper is still running.
03 Apr, 2025 18:16:40 - Last modified time: 2
03 Apr, 2025 18:17:40 - 'Google Main Right Side' scraper is still running.
03 Apr, 2025 18:17:40 - Last modified time: 1
03 Apr, 2025 18:18:40 - 'Google Main Right Side' scraper is still running.
03 Apr, 2025 18:18:40 - Last modified time: 3
03 Apr, 2025 18:19:40 - 'Google Main Right Side' scraper is still running.
03 Apr, 2025 18:19:40 - Last modified time: 4
03 Apr, 2025 18:20:40 - 'Google Main Right Side' scraper is still running.
03 Apr, 2025 18:20:40 - Last modified time: 5
03 Apr, 2025 18:21:40 - 'Google Main Right Side' scraper is still running.
03 Apr, 2025 18:21:40 - Last modified time: 0
03 Apr, 2025 18:22:40 - 'Google Main Right Side' scraper is still running.
03 Apr, 2025 18:22:40 - Last modified time: 1
03 Apr, 2025 18:23:40 - 'Google Main Right Side' scraper is still running.
03 Apr, 2025 18:23:40 - Last modified time: 29
03 Apr, 2025 18:24:40 - 'Google Main Right Side' scraper is still running.
03 Apr, 2025 18:24:40 - Last modified time: 89
03 Apr, 2025 18:25:40 - 'Google Main Right Side' scraper is still running.
03 Apr, 2025 18:25:40 - Last modified time: 149
03 Apr, 2025 18:26:40 - 'Google Main Right Side' scraper is still running.
03 Apr, 2025 18:26:40 - Last modified time: 209
03 Apr, 2025 18:27:40 - 'Google Main Right Side' scraper is still running.
03 Apr, 2025 18:27:40 - Last modified time: 14
03 Apr, 2025 18:28:40 - 'Google Main Right Side' scraper is still running.
03 Apr, 2025 18:28:40 - Last modified time: 74
03 Apr, 2025 18:29:41 - 'Google Main Right Side' scraper is still running.
03 Apr, 2025 18:29:41 - Last modified time: 135
03 Apr, 2025 18:30:41 - 'Google Main Right Side' scraper is still running.
03 Apr, 2025 18:30:41 - Last modified time: 195
03 Apr, 2025 18:31:41 - 'Google Main Right Side' scraper is still running.
03 Apr, 2025 18:31:41 - Last modified time: 255
03 Apr, 2025 18:32:41 - 'Google Main Right Side' scraper is still running.
03 Apr, 2025 18:32:41 - Last modified time: 315
03 Apr, 2025 18:33:41 - 'Google Main Right Side' scraper is still running.
03 Apr, 2025 18:33:41 - Last modified time: 375
03 Apr, 2025 18:34:41 - 'Google Main Right Side' scraper is still running.
03 Apr, 2025 18:34:41 - Last modified time: 435
03 Apr, 2025 18:35:41 - 'Google Main Right Side' scraper is still running.
03 Apr, 2025 18:35:41 - Last modified time: 495
03 Apr, 2025 18:36:41 - 'Google Main Right Side' scraper is still running.
03 Apr, 2025 18:36:41 - Last modified time: 555
03 Apr, 2025 18:37:41 - 'Google Main Right Side' scraper is still running.
03 Apr, 2025 18:37:41 - Last modified time: 615
03 Apr, 2025 18:38:41 - 'Google Main Right Side' scraper is still running.
03 Apr, 2025 18:38:41 - Last modified time: 675
03 Apr, 2025 18:39:41 - 'Google Main Right Side' scraper is still running.
03 Apr, 2025 18:39:41 - Last modified time: 34
03 Apr, 2025 18:40:41 - 'Google Main Right Side' scraper is still running.
03 Apr, 2025 18:40:41 - Last modified time: 94
03 Apr, 2025 18:41:41 - 'Google Main Right Side' scraper is still running.
03 Apr, 2025 18:41:41 - Last modified time: 154
03 Apr, 2025 18:42:41 - 'Google Main Right Side' scraper is still running.
03 Apr, 2025 18:42:41 - Last modified time: 214
03 Apr, 2025 18:43:42 - 'Google Main Right Side' scraper is still running.
03 Apr, 2025 18:43:42 - Last modified time: 275
03 Apr, 2025 18:44:42 - 'Google Main Right Side' scraper is still running.
03 Apr, 2025 18:44:42 - Last modified time: 335
03 Apr, 2025 18:45:42 - 'Google Main Right Side' scraper is still running.
03 Apr, 2025 18:45:42 - Last modified time: 395
03 Apr, 2025 18:46:42 - 'Google Main Right Side' scraper is still running.
03 Apr, 2025 18:46:42 - Last modified time: 455
03 Apr, 2025 18:47:42 - 'Google Main Right Side' scraper is still running.
03 Apr, 2025 18:47:42 - Last modified time: 515
03 Apr, 2025 18:48:42 - 'Google Main Right Side' scraper is still running.
03 Apr, 2025 18:48:42 - Last modified time: 575
03 Apr, 2025 18:49:42 - 'Google Main Right Side' scraper is still running.
03 Apr, 2025 18:49:42 - Last modified time: 635
03 Apr, 2025 18:50:42 - 'Google Main Right Side' scraper is still running.
03 Apr, 2025 18:50:42 - Last modified time: 695
03 Apr, 2025 18:51:42 - 'Google Main Right Side' scraper is still running.
03 Apr, 2025 18:51:42 - Last modified time: 48
03 Apr, 2025 18:52:42 - 'Google Main Right Side' scraper is still running.
03 Apr, 2025 18:52:42 - Last modified time: 108
03 Apr, 2025 18:53:42 - 'Google Main Right Side' scraper is still running.
03 Apr, 2025 18:53:42 - Last modified time: 168
03 Apr, 2025 18:54:42 - 'Google Main Right Side' scraper is still running.
03 Apr, 2025 18:54:42 - Last modified time: 228
03 Apr, 2025 18:55:42 - 'Google Main Right Side' scraper is still running.
03 Apr, 2025 18:55:42 - Last modified time: 288
03 Apr, 2025 18:56:43 - 'Google Main Right Side' scraper is still running.
03 Apr, 2025 18:56:43 - Last modified time: 349
03 Apr, 2025 18:57:43 - 'Google Main Right Side' scraper is still running.
03 Apr, 2025 18:57:43 - Last modified time: 409
03 Apr, 2025 18:58:43 - 'Google Main Right Side' scraper is still running.
03 Apr, 2025 18:58:43 - Last modified time: 469
03 Apr, 2025 18:59:43 - 'Google Main Right Side' scraper is still running.
03 Apr, 2025 18:59:43 - Last modified time: 529
03 Apr, 2025 19:00:43 - 'Google Main Right Side' scraper is still running.
03 Apr, 2025 19:00:43 - Last modified time: 589
03 Apr, 2025 19:01:43 - 'Google Main Right Side' scraper is still running.
03 Apr, 2025 19:01:43 - Last modified time: 649
03 Apr, 2025 19:02:43 - 'Google Main Right Side' scraper is still running.
03 Apr, 2025 19:02:43 - Last modified time: 709
03 Apr, 2025 19:03:43 - 'Google Main Right Side' scraper is still running.
03 Apr, 2025 19:03:43 - Last modified time: 769
03 Apr, 2025 19:04:43 - 'Google Main Right Side' scraper is still running.
03 Apr, 2025 19:04:43 - Last modified time: 829
03 Apr, 2025 19:05:43 - 'Google Main Right Side' scraper is still running.
03 Apr, 2025 19:05:43 - Last modified time: 889
03 Apr, 2025 19:06:43 - 'Google Main Right Side' scraper is still running.
03 Apr, 2025 19:06:43 - Last modified time: 949
03 Apr, 2025 19:07:43 - 'Google Main Right Side' scraper is still running.
03 Apr, 2025 19:07:43 - Last modified time: 1009
03 Apr, 2025 19:08:43 - 'Google Main Right Side' scraper is still running.
03 Apr, 2025 19:08:43 - Last modified time: 1069
03 Apr, 2025 19:09:43 - 'Google Main Right Side' scraper is still running.
03 Apr, 2025 19:09:43 - Last modified time: 1129
03 Apr, 2025 19:10:43 - 'Google Main Right Side' scraper is still running.
03 Apr, 2025 19:10:43 - Last modified time: 1189
03 Apr, 2025 19:11:43 - 'Google Main Right Side' scraper is still running.
03 Apr, 2025 19:11:43 - Last modified time: 1249
03 Apr, 2025 19:12:43 - 'Google Main Right Side' scraper is still running.
03 Apr, 2025 19:12:43 - Last modified time: 1309
03 Apr, 2025 19:13:43 - 'Google Main Right Side' scraper is not running. Checking if it is stuck...
03 Apr, 2025 19:13:43 - Process finished. Restarting the process...
03 Apr, 2025 19:13:43 - 'Google Main Right Side' scraper started.
03 Apr, 2025 19:14:43 - 'Google Main Right Side' scraper is still running.
03 Apr, 2025 19:14:43 - Last modified time: 2
03 Apr, 2025 19:15:43 - 'Google Main Right Side' scraper is still running.
03 Apr, 2025 19:15:43 - Last modified time: 30
03 Apr, 2025 19:16:43 - 'Google Main Right Side' scraper is still running.
03 Apr, 2025 19:16:43 - Last modified time: 49
03 Apr, 2025 19:17:43 - 'Google Main Right Side' scraper is still running.
03 Apr, 2025 19:17:43 - Last modified time: 0
03 Apr, 2025 19:18:43 - 'Google Main Right Side' scraper is still running.
03 Apr, 2025 19:18:43 - Last modified time: 0
03 Apr, 2025 19:19:43 - 'Google Main Right Side' scraper is still running.
03 Apr, 2025 19:19:43 - Last modified time: 2
03 Apr, 2025 19:20:43 - 'Google Main Right Side' scraper is still running.
03 Apr, 2025 19:20:43 - Last modified time: 4
03 Apr, 2025 19:21:43 - 'Google Main Right Side' scraper is still running.
03 Apr, 2025 19:21:43 - Last modified time: 1
03 Apr, 2025 19:22:43 - 'Google Main Right Side' scraper is still running.
03 Apr, 2025 19:22:43 - Last modified time: 0
03 Apr, 2025 19:23:43 - 'Google Main Right Side' scraper is still running.
03 Apr, 2025 19:23:43 - Last modified time: 2
03 Apr, 2025 19:24:43 - 'Google Main Right Side' scraper is still running.
03 Apr, 2025 19:24:43 - Last modified time: 5
03 Apr, 2025 19:25:44 - 'Google Main Right Side' scraper is still running.
03 Apr, 2025 19:25:44 - Last modified time: 1
03 Apr, 2025 19:26:44 - 'Google Main Right Side' scraper is still running.
03 Apr, 2025 19:26:44 - Last modified time: 2
03 Apr, 2025 19:27:44 - 'Google Main Right Side' scraper is still running.
03 Apr, 2025 19:27:44 - Last modified time: 4
03 Apr, 2025 19:28:44 - 'Google Main Right Side' scraper is still running.
03 Apr, 2025 19:28:44 - Last modified time: 5
03 Apr, 2025 19:29:44 - 'Google Main Right Side' scraper is still running.
03 Apr, 2025 19:29:44 - Last modified time: 1
03 Apr, 2025 19:30:44 - 'Google Main Right Side' scraper is still running.
03 Apr, 2025 19:30:44 - Last modified time: 1
03 Apr, 2025 19:31:44 - 'Google Main Right Side' scraper is still running.
03 Apr, 2025 19:31:44 - Last modified time: 3
03 Apr, 2025 19:32:44 - 'Google Main Right Side' scraper is still running.
03 Apr, 2025 19:32:44 - Last modified time: 57
03 Apr, 2025 19:33:44 - 'Google Main Right Side' scraper is still running.
03 Apr, 2025 19:33:44 - Last modified time: 117
03 Apr, 2025 19:34:45 - 'Google Main Right Side' scraper is still running.
03 Apr, 2025 19:34:45 - Last modified time: 178
03 Apr, 2025 19:35:45 - 'Google Main Right Side' scraper is still running.
03 Apr, 2025 19:35:45 - Last modified time: 238
03 Apr, 2025 19:36:45 - 'Google Main Right Side' scraper is still running.
03 Apr, 2025 19:36:45 - Last modified time: 298
03 Apr, 2025 19:37:45 - 'Google Main Right Side' scraper is still running.
03 Apr, 2025 19:37:45 - Last modified time: 358
03 Apr, 2025 19:38:45 - 'Google Main Right Side' scraper is still running.
03 Apr, 2025 19:38:45 - Last modified time: 418
03 Apr, 2025 19:39:45 - 'Google Main Right Side' scraper is still running.
03 Apr, 2025 19:39:45 - Last modified time: 478
03 Apr, 2025 19:40:45 - 'Google Main Right Side' scraper is still running.
03 Apr, 2025 19:40:45 - Last modified time: 54
03 Apr, 2025 19:41:45 - 'Google Main Right Side' scraper is still running.
03 Apr, 2025 19:41:45 - Last modified time: 39
03 Apr, 2025 19:42:45 - 'Google Main Right Side' scraper is still running.
03 Apr, 2025 19:42:45 - Last modified time: 99
03 Apr, 2025 19:43:45 - 'Google Main Right Side' scraper is still running.
03 Apr, 2025 19:43:45 - Last modified time: 159
03 Apr, 2025 19:44:45 - 'Google Main Right Side' scraper is still running.
03 Apr, 2025 19:44:45 - Last modified time: 219
03 Apr, 2025 19:45:45 - 'Google Main Right Side' scraper is still running.
03 Apr, 2025 19:45:45 - Last modified time: 279
03 Apr, 2025 19:46:45 - 'Google Main Right Side' scraper is still running.
03 Apr, 2025 19:46:45 - Last modified time: 339
03 Apr, 2025 19:47:46 - 'Google Main Right Side' scraper is still running.
03 Apr, 2025 19:47:46 - Last modified time: 400
03 Apr, 2025 19:48:47 - 'Google Main Right Side' scraper is still running.
03 Apr, 2025 19:48:47 - Last modified time: 461
03 Apr, 2025 19:49:48 - 'Google Main Right Side' scraper is still running.
03 Apr, 2025 19:49:48 - Last modified time: 522
03 Apr, 2025 19:50:49 - 'Google Main Right Side' scraper is still running.
03 Apr, 2025 19:50:49 - Last modified time: 583
03 Apr, 2025 19:51:49 - 'Google Main Right Side' scraper is still running.
03 Apr, 2025 19:51:49 - Last modified time: 643
03 Apr, 2025 19:52:50 - 'Google Main Right Side' scraper is still running.
03 Apr, 2025 19:52:50 - Last modified time: 704
03 Apr, 2025 19:53:51 - 'Google Main Right Side' scraper is still running.
03 Apr, 2025 19:53:51 - Last modified time: 765
03 Apr, 2025 19:54:52 - 'Google Main Right Side' scraper is still running.
03 Apr, 2025 19:54:52 - Last modified time: 826
03 Apr, 2025 19:55:53 - 'Google Main Right Side' scraper is still running.
03 Apr, 2025 19:55:53 - Last modified time: 887
03 Apr, 2025 19:56:54 - 'Google Main Right Side' scraper is still running.
03 Apr, 2025 19:56:54 - Last modified time: 948
03 Apr, 2025 19:57:55 - 'Google Main Right Side' scraper is still running.
03 Apr, 2025 19:57:55 - Last modified time: 27
03 Apr, 2025 19:58:56 - 'Google Main Right Side' scraper is still running.
03 Apr, 2025 19:58:56 - Last modified time: 88
03 Apr, 2025 19:59:57 - 'Google Main Right Side' scraper is still running.
03 Apr, 2025 19:59:57 - Last modified time: 149
03 Apr, 2025 20:00:58 - 'Google Main Right Side' scraper is still running.
03 Apr, 2025 20:00:58 - Last modified time: 18
03 Apr, 2025 20:01:58 - 'Google Main Right Side' scraper is still running.
03 Apr, 2025 20:01:58 - Last modified time: 78
03 Apr, 2025 20:02:59 - 'Google Main Right Side' scraper is still running.
03 Apr, 2025 20:02:59 - Last modified time: 139
03 Apr, 2025 20:04:00 - 'Google Main Right Side' scraper is still running.
03 Apr, 2025 20:04:00 - Last modified time: 200
03 Apr, 2025 20:05:01 - 'Google Main Right Side' scraper is still running.
03 Apr, 2025 20:05:01 - Last modified time: 261
03 Apr, 2025 20:06:02 - 'Google Main Right Side' scraper is still running.
03 Apr, 2025 20:06:02 - Last modified time: 322
03 Apr, 2025 20:07:03 - 'Google Main Right Side' scraper is still running.
03 Apr, 2025 20:07:03 - Last modified time: 383
03 Apr, 2025 20:08:05 - 'Google Main Right Side' scraper is still running.
03 Apr, 2025 20:08:05 - Last modified time: 445
03 Apr, 2025 20:09:05 - 'Google Main Right Side' scraper is still running.
03 Apr, 2025 20:09:05 - Last modified time: 505
03 Apr, 2025 20:10:06 - 'Google Main Right Side' scraper is still running.
03 Apr, 2025 20:10:06 - Last modified time: 566
03 Apr, 2025 20:11:07 - 'Google Main Right Side' scraper is still running.
03 Apr, 2025 20:11:07 - Last modified time: 627
03 Apr, 2025 20:12:08 - 'Google Main Right Side' scraper is still running.
03 Apr, 2025 20:12:08 - Last modified time: 688
03 Apr, 2025 20:13:09 - 'Google Main Right Side' scraper is still running.
03 Apr, 2025 20:13:09 - Last modified time: 749
03 Apr, 2025 20:14:11 - 'Google Main Right Side' scraper is still running.
03 Apr, 2025 20:14:11 - Last modified time: 811
03 Apr, 2025 20:15:11 - 'Google Main Right Side' scraper is still running.
03 Apr, 2025 20:15:11 - Last modified time: 871
03 Apr, 2025 20:16:12 - 'Google Main Right Side' scraper is still running.
03 Apr, 2025 20:16:12 - Last modified time: 932
03 Apr, 2025 20:17:13 - 'Google Main Right Side' scraper is still running.
03 Apr, 2025 20:17:13 - Last modified time: 993
03 Apr, 2025 20:18:15 - 'Google Main Right Side' scraper is still running.
03 Apr, 2025 20:18:15 - Last modified time: 1055
03 Apr, 2025 20:19:16 - 'Google Main Right Side' scraper is still running.
03 Apr, 2025 20:19:16 - Last modified time: 1116
03 Apr, 2025 20:20:17 - 'Google Main Right Side' scraper is still running.
03 Apr, 2025 20:20:17 - Last modified time: 1177
03 Apr, 2025 20:21:18 - 'Google Main Right Side' scraper is still running.
03 Apr, 2025 20:21:18 - Last modified time: 1238
03 Apr, 2025 20:22:19 - 'Google Main Right Side' scraper is still running.
03 Apr, 2025 20:22:19 - Last modified time: 1299
03 Apr, 2025 20:23:20 - 'Google Main Right Side' scraper is still running.
03 Apr, 2025 20:23:20 - Last modified time: 1360
03 Apr, 2025 20:24:21 - 'Google Main Right Side' scraper is still running.
03 Apr, 2025 20:24:21 - Last modified time: 1421
03 Apr, 2025 20:25:22 - 'Google Main Right Side' scraper is still running.
03 Apr, 2025 20:25:22 - Last modified time: 1482
03 Apr, 2025 20:26:24 - 'Google Main Right Side' scraper is still running.
03 Apr, 2025 20:26:24 - Last modified time: 1544
03 Apr, 2025 20:27:25 - 'Google Main Right Side' scraper is still running.
03 Apr, 2025 20:27:25 - Last modified time: 1605
03 Apr, 2025 20:28:25 - 'Google Main Right Side' scraper is still running.
03 Apr, 2025 20:28:25 - Last modified time: 1665
03 Apr, 2025 20:29:27 - 'Google Main Right Side' scraper is still running.
03 Apr, 2025 20:29:27 - Last modified time: 1727
03 Apr, 2025 20:30:28 - 'Google Main Right Side' scraper is still running.
03 Apr, 2025 20:30:28 - Last modified time: 1788
03 Apr, 2025 20:31:29 - 'Google Main Right Side' scraper is still running.
03 Apr, 2025 20:31:29 - Last modified time: 1849
03 Apr, 2025 20:31:29 - Log files hasn't been updated in the last 30 minutes. Deleting log directory and rebooting the server...
03 Apr, 2025 20:31:29 - Deleting log directory...
03 Apr, 2025 20:31:29 - Restarting the script: Killing all running processes and relaunching...
03 Apr, 2025 20:31:34 - 'Google Main Right Side' scraper is not running. Starting...
03 Apr, 2025 20:31:34 - 'Google Main Right Side' scraper started.
03 Apr, 2025 20:34:38 - 'Google Main Right Side' scraper is still running.
03 Apr, 2025 20:34:38 - Last modified time: 0
03 Apr, 2025 20:35:39 - 'Google Main Right Side' scraper is still running.
03 Apr, 2025 20:35:39 - Last modified time: 1
03 Apr, 2025 20:36:40 - 'Google Main Right Side' scraper is still running.
03 Apr, 2025 20:36:40 - Last modified time: 3
03 Apr, 2025 20:37:41 - 'Google Main Right Side' scraper is still running.
03 Apr, 2025 20:37:41 - Last modified time: 6
03 Apr, 2025 20:38:43 - 'Google Main Right Side' scraper is still running.
03 Apr, 2025 20:38:43 - Last modified time: 25
03 Apr, 2025 20:39:44 - 'Google Main Right Side' scraper is still running.
03 Apr, 2025 20:39:44 - Last modified time: 86
03 Apr, 2025 20:40:45 - 'Google Main Right Side' scraper is still running.
03 Apr, 2025 20:40:45 - Last modified time: 147
03 Apr, 2025 20:41:47 - 'Google Main Right Side' scraper is still running.
03 Apr, 2025 20:41:47 - Last modified time: 209
03 Apr, 2025 20:42:47 - 'Google Main Right Side' scraper is still running.
03 Apr, 2025 20:42:47 - Last modified time: 49
03 Apr, 2025 20:43:49 - 'Google Main Right Side' scraper is still running.
03 Apr, 2025 20:43:49 - Last modified time: 111
03 Apr, 2025 20:44:50 - 'Google Main Right Side' scraper is still running.
03 Apr, 2025 20:44:50 - Last modified time: 172
03 Apr, 2025 20:45:52 - 'Google Main Right Side' scraper is still running.
03 Apr, 2025 20:45:52 - Last modified time: 234
03 Apr, 2025 20:46:52 - 'Google Main Right Side' scraper is still running.
03 Apr, 2025 20:46:52 - Last modified time: 294
03 Apr, 2025 20:47:53 - 'Google Main Right Side' scraper is still running.
03 Apr, 2025 20:47:53 - Last modified time: 355
03 Apr, 2025 20:48:55 - 'Google Main Right Side' scraper is still running.
03 Apr, 2025 20:48:55 - Last modified time: 417
03 Apr, 2025 20:49:56 - 'Google Main Right Side' scraper is still running.
03 Apr, 2025 20:49:56 - Last modified time: 478
03 Apr, 2025 20:50:57 - 'Google Main Right Side' scraper is still running.
03 Apr, 2025 20:50:57 - Last modified time: 539
03 Apr, 2025 20:51:59 - 'Google Main Right Side' scraper is still running.
03 Apr, 2025 20:51:59 - Last modified time: 601
03 Apr, 2025 20:52:59 - 'Google Main Right Side' scraper is still running.
03 Apr, 2025 20:52:59 - Last modified time: 661
03 Apr, 2025 20:54:01 - 'Google Main Right Side' scraper is still running.
03 Apr, 2025 20:54:01 - Last modified time: 723
03 Apr, 2025 20:55:02 - 'Google Main Right Side' scraper is still running.
03 Apr, 2025 20:55:02 - Last modified time: 14
03 Apr, 2025 20:56:03 - 'Google Main Right Side' scraper is still running.
03 Apr, 2025 20:56:03 - Last modified time: 75
03 Apr, 2025 20:57:04 - 'Google Main Right Side' scraper is still running.
03 Apr, 2025 20:57:04 - Last modified time: 136
03 Apr, 2025 20:58:06 - 'Google Main Right Side' scraper is still running.
03 Apr, 2025 20:58:06 - Last modified time: 198
03 Apr, 2025 20:59:07 - 'Google Main Right Side' scraper is still running.
03 Apr, 2025 20:59:07 - Last modified time: 259
03 Apr, 2025 21:00:07 - 'Google Main Right Side' scraper is still running.
03 Apr, 2025 21:00:07 - Last modified time: 319
03 Apr, 2025 21:01:08 - 'Google Main Right Side' scraper is still running.
03 Apr, 2025 21:01:08 - Last modified time: 380
03 Apr, 2025 21:02:10 - 'Google Main Right Side' scraper is not running. Checking if it is stuck...
03 Apr, 2025 21:02:10 - Process finished. Restarting the process...
03 Apr, 2025 21:02:10 - 'Google Main Right Side' scraper started.
03 Apr, 2025 21:03:11 - 'Google Main Right Side' scraper is still running.
03 Apr, 2025 21:03:11 - Last modified time: 1
03 Apr, 2025 21:04:12 - 'Google Main Right Side' scraper is still running.
03 Apr, 2025 21:04:12 - Last modified time: 13
03 Apr, 2025 21:05:13 - 'Google Main Right Side' scraper is still running.
03 Apr, 2025 21:05:13 - Last modified time: 1
03 Apr, 2025 21:06:14 - 'Google Main Right Side' scraper is still running.
03 Apr, 2025 21:06:14 - Last modified time: 0
03 Apr, 2025 21:07:15 - 'Google Main Right Side' scraper is still running.
03 Apr, 2025 21:07:15 - Last modified time: 0
03 Apr, 2025 21:08:16 - 'Google Main Right Side' scraper is still running.
03 Apr, 2025 21:08:16 - Last modified time: 0
03 Apr, 2025 21:09:17 - 'Google Main Right Side' scraper is still running.
03 Apr, 2025 21:09:17 - Last modified time: 1
03 Apr, 2025 21:10:18 - 'Google Main Right Side' scraper is still running.
03 Apr, 2025 21:10:18 - Last modified time: 4
03 Apr, 2025 21:11:20 - 'Google Main Right Side' scraper is still running.
03 Apr, 2025 21:11:20 - Last modified time: 1
03 Apr, 2025 21:12:21 - 'Google Main Right Side' scraper is still running.
03 Apr, 2025 21:12:21 - Last modified time: 3
03 Apr, 2025 21:13:22 - 'Google Main Right Side' scraper is still running.
03 Apr, 2025 21:13:22 - Last modified time: 6
03 Apr, 2025 21:14:23 - 'Google Main Right Side' scraper is still running.
03 Apr, 2025 21:14:23 - Last modified time: 0
03 Apr, 2025 21:15:24 - 'Google Main Right Side' scraper is still running.
03 Apr, 2025 21:15:24 - Last modified time: 3
03 Apr, 2025 21:16:25 - 'Google Main Right Side' scraper is still running.
03 Apr, 2025 21:16:25 - Last modified time: 5
03 Apr, 2025 21:17:27 - 'Google Main Right Side' scraper is still running.
03 Apr, 2025 21:17:27 - Last modified time: 1
03 Apr, 2025 21:18:28 - 'Google Main Right Side' scraper is still running.
03 Apr, 2025 21:18:28 - Last modified time: 4
03 Apr, 2025 21:19:29 - 'Google Main Right Side' scraper is still running.
03 Apr, 2025 21:19:29 - Last modified time: 6
03 Apr, 2025 21:20:30 - 'Google Main Right Side' scraper is still running.
03 Apr, 2025 21:20:30 - Last modified time: 1
03 Apr, 2025 21:21:31 - 'Google Main Right Side' scraper is still running.
03 Apr, 2025 21:21:31 - Last modified time: 45
03 Apr, 2025 21:22:33 - 'Google Main Right Side' scraper is still running.
03 Apr, 2025 21:22:33 - Last modified time: 107
03 Apr, 2025 21:23:34 - 'Google Main Right Side' scraper is still running.
03 Apr, 2025 21:23:34 - Last modified time: 43
03 Apr, 2025 21:24:35 - 'Google Main Right Side' scraper is still running.
03 Apr, 2025 21:24:35 - Last modified time: 104
03 Apr, 2025 21:25:37 - 'Google Main Right Side' scraper is still running.
03 Apr, 2025 21:25:37 - Last modified time: 166
03 Apr, 2025 21:26:37 - 'Google Main Right Side' scraper is still running.
03 Apr, 2025 21:26:37 - Last modified time: 226
03 Apr, 2025 21:27:39 - 'Google Main Right Side' scraper is still running.
03 Apr, 2025 21:27:39 - Last modified time: 288
03 Apr, 2025 21:28:40 - 'Google Main Right Side' scraper is still running.
03 Apr, 2025 21:28:40 - Last modified time: 349
03 Apr, 2025 21:29:41 - 'Google Main Right Side' scraper is still running.
03 Apr, 2025 21:29:41 - Last modified time: 410
03 Apr, 2025 21:30:43 - 'Google Main Right Side' scraper is still running.
03 Apr, 2025 21:30:43 - Last modified time: 472
03 Apr, 2025 21:31:44 - 'Google Main Right Side' scraper is still running.
03 Apr, 2025 21:31:44 - Last modified time: 533
03 Apr, 2025 21:32:45 - 'Google Main Right Side' scraper is still running.
03 Apr, 2025 21:32:45 - Last modified time: 594
03 Apr, 2025 21:33:46 - 'Google Main Right Side' scraper is still running.
03 Apr, 2025 21:33:46 - Last modified time: 655
03 Apr, 2025 21:34:47 - 'Google Main Right Side' scraper is still running.
03 Apr, 2025 21:34:48 - Last modified time: 716
03 Apr, 2025 21:35:49 - 'Google Main Right Side' scraper is still running.
03 Apr, 2025 21:35:49 - Last modified time: 778
03 Apr, 2025 21:36:50 - 'Google Main Right Side' scraper is still running.
03 Apr, 2025 21:36:50 - Last modified time: 839
03 Apr, 2025 21:37:51 - 'Google Main Right Side' scraper is still running.
03 Apr, 2025 21:37:52 - Last modified time: 900
03 Apr, 2025 21:38:53 - 'Google Main Right Side' scraper is still running.
03 Apr, 2025 21:38:53 - Last modified time: 962
03 Apr, 2025 21:39:53 - 'Google Main Right Side' scraper is still running.
03 Apr, 2025 21:39:54 - Last modified time: 1022
03 Apr, 2025 21:40:55 - 'Google Main Right Side' scraper is still running.
03 Apr, 2025 21:40:55 - Last modified time: 1084
03 Apr, 2025 21:41:56 - 'Google Main Right Side' scraper is still running.
03 Apr, 2025 21:41:56 - Last modified time: 1145
03 Apr, 2025 21:42:57 - 'Google Main Right Side' scraper is still running.
03 Apr, 2025 21:42:57 - Last modified time: 1206
03 Apr, 2025 21:43:59 - 'Google Main Right Side' scraper is still running.
03 Apr, 2025 21:43:59 - Last modified time: 1268
03 Apr, 2025 21:45:00 - 'Google Main Right Side' scraper is still running.
03 Apr, 2025 21:45:00 - Last modified time: 1329
03 Apr, 2025 21:46:01 - 'Google Main Right Side' scraper is still running.
03 Apr, 2025 21:46:01 - Last modified time: 1390
03 Apr, 2025 21:47:02 - 'Google Main Right Side' scraper is still running.
03 Apr, 2025 21:47:02 - Last modified time: 1451
03 Apr, 2025 21:48:03 - 'Google Main Right Side' scraper is still running.
03 Apr, 2025 21:48:03 - Last modified time: 1512
03 Apr, 2025 21:49:04 - 'Google Main Right Side' scraper is still running.
03 Apr, 2025 21:49:04 - Last modified time: 1573
03 Apr, 2025 21:50:06 - 'Google Main Right Side' scraper is still running.
03 Apr, 2025 21:50:06 - Last modified time: 1635
03 Apr, 2025 21:51:07 - 'Google Main Right Side' scraper is still running.
03 Apr, 2025 21:51:07 - Last modified time: 1696
03 Apr, 2025 21:52:08 - 'Google Main Right Side' scraper is still running.
03 Apr, 2025 21:52:08 - Last modified time: 1757
03 Apr, 2025 21:53:08 - 'Google Main Right Side' scraper is still running.
03 Apr, 2025 21:53:08 - Last modified time: 1817
03 Apr, 2025 21:53:08 - Log files hasn't been updated in the last 30 minutes. Deleting log directory and rebooting the server...
03 Apr, 2025 21:53:08 - Deleting log directory...
03 Apr, 2025 21:53:08 - Restarting the script: Killing all running processes and relaunching...
03 Apr, 2025 21:53:14 - 'Google Main Right Side' scraper is not running. Starting...
03 Apr, 2025 21:53:14 - 'Google Main Right Side' scraper started.
03 Apr, 2025 21:56:16 - 'Google Main Right Side' scraper is still running.
03 Apr, 2025 21:56:16 - Last modified time: 1
03 Apr, 2025 21:57:17 - 'Google Main Right Side' scraper is still running.
03 Apr, 2025 21:57:17 - Last modified time: 0
03 Apr, 2025 21:58:18 - 'Google Main Right Side' scraper is still running.
03 Apr, 2025 21:58:18 - Last modified time: 1
03 Apr, 2025 21:59:19 - 'Google Main Right Side' scraper is still running.
03 Apr, 2025 21:59:19 - Last modified time: 2
03 Apr, 2025 22:00:20 - 'Google Main Right Side' scraper is still running.
03 Apr, 2025 22:00:20 - Last modified time: 2
03 Apr, 2025 22:01:21 - 'Google Main Right Side' scraper is still running.
03 Apr, 2025 22:01:21 - Last modified time: 4
03 Apr, 2025 22:02:22 - 'Google Main Right Side' scraper is still running.
03 Apr, 2025 22:02:22 - Last modified time: 0
03 Apr, 2025 22:03:23 - 'Google Main Right Side' scraper is still running.
03 Apr, 2025 22:03:23 - Last modified time: 2
03 Apr, 2025 22:04:24 - 'Google Main Right Side' scraper is still running.
03 Apr, 2025 22:04:24 - Last modified time: 5
03 Apr, 2025 22:05:24 - 'Google Main Right Side' scraper is still running.
03 Apr, 2025 22:05:24 - Last modified time: 0
03 Apr, 2025 22:06:24 - 'Google Main Right Side' scraper is still running.
03 Apr, 2025 22:06:24 - Last modified time: 0
03 Apr, 2025 22:07:25 - 'Google Main Right Side' scraper is still running.
03 Apr, 2025 22:07:25 - Last modified time: 2
03 Apr, 2025 22:08:25 - 'Google Main Right Side' scraper is still running.
03 Apr, 2025 22:08:25 - Last modified time: 5
03 Apr, 2025 22:09:25 - 'Google Main Right Side' scraper is still running.
03 Apr, 2025 22:09:26 - Last modified time: 7
03 Apr, 2025 22:10:26 - 'Google Main Right Side' scraper is still running.
03 Apr, 2025 22:10:26 - Last modified time: 1
03 Apr, 2025 22:11:26 - 'Google Main Right Side' scraper is still running.
03 Apr, 2025 22:11:26 - Last modified time: 0
03 Apr, 2025 22:12:26 - 'Google Main Right Side' scraper is still running.
03 Apr, 2025 22:12:26 - Last modified time: 32
03 Apr, 2025 22:13:27 - 'Google Main Right Side' scraper is still running.
03 Apr, 2025 22:13:27 - Last modified time: 93
03 Apr, 2025 22:14:28 - 'Google Main Right Side' scraper is still running.
03 Apr, 2025 22:14:28 - Last modified time: 154
03 Apr, 2025 22:15:29 - 'Google Main Right Side' scraper is still running.
03 Apr, 2025 22:15:29 - Last modified time: 215
03 Apr, 2025 22:16:30 - 'Google Main Right Side' scraper is still running.
03 Apr, 2025 22:16:30 - Last modified time: 18
03 Apr, 2025 22:17:31 - 'Google Main Right Side' scraper is still running.
03 Apr, 2025 22:17:31 - Last modified time: 79
03 Apr, 2025 22:18:32 - 'Google Main Right Side' scraper is still running.
03 Apr, 2025 22:18:32 - Last modified time: 140
03 Apr, 2025 22:19:33 - 'Google Main Right Side' scraper is still running.
03 Apr, 2025 22:19:33 - Last modified time: 201
03 Apr, 2025 22:20:34 - 'Google Main Right Side' scraper is still running.
03 Apr, 2025 22:20:34 - Last modified time: 262
03 Apr, 2025 22:21:35 - 'Google Main Right Side' scraper is still running.
03 Apr, 2025 22:21:35 - Last modified time: 323
03 Apr, 2025 22:22:36 - 'Google Main Right Side' scraper is still running.
03 Apr, 2025 22:22:36 - Last modified time: 384
03 Apr, 2025 22:23:37 - 'Google Main Right Side' scraper is still running.
03 Apr, 2025 22:23:37 - Last modified time: 445
03 Apr, 2025 22:24:38 - 'Google Main Right Side' scraper is still running.
03 Apr, 2025 22:24:38 - Last modified time: 506
03 Apr, 2025 22:25:39 - 'Google Main Right Side' scraper is still running.
03 Apr, 2025 22:25:39 - Last modified time: 567
03 Apr, 2025 22:26:40 - 'Google Main Right Side' scraper is still running.
03 Apr, 2025 22:26:40 - Last modified time: 628
03 Apr, 2025 22:27:41 - 'Google Main Right Side' scraper is still running.
03 Apr, 2025 22:27:41 - Last modified time: 689
03 Apr, 2025 22:28:43 - 'Google Main Right Side' scraper is still running.
03 Apr, 2025 22:28:43 - Last modified time: 3
03 Apr, 2025 22:29:44 - 'Google Main Right Side' scraper is still running.
03 Apr, 2025 22:29:44 - Last modified time: 64
03 Apr, 2025 22:30:45 - 'Google Main Right Side' scraper is still running.
03 Apr, 2025 22:30:45 - Last modified time: 125
03 Apr, 2025 22:31:46 - 'Google Main Right Side' scraper is still running.
03 Apr, 2025 22:31:46 - Last modified time: 186
03 Apr, 2025 22:32:46 - 'Google Main Right Side' scraper is still running.
03 Apr, 2025 22:32:46 - Last modified time: 246
03 Apr, 2025 22:33:47 - 'Google Main Right Side' scraper is still running.
03 Apr, 2025 22:33:47 - Last modified time: 307
03 Apr, 2025 22:34:48 - 'Google Main Right Side' scraper is still running.
03 Apr, 2025 22:34:48 - Last modified time: 368
03 Apr, 2025 22:35:49 - 'Google Main Right Side' scraper is still running.
03 Apr, 2025 22:35:49 - Last modified time: 429
03 Apr, 2025 22:36:50 - 'Google Main Right Side' scraper is still running.
03 Apr, 2025 22:36:50 - Last modified time: 490
03 Apr, 2025 22:37:51 - 'Google Main Right Side' scraper is still running.
03 Apr, 2025 22:37:51 - Last modified time: 551
03 Apr, 2025 22:38:52 - 'Google Main Right Side' scraper is still running.
03 Apr, 2025 22:38:52 - Last modified time: 612
03 Apr, 2025 22:39:53 - 'Google Main Right Side' scraper is still running.
03 Apr, 2025 22:39:53 - Last modified time: 673
03 Apr, 2025 22:40:54 - 'Google Main Right Side' scraper is still running.
03 Apr, 2025 22:40:54 - Last modified time: 734
03 Apr, 2025 22:41:55 - 'Google Main Right Side' scraper is still running.
03 Apr, 2025 22:41:55 - Last modified time: 795
03 Apr, 2025 22:42:57 - 'Google Main Right Side' scraper is still running.
03 Apr, 2025 22:42:57 - Last modified time: 857
03 Apr, 2025 22:43:58 - 'Google Main Right Side' scraper is still running.
03 Apr, 2025 22:43:58 - Last modified time: 918
03 Apr, 2025 22:44:59 - 'Google Main Right Side' scraper is still running.
03 Apr, 2025 22:44:59 - Last modified time: 979
03 Apr, 2025 22:45:59 - 'Google Main Right Side' scraper is still running.
03 Apr, 2025 22:45:59 - Last modified time: 1039
03 Apr, 2025 22:47:01 - 'Google Main Right Side' scraper is still running.
03 Apr, 2025 22:47:01 - Last modified time: 1101
03 Apr, 2025 22:48:02 - 'Google Main Right Side' scraper is still running.
03 Apr, 2025 22:48:02 - Last modified time: 1162
03 Apr, 2025 22:49:03 - 'Google Main Right Side' scraper is still running.
03 Apr, 2025 22:49:03 - Last modified time: 1223
03 Apr, 2025 22:50:04 - 'Google Main Right Side' scraper is still running.
03 Apr, 2025 22:50:04 - Last modified time: 1284
03 Apr, 2025 22:51:05 - 'Google Main Right Side' scraper is still running.
03 Apr, 2025 22:51:05 - Last modified time: 48
03 Apr, 2025 22:52:06 - 'Google Main Right Side' scraper is still running.
03 Apr, 2025 22:52:06 - Last modified time: 109
03 Apr, 2025 22:53:07 - 'Google Main Right Side' scraper is still running.
03 Apr, 2025 22:53:07 - Last modified time: 170
03 Apr, 2025 22:54:09 - 'Google Main Right Side' scraper is still running.
03 Apr, 2025 22:54:09 - Last modified time: 232
03 Apr, 2025 22:55:10 - 'Google Main Right Side' scraper is still running.
03 Apr, 2025 22:55:10 - Last modified time: 293
03 Apr, 2025 22:56:12 - 'Google Main Right Side' scraper is still running.
03 Apr, 2025 22:56:12 - Last modified time: 355
03 Apr, 2025 22:57:13 - 'Google Main Right Side' scraper is still running.
03 Apr, 2025 22:57:13 - Last modified time: 416
03 Apr, 2025 22:58:14 - 'Google Main Right Side' scraper is still running.
03 Apr, 2025 22:58:14 - Last modified time: 477
03 Apr, 2025 22:59:15 - 'Google Main Right Side' scraper is still running.
03 Apr, 2025 22:59:15 - Last modified time: 538
03 Apr, 2025 23:00:17 - 'Google Main Right Side' scraper is still running.
03 Apr, 2025 23:00:17 - Last modified time: 600
03 Apr, 2025 23:01:18 - 'Google Main Right Side' scraper is still running.
03 Apr, 2025 23:01:18 - Last modified time: 661
03 Apr, 2025 23:02:19 - 'Google Main Right Side' scraper is not running. Checking if it is stuck...
03 Apr, 2025 23:02:19 - Process finished. Restarting the process...
03 Apr, 2025 23:02:19 - 'Google Main Right Side' scraper started.
03 Apr, 2025 23:03:21 - 'Google Main Right Side' scraper is still running.
03 Apr, 2025 23:03:21 - Last modified time: 2
03 Apr, 2025 23:04:22 - 'Google Main Right Side' scraper is still running.
03 Apr, 2025 23:04:22 - Last modified time: 2
03 Apr, 2025 23:05:23 - 'Google Main Right Side' scraper is still running.
03 Apr, 2025 23:05:23 - Last modified time: 1
03 Apr, 2025 23:06:24 - 'Google Main Right Side' scraper is still running.
03 Apr, 2025 23:06:24 - Last modified time: 1
03 Apr, 2025 23:07:26 - 'Google Main Right Side' scraper is still running.
03 Apr, 2025 23:07:26 - Last modified time: 1
03 Apr, 2025 23:08:27 - 'Google Main Right Side' scraper is still running.
03 Apr, 2025 23:08:27 - Last modified time: 1
03 Apr, 2025 23:09:28 - 'Google Main Right Side' scraper is still running.
03 Apr, 2025 23:09:28 - Last modified time: 3
03 Apr, 2025 23:10:29 - 'Google Main Right Side' scraper is still running.
03 Apr, 2025 23:10:29 - Last modified time: 0
03 Apr, 2025 23:11:31 - 'Google Main Right Side' scraper is still running.
03 Apr, 2025 23:11:31 - Last modified time: 1
03 Apr, 2025 23:12:32 - 'Google Main Right Side' scraper is still running.
03 Apr, 2025 23:12:32 - Last modified time: 22
03 Apr, 2025 23:13:34 - 'Google Main Right Side' scraper is still running.
03 Apr, 2025 23:13:34 - Last modified time: 84
03 Apr, 2025 23:14:35 - 'Google Main Right Side' scraper is still running.
03 Apr, 2025 23:14:35 - Last modified time: 145
03 Apr, 2025 23:15:37 - 'Google Main Right Side' scraper is still running.
03 Apr, 2025 23:15:37 - Last modified time: 207
03 Apr, 2025 23:16:37 - 'Google Main Right Side' scraper is still running.
03 Apr, 2025 23:16:37 - Last modified time: 267
03 Apr, 2025 23:17:39 - 'Google Main Right Side' scraper is still running.
03 Apr, 2025 23:17:39 - Last modified time: 329
03 Apr, 2025 23:18:40 - 'Google Main Right Side' scraper is still running.
03 Apr, 2025 23:18:40 - Last modified time: 390
03 Apr, 2025 23:19:41 - 'Google Main Right Side' scraper is still running.
03 Apr, 2025 23:19:41 - Last modified time: 451
03 Apr, 2025 23:20:43 - 'Google Main Right Side' scraper is still running.
03 Apr, 2025 23:20:43 - Last modified time: 48
03 Apr, 2025 23:21:44 - 'Google Main Right Side' scraper is still running.
03 Apr, 2025 23:21:44 - Last modified time: 109
03 Apr, 2025 23:22:45 - 'Google Main Right Side' scraper is still running.
03 Apr, 2025 23:22:45 - Last modified time: 170
03 Apr, 2025 23:23:46 - 'Google Main Right Side' scraper is still running.
03 Apr, 2025 23:23:47 - Last modified time: 231
03 Apr, 2025 23:24:48 - 'Google Main Right Side' scraper is still running.
03 Apr, 2025 23:24:48 - Last modified time: 293
03 Apr, 2025 23:25:49 - 'Google Main Right Side' scraper is still running.
03 Apr, 2025 23:25:49 - Last modified time: 354
03 Apr, 2025 23:26:51 - 'Google Main Right Side' scraper is still running.
03 Apr, 2025 23:26:51 - Last modified time: 416
03 Apr, 2025 23:27:53 - 'Google Main Right Side' scraper is still running.
03 Apr, 2025 23:27:53 - Last modified time: 478
03 Apr, 2025 23:28:54 - 'Google Main Right Side' scraper is still running.
03 Apr, 2025 23:28:54 - Last modified time: 539
03 Apr, 2025 23:29:55 - 'Google Main Right Side' scraper is still running.
03 Apr, 2025 23:29:55 - Last modified time: 600
03 Apr, 2025 23:30:57 - 'Google Main Right Side' scraper is still running.
03 Apr, 2025 23:30:57 - Last modified time: 662
03 Apr, 2025 23:31:58 - 'Google Main Right Side' scraper is still running.
03 Apr, 2025 23:31:58 - Last modified time: 723
03 Apr, 2025 23:32:59 - 'Google Main Right Side' scraper is not running. Checking if it is stuck...
03 Apr, 2025 23:32:59 - Process finished. Restarting the process...
03 Apr, 2025 23:32:59 - 'Google Main Right Side' scraper started.
03 Apr, 2025 23:34:01 - 'Google Main Right Side' scraper is still running.
03 Apr, 2025 23:34:01 - Last modified time: 1
03 Apr, 2025 23:35:02 - 'Google Main Right Side' scraper is still running.
03 Apr, 2025 23:35:02 - Last modified time: 1
03 Apr, 2025 23:36:04 - 'Google Main Right Side' scraper is still running.
03 Apr, 2025 23:36:04 - Last modified time: 0
03 Apr, 2025 23:37:06 - 'Google Main Right Side' scraper is still running.
03 Apr, 2025 23:37:06 - Last modified time: 2
03 Apr, 2025 23:38:07 - 'Google Main Right Side' scraper is still running.
03 Apr, 2025 23:38:07 - Last modified time: 3
03 Apr, 2025 23:39:09 - 'Google Main Right Side' scraper is still running.
03 Apr, 2025 23:39:09 - Last modified time: 1
03 Apr, 2025 23:40:09 - 'Google Main Right Side' scraper is still running.
03 Apr, 2025 23:40:09 - Last modified time: -1
03 Apr, 2025 23:41:11 - 'Google Main Right Side' scraper is still running.
03 Apr, 2025 23:41:11 - Last modified time: 0
03 Apr, 2025 23:42:12 - 'Google Main Right Side' scraper is still running.
03 Apr, 2025 23:42:12 - Last modified time: 1
03 Apr, 2025 23:43:14 - 'Google Main Right Side' scraper is still running.
03 Apr, 2025 23:43:14 - Last modified time: 3
03 Apr, 2025 23:44:15 - 'Google Main Right Side' scraper is still running.
03 Apr, 2025 23:44:15 - Last modified time: 5
03 Apr, 2025 23:45:17 - 'Google Main Right Side' scraper is still running.
03 Apr, 2025 23:45:17 - Last modified time: 1
03 Apr, 2025 23:46:18 - 'Google Main Right Side' scraper is still running.
03 Apr, 2025 23:46:18 - Last modified time: 4
03 Apr, 2025 23:47:19 - 'Google Main Right Side' scraper is still running.
03 Apr, 2025 23:47:19 - Last modified time: 2
03 Apr, 2025 23:48:19 - 'Google Main Right Side' scraper is still running.
03 Apr, 2025 23:48:19 - Last modified time: 0
03 Apr, 2025 23:49:20 - 'Google Main Right Side' scraper is still running.
03 Apr, 2025 23:49:20 - Last modified time: 0
03 Apr, 2025 23:50:21 - 'Google Main Right Side' scraper is still running.
03 Apr, 2025 23:50:21 - Last modified time: 2
03 Apr, 2025 23:51:22 - 'Google Main Right Side' scraper is still running.
03 Apr, 2025 23:51:22 - Last modified time: 1
03 Apr, 2025 23:52:23 - 'Google Main Right Side' scraper is still running.
03 Apr, 2025 23:52:23 - Last modified time: 30
03 Apr, 2025 23:53:24 - 'Google Main Right Side' scraper is still running.
03 Apr, 2025 23:53:24 - Last modified time: 91
03 Apr, 2025 23:54:26 - 'Google Main Right Side' scraper is still running.
03 Apr, 2025 23:54:26 - Last modified time: 153
03 Apr, 2025 23:55:27 - 'Google Main Right Side' scraper is still running.
03 Apr, 2025 23:55:27 - Last modified time: 214
03 Apr, 2025 23:56:28 - 'Google Main Right Side' scraper is still running.
03 Apr, 2025 23:56:28 - Last modified time: 275
03 Apr, 2025 23:57:30 - 'Google Main Right Side' scraper is still running.
03 Apr, 2025 23:57:30 - Last modified time: 337
03 Apr, 2025 23:58:31 - 'Google Main Right Side' scraper is still running.
03 Apr, 2025 23:58:31 - Last modified time: 398
03 Apr, 2025 23:59:32 - 'Google Main Right Side' scraper is still running.
03 Apr, 2025 23:59:32 - Last modified time: 459
04 Apr, 2025 00:00:32 - 'Google Main Right Side' scraper is still running.
04 Apr, 2025 00:00:32 - Last modified time: 519
04 Apr, 2025 00:01:34 - 'Google Main Right Side' scraper is still running.
04 Apr, 2025 00:01:34 - Last modified time: 581
04 Apr, 2025 00:02:35 - 'Google Main Right Side' scraper is still running.
04 Apr, 2025 00:02:35 - Last modified time: 642
04 Apr, 2025 00:03:35 - 'Google Main Right Side' scraper is still running.
04 Apr, 2025 00:03:35 - Last modified time: 702
04 Apr, 2025 00:04:36 - 'Google Main Right Side' scraper is still running.
04 Apr, 2025 00:04:36 - Last modified time: 763
04 Apr, 2025 00:05:37 - 'Google Main Right Side' scraper is still running.
04 Apr, 2025 00:05:37 - Last modified time: 4
04 Apr, 2025 00:06:38 - 'Google Main Right Side' scraper is still running.
04 Apr, 2025 00:06:38 - Last modified time: 65
04 Apr, 2025 00:07:39 - 'Google Main Right Side' scraper is still running.
04 Apr, 2025 00:07:39 - Last modified time: 126
04 Apr, 2025 00:08:41 - 'Google Main Right Side' scraper is still running.
04 Apr, 2025 00:08:41 - Last modified time: 188
04 Apr, 2025 00:09:42 - 'Google Main Right Side' scraper is still running.
04 Apr, 2025 00:09:42 - Last modified time: 249
04 Apr, 2025 00:10:43 - 'Google Main Right Side' scraper is still running.
04 Apr, 2025 00:10:43 - Last modified time: 310
04 Apr, 2025 00:11:44 - 'Google Main Right Side' scraper is still running.
04 Apr, 2025 00:11:44 - Last modified time: 371
04 Apr, 2025 00:12:45 - 'Google Main Right Side' scraper is still running.
04 Apr, 2025 00:12:45 - Last modified time: 432
04 Apr, 2025 00:13:47 - 'Google Main Right Side' scraper is still running.
04 Apr, 2025 00:13:47 - Last modified time: 494
04 Apr, 2025 00:14:48 - 'Google Main Right Side' scraper is still running.
04 Apr, 2025 00:14:48 - Last modified time: 555
04 Apr, 2025 00:15:49 - 'Google Main Right Side' scraper is still running.
04 Apr, 2025 00:15:49 - Last modified time: 616
04 Apr, 2025 00:16:50 - 'Google Main Right Side' scraper is still running.
04 Apr, 2025 00:16:50 - Last modified time: 677
04 Apr, 2025 00:17:51 - 'Google Main Right Side' scraper is still running.
04 Apr, 2025 00:17:51 - Last modified time: 738
04 Apr, 2025 00:18:53 - 'Google Main Right Side' scraper is still running.
04 Apr, 2025 00:18:53 - Last modified time: 800
04 Apr, 2025 00:19:54 - 'Google Main Right Side' scraper is still running.
04 Apr, 2025 00:19:54 - Last modified time: 861
04 Apr, 2025 00:20:56 - 'Google Main Right Side' scraper is still running.
04 Apr, 2025 00:20:56 - Last modified time: 923
04 Apr, 2025 00:21:57 - 'Google Main Right Side' scraper is still running.
04 Apr, 2025 00:21:57 - Last modified time: 15
04 Apr, 2025 00:22:58 - 'Google Main Right Side' scraper is still running.
04 Apr, 2025 00:22:58 - Last modified time: 76
04 Apr, 2025 00:23:59 - 'Google Main Right Side' scraper is still running.
04 Apr, 2025 00:23:59 - Last modified time: 137
04 Apr, 2025 00:25:00 - 'Google Main Right Side' scraper is still running.
04 Apr, 2025 00:25:00 - Last modified time: 198
04 Apr, 2025 00:26:02 - 'Google Main Right Side' scraper is still running.
04 Apr, 2025 00:26:02 - Last modified time: 260
04 Apr, 2025 00:27:03 - 'Google Main Right Side' scraper is still running.
04 Apr, 2025 00:27:03 - Last modified time: 321
04 Apr, 2025 00:28:04 - 'Google Main Right Side' scraper is not running. Checking if it is stuck...
04 Apr, 2025 00:28:04 - Process finished. Restarting the process...
04 Apr, 2025 00:28:04 - 'Google Main Right Side' scraper started.
04 Apr, 2025 00:29:06 - 'Google Main Right Side' scraper is still running.
04 Apr, 2025 00:29:06 - Last modified time: 3
04 Apr, 2025 00:30:07 - 'Google Main Right Side' scraper is still running.
04 Apr, 2025 00:30:07 - Last modified time: 8
04 Apr, 2025 00:31:08 - 'Google Main Right Side' scraper is still running.
04 Apr, 2025 00:31:08 - Last modified time: 1
04 Apr, 2025 00:32:10 - 'Google Main Right Side' scraper is still running.
04 Apr, 2025 00:32:10 - Last modified time: 3
04 Apr, 2025 00:33:11 - 'Google Main Right Side' scraper is still running.
04 Apr, 2025 00:33:11 - Last modified time: 2
04 Apr, 2025 00:34:12 - 'Google Main Right Side' scraper is still running.
04 Apr, 2025 00:34:12 - Last modified time: 4
04 Apr, 2025 00:35:13 - 'Google Main Right Side' scraper is still running.
04 Apr, 2025 00:35:13 - Last modified time: 5
04 Apr, 2025 00:36:15 - 'Google Main Right Side' scraper is still running.
04 Apr, 2025 00:36:15 - Last modified time: 34
04 Apr, 2025 00:37:15 - 'Google Main Right Side' scraper is still running.
04 Apr, 2025 00:37:15 - Last modified time: 94
04 Apr, 2025 00:38:17 - 'Google Main Right Side' scraper is still running.
04 Apr, 2025 00:38:17 - Last modified time: 156
04 Apr, 2025 00:39:18 - 'Google Main Right Side' scraper is still running.
04 Apr, 2025 00:39:18 - Last modified time: 45
04 Apr, 2025 00:40:20 - 'Google Main Right Side' scraper is still running.
04 Apr, 2025 00:40:20 - Last modified time: 107
04 Apr, 2025 00:41:21 - 'Google Main Right Side' scraper is still running.
04 Apr, 2025 00:41:21 - Last modified time: 168
04 Apr, 2025 00:42:22 - 'Google Main Right Side' scraper is still running.
04 Apr, 2025 00:42:22 - Last modified time: 229
04 Apr, 2025 00:43:23 - 'Google Main Right Side' scraper is still running.
04 Apr, 2025 00:43:23 - Last modified time: 290
04 Apr, 2025 00:44:24 - 'Google Main Right Side' scraper is still running.
04 Apr, 2025 00:44:24 - Last modified time: 351
04 Apr, 2025 00:45:25 - 'Google Main Right Side' scraper is still running.
04 Apr, 2025 00:45:25 - Last modified time: 412
04 Apr, 2025 00:46:27 - 'Google Main Right Side' scraper is still running.
04 Apr, 2025 00:46:27 - Last modified time: 474
04 Apr, 2025 00:47:27 - 'Google Main Right Side' scraper is still running.
04 Apr, 2025 00:47:27 - Last modified time: 534
04 Apr, 2025 00:48:29 - 'Google Main Right Side' scraper is still running.
04 Apr, 2025 00:48:29 - Last modified time: 596
04 Apr, 2025 00:49:30 - 'Google Main Right Side' scraper is still running.
04 Apr, 2025 00:49:30 - Last modified time: 657
04 Apr, 2025 00:50:31 - 'Google Main Right Side' scraper is still running.
04 Apr, 2025 00:50:31 - Last modified time: 35
04 Apr, 2025 00:51:32 - 'Google Main Right Side' scraper is still running.
04 Apr, 2025 00:51:32 - Last modified time: 96
04 Apr, 2025 00:52:33 - 'Google Main Right Side' scraper is not running. Checking if it is stuck...
04 Apr, 2025 00:52:33 - Process finished. Restarting the process...
04 Apr, 2025 00:52:33 - 'Google Main Right Side' scraper started.
04 Apr, 2025 00:53:34 - 'Google Main Right Side' scraper is still running.
04 Apr, 2025 00:53:34 - Last modified time: 1
04 Apr, 2025 00:54:35 - 'Google Main Right Side' scraper is still running.
04 Apr, 2025 00:54:35 - Last modified time: 6
04 Apr, 2025 00:55:36 - 'Google Main Right Side' scraper is still running.
04 Apr, 2025 00:55:36 - Last modified time: 1
04 Apr, 2025 00:56:37 - 'Google Main Right Side' scraper is still running.
04 Apr, 2025 00:56:37 - Last modified time: 0
04 Apr, 2025 00:57:38 - 'Google Main Right Side' scraper is still running.
04 Apr, 2025 00:57:38 - Last modified time: 1
04 Apr, 2025 00:58:39 - 'Google Main Right Side' scraper is still running.
04 Apr, 2025 00:58:39 - Last modified time: 4
04 Apr, 2025 00:59:40 - 'Google Main Right Side' scraper is still running.
04 Apr, 2025 00:59:40 - Last modified time: 2
04 Apr, 2025 01:00:41 - 'Google Main Right Side' scraper is still running.
04 Apr, 2025 01:00:41 - Last modified time: 1
04 Apr, 2025 01:01:43 - 'Google Main Right Side' scraper is still running.
04 Apr, 2025 01:01:43 - Last modified time: 4
04 Apr, 2025 01:02:44 - 'Google Main Right Side' scraper is still running.
04 Apr, 2025 01:02:44 - Last modified time: 6
04 Apr, 2025 01:03:46 - 'Google Main Right Side' scraper is still running.
04 Apr, 2025 01:03:46 - Last modified time: 3
04 Apr, 2025 01:04:46 - 'Google Main Right Side' scraper is still running.
04 Apr, 2025 01:04:46 - Last modified time: -1
04 Apr, 2025 01:05:48 - 'Google Main Right Side' scraper is still running.
04 Apr, 2025 01:05:48 - Last modified time: 2
04 Apr, 2025 01:06:49 - 'Google Main Right Side' scraper is still running.
04 Apr, 2025 01:06:49 - Last modified time: 38
04 Apr, 2025 01:07:50 - 'Google Main Right Side' scraper is still running.
04 Apr, 2025 01:07:50 - Last modified time: 45
04 Apr, 2025 01:08:52 - 'Google Main Right Side' scraper is still running.
04 Apr, 2025 01:08:52 - Last modified time: 107
04 Apr, 2025 01:09:53 - 'Google Main Right Side' scraper is still running.
04 Apr, 2025 01:09:53 - Last modified time: 168
04 Apr, 2025 01:10:54 - 'Google Main Right Side' scraper is still running.
04 Apr, 2025 01:10:54 - Last modified time: 229
04 Apr, 2025 01:11:55 - 'Google Main Right Side' scraper is still running.
04 Apr, 2025 01:11:55 - Last modified time: 290
04 Apr, 2025 01:12:56 - 'Google Main Right Side' scraper is still running.
04 Apr, 2025 01:12:56 - Last modified time: 351
04 Apr, 2025 01:13:58 - 'Google Main Right Side' scraper is still running.
04 Apr, 2025 01:13:58 - Last modified time: 413
04 Apr, 2025 01:14:59 - 'Google Main Right Side' scraper is still running.
04 Apr, 2025 01:14:59 - Last modified time: 474
04 Apr, 2025 01:16:01 - 'Google Main Right Side' scraper is still running.
04 Apr, 2025 01:16:01 - Last modified time: 536
04 Apr, 2025 01:17:03 - 'Google Main Right Side' scraper is still running.
04 Apr, 2025 01:17:03 - Last modified time: 598
04 Apr, 2025 01:18:03 - 'Google Main Right Side' scraper is still running.
04 Apr, 2025 01:18:04 - Last modified time: 10
04 Apr, 2025 01:19:05 - 'Google Main Right Side' scraper is still running.
04 Apr, 2025 01:19:05 - Last modified time: 6
04 Apr, 2025 01:20:06 - 'Google Main Right Side' scraper is still running.
04 Apr, 2025 01:20:06 - Last modified time: 67
04 Apr, 2025 01:21:08 - 'Google Main Right Side' scraper is still running.
04 Apr, 2025 01:21:08 - Last modified time: 129
04 Apr, 2025 01:22:10 - 'Google Main Right Side' scraper is still running.
04 Apr, 2025 01:22:10 - Last modified time: 191
04 Apr, 2025 01:23:11 - 'Google Main Right Side' scraper is still running.
04 Apr, 2025 01:23:11 - Last modified time: 252
04 Apr, 2025 01:24:12 - 'Google Main Right Side' scraper is still running.
04 Apr, 2025 01:24:12 - Last modified time: 313
04 Apr, 2025 01:25:13 - 'Google Main Right Side' scraper is still running.
04 Apr, 2025 01:25:13 - Last modified time: 374
04 Apr, 2025 01:26:15 - 'Google Main Right Side' scraper is still running.
04 Apr, 2025 01:26:15 - Last modified time: 436
04 Apr, 2025 01:27:16 - 'Google Main Right Side' scraper is still running.
04 Apr, 2025 01:27:16 - Last modified time: 497
04 Apr, 2025 01:28:18 - 'Google Main Right Side' scraper is still running.
04 Apr, 2025 01:28:18 - Last modified time: 559
04 Apr, 2025 01:29:19 - 'Google Main Right Side' scraper is still running.
04 Apr, 2025 01:29:19 - Last modified time: 620
04 Apr, 2025 01:30:20 - 'Google Main Right Side' scraper is still running.
04 Apr, 2025 01:30:20 - Last modified time: 681
04 Apr, 2025 01:31:21 - 'Google Main Right Side' scraper is still running.
04 Apr, 2025 01:31:21 - Last modified time: 742
04 Apr, 2025 01:32:22 - 'Google Main Right Side' scraper is still running.
04 Apr, 2025 01:32:22 - Last modified time: 803
04 Apr, 2025 01:33:23 - 'Google Main Right Side' scraper is still running.
04 Apr, 2025 01:33:23 - Last modified time: 864
04 Apr, 2025 01:34:24 - 'Google Main Right Side' scraper is still running.
04 Apr, 2025 01:34:24 - Last modified time: 925
04 Apr, 2025 01:35:24 - 'Google Main Right Side' scraper is still running.
04 Apr, 2025 01:35:24 - Last modified time: 985
04 Apr, 2025 01:36:26 - 'Google Main Right Side' scraper is still running.
04 Apr, 2025 01:36:26 - Last modified time: 1047
04 Apr, 2025 01:37:27 - 'Google Main Right Side' scraper is still running.
04 Apr, 2025 01:37:27 - Last modified time: 1108
04 Apr, 2025 01:38:28 - 'Google Main Right Side' scraper is still running.
04 Apr, 2025 01:38:28 - Last modified time: 1169
04 Apr, 2025 01:39:29 - 'Google Main Right Side' scraper is still running.
04 Apr, 2025 01:39:29 - Last modified time: 1230
04 Apr, 2025 01:40:31 - 'Google Main Right Side' scraper is still running.
04 Apr, 2025 01:40:31 - Last modified time: 1292
04 Apr, 2025 01:41:31 - 'Google Main Right Side' scraper is still running.
04 Apr, 2025 01:41:31 - Last modified time: 1352
04 Apr, 2025 01:42:32 - 'Google Main Right Side' scraper is still running.
04 Apr, 2025 01:42:32 - Last modified time: 1413
04 Apr, 2025 01:43:34 - 'Google Main Right Side' scraper is still running.
04 Apr, 2025 01:43:34 - Last modified time: 1475
04 Apr, 2025 01:44:35 - 'Google Main Right Side' scraper is still running.
04 Apr, 2025 01:44:35 - Last modified time: 1536
04 Apr, 2025 01:45:36 - 'Google Main Right Side' scraper is still running.
04 Apr, 2025 01:45:36 - Last modified time: 1597
04 Apr, 2025 01:46:38 - 'Google Main Right Side' scraper is still running.
04 Apr, 2025 01:46:38 - Last modified time: 1659
04 Apr, 2025 01:47:39 - 'Google Main Right Side' scraper is still running.
04 Apr, 2025 01:47:39 - Last modified time: 1720
04 Apr, 2025 01:48:40 - 'Google Main Right Side' scraper is still running.
04 Apr, 2025 01:48:40 - Last modified time: 1781
04 Apr, 2025 01:49:41 - 'Google Main Right Side' scraper is still running.
04 Apr, 2025 01:49:41 - Last modified time: 1842
04 Apr, 2025 01:49:42 - Log files hasn't been updated in the last 30 minutes. Deleting log directory and rebooting the server...
04 Apr, 2025 01:49:42 - Deleting log directory...
04 Apr, 2025 01:49:42 - Restarting the script: Killing all running processes and relaunching...
04 Apr, 2025 01:49:47 - 'Google Main Right Side' scraper is not running. Starting...
04 Apr, 2025 01:49:47 - 'Google Main Right Side' scraper started.
04 Apr, 2025 01:52:51 - 'Google Main Right Side' scraper is still running.
04 Apr, 2025 01:52:51 - Last modified time: 1
04 Apr, 2025 01:53:52 - 'Google Main Right Side' scraper is still running.
04 Apr, 2025 01:53:52 - Last modified time: 1
04 Apr, 2025 01:54:54 - 'Google Main Right Side' scraper is still running.
04 Apr, 2025 01:54:54 - Last modified time: 1
04 Apr, 2025 01:55:55 - 'Google Main Right Side' scraper is still running.
04 Apr, 2025 01:55:55 - Last modified time: 6
04 Apr, 2025 01:56:56 - 'Google Main Right Side' scraper is still running.
04 Apr, 2025 01:56:56 - Last modified time: 1
04 Apr, 2025 01:57:58 - 'Google Main Right Side' scraper is still running.
04 Apr, 2025 01:57:58 - Last modified time: 0
04 Apr, 2025 01:59:00 - 'Google Main Right Side' scraper is still running.
04 Apr, 2025 01:59:00 - Last modified time: 62
04 Apr, 2025 02:00:01 - 'Google Main Right Side' scraper is still running.
04 Apr, 2025 02:00:01 - Last modified time: 123
04 Apr, 2025 02:01:03 - 'Google Main Right Side' scraper is still running.
04 Apr, 2025 02:01:03 - Last modified time: 185
04 Apr, 2025 02:02:05 - 'Google Main Right Side' scraper is still running.
04 Apr, 2025 02:02:05 - Last modified time: 247
04 Apr, 2025 02:03:06 - 'Google Main Right Side' scraper is still running.
04 Apr, 2025 02:03:06 - Last modified time: 308
04 Apr, 2025 02:04:07 - 'Google Main Right Side' scraper is still running.
04 Apr, 2025 02:04:07 - Last modified time: 369
04 Apr, 2025 02:05:09 - 'Google Main Right Side' scraper is still running.
04 Apr, 2025 02:05:09 - Last modified time: 431
04 Apr, 2025 02:06:11 - 'Google Main Right Side' scraper is still running.
04 Apr, 2025 02:06:11 - Last modified time: 493
04 Apr, 2025 02:07:11 - 'Google Main Right Side' scraper is still running.
04 Apr, 2025 02:07:11 - Last modified time: 553
04 Apr, 2025 02:08:12 - 'Google Main Right Side' scraper is still running.
04 Apr, 2025 02:08:12 - Last modified time: 614
04 Apr, 2025 02:09:12 - 'Google Main Right Side' scraper is still running.
04 Apr, 2025 02:09:12 - Last modified time: 49
04 Apr, 2025 02:10:12 - 'Google Main Right Side' scraper is still running.
04 Apr, 2025 02:10:12 - Last modified time: 109
04 Apr, 2025 02:11:13 - 'Google Main Right Side' scraper is still running.
04 Apr, 2025 02:11:13 - Last modified time: 48
04 Apr, 2025 02:12:14 - 'Google Main Right Side' scraper is still running.
04 Apr, 2025 02:12:14 - Last modified time: 109
04 Apr, 2025 02:13:14 - 'Google Main Right Side' scraper is still running.
04 Apr, 2025 02:13:14 - Last modified time: 169
04 Apr, 2025 02:14:15 - 'Google Main Right Side' scraper is still running.
04 Apr, 2025 02:14:15 - Last modified time: 230
04 Apr, 2025 02:15:16 - 'Google Main Right Side' scraper is still running.
04 Apr, 2025 02:15:16 - Last modified time: 291
04 Apr, 2025 02:16:17 - 'Google Main Right Side' scraper is still running.
04 Apr, 2025 02:16:17 - Last modified time: 352
04 Apr, 2025 02:17:17 - 'Google Main Right Side' scraper is still running.
04 Apr, 2025 02:17:17 - Last modified time: 412
04 Apr, 2025 02:18:18 - 'Google Main Right Side' scraper is still running.
04 Apr, 2025 02:18:18 - Last modified time: 473
04 Apr, 2025 02:19:19 - 'Google Main Right Side' scraper is still running.
04 Apr, 2025 02:19:19 - Last modified time: 534
04 Apr, 2025 02:20:21 - 'Google Main Right Side' scraper is still running.
04 Apr, 2025 02:20:21 - Last modified time: 596
04 Apr, 2025 02:21:22 - 'Google Main Right Side' scraper is still running.
04 Apr, 2025 02:21:22 - Last modified time: 657
04 Apr, 2025 02:22:23 - 'Google Main Right Side' scraper is still running.
04 Apr, 2025 02:22:23 - Last modified time: 718
04 Apr, 2025 02:23:24 - 'Google Main Right Side' scraper is still running.
04 Apr, 2025 02:23:24 - Last modified time: 779
04 Apr, 2025 02:24:25 - 'Google Main Right Side' scraper is still running.
04 Apr, 2025 02:24:25 - Last modified time: 840
04 Apr, 2025 02:25:26 - 'Google Main Right Side' scraper is still running.
04 Apr, 2025 02:25:26 - Last modified time: 901
04 Apr, 2025 02:26:27 - 'Google Main Right Side' scraper is still running.
04 Apr, 2025 02:26:27 - Last modified time: 962
04 Apr, 2025 02:27:28 - 'Google Main Right Side' scraper is still running.
04 Apr, 2025 02:27:28 - Last modified time: 1023
04 Apr, 2025 02:28:29 - 'Google Main Right Side' scraper is still running.
04 Apr, 2025 02:28:29 - Last modified time: 1084
04 Apr, 2025 02:29:29 - 'Google Main Right Side' scraper is still running.
04 Apr, 2025 02:29:29 - Last modified time: 1144
04 Apr, 2025 02:30:30 - 'Google Main Right Side' scraper is still running.
04 Apr, 2025 02:30:31 - Last modified time: 1206
04 Apr, 2025 02:31:31 - 'Google Main Right Side' scraper is still running.
04 Apr, 2025 02:31:31 - Last modified time: 1266
04 Apr, 2025 02:32:32 - 'Google Main Right Side' scraper is still running.
04 Apr, 2025 02:32:32 - Last modified time: 1327
04 Apr, 2025 02:33:33 - 'Google Main Right Side' scraper is still running.
04 Apr, 2025 02:33:33 - Last modified time: 1388
04 Apr, 2025 02:34:34 - 'Google Main Right Side' scraper is still running.
04 Apr, 2025 02:34:34 - Last modified time: 1449
04 Apr, 2025 02:35:35 - 'Google Main Right Side' scraper is still running.
04 Apr, 2025 02:35:35 - Last modified time: 1510
04 Apr, 2025 02:36:37 - 'Google Main Right Side' scraper is still running.
04 Apr, 2025 02:36:37 - Last modified time: 1572
04 Apr, 2025 02:37:38 - 'Google Main Right Side' scraper is still running.
04 Apr, 2025 02:37:38 - Last modified time: 1633
04 Apr, 2025 02:38:38 - 'Google Main Right Side' scraper is still running.
04 Apr, 2025 02:38:39 - Last modified time: 1693
04 Apr, 2025 02:39:40 - 'Google Main Right Side' scraper is still running.
04 Apr, 2025 02:39:40 - Last modified time: 1755
04 Apr, 2025 02:40:41 - 'Google Main Right Side' scraper is still running.
04 Apr, 2025 02:40:41 - Last modified time: 1816
04 Apr, 2025 02:40:41 - Log files hasn't been updated in the last 30 minutes. Deleting log directory and rebooting the server...
04 Apr, 2025 02:40:41 - Deleting log directory...
04 Apr, 2025 02:40:41 - Restarting the script: Killing all running processes and relaunching...
04 Apr, 2025 02:40:46 - 'Google Main Right Side' scraper is not running. Starting...
04 Apr, 2025 02:40:46 - 'Google Main Right Side' scraper started.
04 Apr, 2025 02:43:51 - 'Google Main Right Side' scraper is still running.
04 Apr, 2025 02:43:51 - Last modified time: 1
04 Apr, 2025 02:44:52 - 'Google Main Right Side' scraper is still running.
04 Apr, 2025 02:44:52 - Last modified time: 4
04 Apr, 2025 02:45:54 - 'Google Main Right Side' scraper is still running.
04 Apr, 2025 02:45:54 - Last modified time: 2
04 Apr, 2025 02:46:55 - 'Google Main Right Side' scraper is still running.
04 Apr, 2025 02:46:55 - Last modified time: 25
04 Apr, 2025 02:47:56 - 'Google Main Right Side' scraper is still running.
04 Apr, 2025 02:47:56 - Last modified time: 86
04 Apr, 2025 02:48:58 - 'Google Main Right Side' scraper is still running.
04 Apr, 2025 02:48:58 - Last modified time: 148
04 Apr, 2025 02:50:00 - 'Google Main Right Side' scraper is still running.
04 Apr, 2025 02:50:00 - Last modified time: 210
04 Apr, 2025 02:51:01 - 'Google Main Right Side' scraper is still running.
04 Apr, 2025 02:51:01 - Last modified time: 11
04 Apr, 2025 02:52:03 - 'Google Main Right Side' scraper is still running.
04 Apr, 2025 02:52:03 - Last modified time: 73
04 Apr, 2025 02:53:04 - 'Google Main Right Side' scraper is still running.
04 Apr, 2025 02:53:04 - Last modified time: 134
04 Apr, 2025 02:54:05 - 'Google Main Right Side' scraper is still running.
04 Apr, 2025 02:54:05 - Last modified time: 5
04 Apr, 2025 02:55:06 - 'Google Main Right Side' scraper is still running.
04 Apr, 2025 02:55:06 - Last modified time: 66
04 Apr, 2025 02:56:08 - 'Google Main Right Side' scraper is still running.
04 Apr, 2025 02:56:08 - Last modified time: 128
04 Apr, 2025 02:57:09 - 'Google Main Right Side' scraper is still running.
04 Apr, 2025 02:57:09 - Last modified time: 189
04 Apr, 2025 02:58:11 - 'Google Main Right Side' scraper is still running.
04 Apr, 2025 02:58:11 - Last modified time: 251
04 Apr, 2025 02:59:12 - 'Google Main Right Side' scraper is still running.
04 Apr, 2025 02:59:12 - Last modified time: 312
04 Apr, 2025 03:00:14 - 'Google Main Right Side' scraper is still running.
04 Apr, 2025 03:00:14 - Last modified time: 374
04 Apr, 2025 03:01:15 - 'Google Main Right Side' scraper is still running.
04 Apr, 2025 03:01:15 - Last modified time: 435
04 Apr, 2025 03:02:16 - 'Google Main Right Side' scraper is still running.
04 Apr, 2025 03:02:16 - Last modified time: 496
04 Apr, 2025 03:03:17 - 'Google Main Right Side' scraper is still running.
04 Apr, 2025 03:03:17 - Last modified time: 557
04 Apr, 2025 03:04:19 - 'Google Main Right Side' scraper is still running.
04 Apr, 2025 03:04:19 - Last modified time: 619
04 Apr, 2025 03:05:20 - 'Google Main Right Side' scraper is still running.
04 Apr, 2025 03:05:20 - Last modified time: 680
04 Apr, 2025 03:06:22 - 'Google Main Right Side' scraper is still running.
04 Apr, 2025 03:06:22 - Last modified time: 742
04 Apr, 2025 03:07:24 - 'Google Main Right Side' scraper is still running.
04 Apr, 2025 03:07:24 - Last modified time: 804
04 Apr, 2025 03:08:25 - 'Google Main Right Side' scraper is still running.
04 Apr, 2025 03:08:25 - Last modified time: 865
04 Apr, 2025 03:09:26 - 'Google Main Right Side' scraper is not running. Checking if it is stuck...
04 Apr, 2025 03:09:26 - Process finished. Restarting the process...
04 Apr, 2025 03:09:26 - 'Google Main Right Side' scraper started.
04 Apr, 2025 03:10:28 - 'Google Main Right Side' scraper is still running.
04 Apr, 2025 03:10:28 - Last modified time: 0
04 Apr, 2025 03:11:30 - 'Google Main Right Side' scraper is still running.
04 Apr, 2025 03:11:30 - Last modified time: 17
04 Apr, 2025 03:12:31 - 'Google Main Right Side' scraper is still running.
04 Apr, 2025 03:12:31 - Last modified time: 0
04 Apr, 2025 03:13:33 - 'Google Main Right Side' scraper is still running.
04 Apr, 2025 03:13:33 - Last modified time: 1
04 Apr, 2025 03:14:35 - 'Google Main Right Side' scraper is still running.
04 Apr, 2025 03:14:35 - Last modified time: 3
04 Apr, 2025 03:15:36 - 'Google Main Right Side' scraper is still running.
04 Apr, 2025 03:15:36 - Last modified time: 0
04 Apr, 2025 03:16:37 - 'Google Main Right Side' scraper is still running.
04 Apr, 2025 03:16:37 - Last modified time: 0
04 Apr, 2025 03:17:39 - 'Google Main Right Side' scraper is still running.
04 Apr, 2025 03:17:39 - Last modified time: 1
04 Apr, 2025 03:18:40 - 'Google Main Right Side' scraper is still running.
04 Apr, 2025 03:18:40 - Last modified time: 0
04 Apr, 2025 03:19:42 - 'Google Main Right Side' scraper is still running.
04 Apr, 2025 03:19:42 - Last modified time: 4
04 Apr, 2025 05:27:04 - 'Google Main Right Side' scraper is not running. Starting...
04 Apr, 2025 05:27:04 - 'Google Main Right Side' scraper started.
04 Apr, 2025 05:30:18 - 'Google Main Right Side' scraper is still running.
04 Apr, 2025 05:30:18 - Last modified time: 1743744618
04 Apr, 2025 05:30:18 - Log files hasn't been updated in the last 30 minutes. Deleting log directory and rebooting the server...
04 Apr, 2025 05:30:18 - Deleting log directory...
04 Apr, 2025 05:30:18 - Restarting the script: Killing all running processes and relaunching...
04 Apr, 2025 05:30:24 - 'Google Main Right Side' scraper is not running. Starting...
04 Apr, 2025 05:30:24 - 'Google Main Right Side' scraper started.
04 Apr, 2025 05:33:34 - 'Google Main Right Side' scraper is still running.
04 Apr, 2025 05:33:34 - Last modified time: 45
04 Apr, 2025 05:34:39 - 'Google Main Right Side' scraper is still running.
04 Apr, 2025 05:34:39 - Last modified time: 3
04 Apr, 2025 05:35:47 - 'Google Main Right Side' scraper is not running. Starting...
04 Apr, 2025 05:35:47 - 'Google Main Right Side' scraper started.
04 Apr, 2025 05:38:58 - 'Google Main Right Side' scraper is still running.
04 Apr, 2025 05:38:58 - Last modified time: 0
04 Apr, 2025 05:40:03 - 'Google Main Right Side' scraper is still running.
04 Apr, 2025 05:40:03 - Last modified time: 1
04 Apr, 2025 05:41:07 - 'Google Main Right Side' scraper is still running.
04 Apr, 2025 05:41:08 - Last modified time: 5
04 Apr, 2025 05:42:13 - 'Google Main Right Side' scraper is still running.
04 Apr, 2025 05:42:13 - Last modified time: 1
04 Apr, 2025 05:43:18 - 'Google Main Right Side' scraper is still running.
04 Apr, 2025 05:43:18 - Last modified time: 3
04 Apr, 2025 05:44:23 - 'Google Main Right Side' scraper is still running.
04 Apr, 2025 05:44:23 - Last modified time: 2
04 Apr, 2025 05:45:28 - 'Google Main Right Side' scraper is still running.
04 Apr, 2025 05:45:28 - Last modified time: 2
04 Apr, 2025 05:46:30 - 'Google Main Right Side' scraper is still running.
04 Apr, 2025 05:46:30 - Last modified time: -1
04 Apr, 2025 05:47:36 - 'Google Main Right Side' scraper is still running.
04 Apr, 2025 05:47:36 - Last modified time: 0
04 Apr, 2025 05:48:41 - 'Google Main Right Side' scraper is still running.
04 Apr, 2025 05:48:41 - Last modified time: 0
04 Apr, 2025 05:49:45 - 'Google Main Right Side' scraper is still running.
04 Apr, 2025 05:49:45 - Last modified time: 0
04 Apr, 2025 05:50:50 - 'Google Main Right Side' scraper is still running.
04 Apr, 2025 05:50:50 - Last modified time: 1
04 Apr, 2025 05:51:54 - 'Google Main Right Side' scraper is still running.
04 Apr, 2025 05:51:54 - Last modified time: 2
04 Apr, 2025 05:52:58 - 'Google Main Right Side' scraper is still running.
04 Apr, 2025 05:52:58 - Last modified time: 3
04 Apr, 2025 05:54:01 - 'Google Main Right Side' scraper is still running.
04 Apr, 2025 05:54:01 - Last modified time: 4
04 Apr, 2025 05:55:05 - 'Google Main Right Side' scraper is still running.
04 Apr, 2025 05:55:05 - Last modified time: 0
04 Apr, 2025 05:56:09 - 'Google Main Right Side' scraper is still running.
04 Apr, 2025 05:56:09 - Last modified time: 17
04 Apr, 2025 05:57:14 - 'Google Main Right Side' scraper is still running.
04 Apr, 2025 05:57:14 - Last modified time: 82
04 Apr, 2025 05:58:18 - 'Google Main Right Side' scraper is still running.
04 Apr, 2025 05:58:18 - Last modified time: 146
04 Apr, 2025 05:59:22 - 'Google Main Right Side' scraper is still running.
04 Apr, 2025 05:59:22 - Last modified time: 210
04 Apr, 2025 06:00:27 - 'Google Main Right Side' scraper is still running.
04 Apr, 2025 06:00:27 - Last modified time: 275
04 Apr, 2025 06:01:31 - 'Google Main Right Side' scraper is still running.
04 Apr, 2025 06:01:31 - Last modified time: 339
04 Apr, 2025 06:02:34 - 'Google Main Right Side' scraper is still running.
04 Apr, 2025 06:02:34 - Last modified time: 402
04 Apr, 2025 06:03:39 - 'Google Main Right Side' scraper is still running.
04 Apr, 2025 06:03:39 - Last modified time: 467
04 Apr, 2025 06:04:44 - 'Google Main Right Side' scraper is still running.
04 Apr, 2025 06:04:44 - Last modified time: 532
04 Apr, 2025 06:05:49 - 'Google Main Right Side' scraper is still running.
04 Apr, 2025 06:05:49 - Last modified time: 597
04 Apr, 2025 06:06:54 - 'Google Main Right Side' scraper is still running.
04 Apr, 2025 06:06:54 - Last modified time: 662
04 Apr, 2025 06:07:59 - 'Google Main Right Side' scraper is still running.
04 Apr, 2025 06:07:59 - Last modified time: 727
04 Apr, 2025 06:09:04 - 'Google Main Right Side' scraper is still running.
04 Apr, 2025 06:09:04 - Last modified time: 792
04 Apr, 2025 06:10:07 - 'Google Main Right Side' scraper is still running.
04 Apr, 2025 06:10:07 - Last modified time: 855
04 Apr, 2025 06:11:11 - 'Google Main Right Side' scraper is still running.
04 Apr, 2025 06:11:11 - Last modified time: 919
04 Apr, 2025 06:12:15 - 'Google Main Right Side' scraper is still running.
04 Apr, 2025 06:12:15 - Last modified time: 983
04 Apr, 2025 06:13:20 - 'Google Main Right Side' scraper is still running.
04 Apr, 2025 06:13:20 - Last modified time: 1048
04 Apr, 2025 06:14:24 - 'Google Main Right Side' scraper is still running.
04 Apr, 2025 06:14:24 - Last modified time: 1112
04 Apr, 2025 06:15:29 - 'Google Main Right Side' scraper is still running.
04 Apr, 2025 06:15:29 - Last modified time: 1177
04 Apr, 2025 06:16:33 - 'Google Main Right Side' scraper is still running.
04 Apr, 2025 06:16:33 - Last modified time: 1241
04 Apr, 2025 06:17:36 - 'Google Main Right Side' scraper is still running.
04 Apr, 2025 06:17:36 - Last modified time: 1304
04 Apr, 2025 06:18:40 - 'Google Main Right Side' scraper is still running.
04 Apr, 2025 06:18:40 - Last modified time: 1368
04 Apr, 2025 06:19:45 - 'Google Main Right Side' scraper is still running.
04 Apr, 2025 06:19:45 - Last modified time: 1433
04 Apr, 2025 06:20:49 - 'Google Main Right Side' scraper is still running.
04 Apr, 2025 06:20:49 - Last modified time: 1497
04 Apr, 2025 06:21:54 - 'Google Main Right Side' scraper is still running.
04 Apr, 2025 06:21:54 - Last modified time: 1562
04 Apr, 2025 06:22:59 - 'Google Main Right Side' scraper is still running.
04 Apr, 2025 06:22:59 - Last modified time: 1627
04 Apr, 2025 06:24:04 - 'Google Main Right Side' scraper is still running.
04 Apr, 2025 06:24:04 - Last modified time: 1692
04 Apr, 2025 06:25:06 - 'Google Main Right Side' scraper is still running.
04 Apr, 2025 06:25:06 - Last modified time: 1754
04 Apr, 2025 06:26:11 - 'Google Main Right Side' scraper is still running.
04 Apr, 2025 06:26:11 - Last modified time: 1819
04 Apr, 2025 06:26:11 - Log files hasn't been updated in the last 30 minutes. Deleting log directory and rebooting the server...
04 Apr, 2025 06:26:11 - Deleting log directory...
04 Apr, 2025 06:26:11 - Restarting the script: Killing all running processes and relaunching...
04 Apr, 2025 06:26:16 - 'Google Main Right Side' scraper is not running. Starting...
04 Apr, 2025 06:26:16 - 'Google Main Right Side' scraper started.
04 Apr, 2025 06:29:31 - 'Google Main Right Side' scraper is still running.
04 Apr, 2025 06:29:31 - Last modified time: 0
04 Apr, 2025 06:30:36 - 'Google Main Right Side' scraper is still running.
04 Apr, 2025 06:30:36 - Last modified time: 2
04 Apr, 2025 06:31:41 - 'Google Main Right Side' scraper is still running.
04 Apr, 2025 06:31:41 - Last modified time: 2
04 Apr, 2025 06:32:46 - 'Google Main Right Side' scraper is still running.
04 Apr, 2025 06:32:47 - Last modified time: 3
04 Apr, 2025 06:33:51 - 'Google Main Right Side' scraper is still running.
04 Apr, 2025 06:33:51 - Last modified time: 2
04 Apr, 2025 06:34:53 - 'Google Main Right Side' scraper is still running.
04 Apr, 2025 06:34:53 - Last modified time: 1
04 Apr, 2025 06:35:58 - 'Google Main Right Side' scraper is still running.
04 Apr, 2025 06:35:58 - Last modified time: 1
04 Apr, 2025 06:37:03 - 'Google Main Right Side' scraper is still running.
04 Apr, 2025 06:37:03 - Last modified time: 0
04 Apr, 2025 06:38:08 - 'Google Main Right Side' scraper is still running.
04 Apr, 2025 06:38:08 - Last modified time: 3
04 Apr, 2025 06:39:13 - 'Google Main Right Side' scraper is still running.
04 Apr, 2025 06:39:13 - Last modified time: 1
04 Apr, 2025 06:40:18 - 'Google Main Right Side' scraper is still running.
04 Apr, 2025 06:40:18 - Last modified time: 7
04 Apr, 2025 06:41:23 - 'Google Main Right Side' scraper is still running.
04 Apr, 2025 06:41:23 - Last modified time: 3
04 Apr, 2025 06:42:26 - 'Google Main Right Side' scraper is still running.
04 Apr, 2025 06:42:26 - Last modified time: -1
04 Apr, 2025 06:43:31 - 'Google Main Right Side' scraper is still running.
04 Apr, 2025 06:43:31 - Last modified time: 2
04 Apr, 2025 06:44:36 - 'Google Main Right Side' scraper is still running.
04 Apr, 2025 06:44:36 - Last modified time: 0
04 Apr, 2025 06:45:41 - 'Google Main Right Side' scraper is still running.
04 Apr, 2025 06:45:41 - Last modified time: 1
04 Apr, 2025 06:46:46 - 'Google Main Right Side' scraper is still running.
04 Apr, 2025 06:46:46 - Last modified time: 5
04 Apr, 2025 06:47:51 - 'Google Main Right Side' scraper is still running.
04 Apr, 2025 06:47:51 - Last modified time: 4
04 Apr, 2025 06:48:56 - 'Google Main Right Side' scraper is still running.
04 Apr, 2025 06:48:56 - Last modified time: 4
04 Apr, 2025 06:49:59 - 'Google Main Right Side' scraper is still running.
04 Apr, 2025 06:49:59 - Last modified time: 2
04 Apr, 2025 06:51:04 - 'Google Main Right Side' scraper is still running.
04 Apr, 2025 06:51:04 - Last modified time: 5
04 Apr, 2025 06:52:09 - 'Google Main Right Side' scraper is still running.
04 Apr, 2025 06:52:09 - Last modified time: 4
04 Apr, 2025 06:53:15 - 'Google Main Right Side' scraper is still running.
04 Apr, 2025 06:53:15 - Last modified time: 4
04 Apr, 2025 06:54:20 - 'Google Main Right Side' scraper is still running.
04 Apr, 2025 06:54:20 - Last modified time: 2
04 Apr, 2025 06:55:25 - 'Google Main Right Side' scraper is still running.
04 Apr, 2025 06:55:25 - Last modified time: 32
04 Apr, 2025 06:56:30 - 'Google Main Right Side' scraper is still running.
04 Apr, 2025 06:56:30 - Last modified time: 97
04 Apr, 2025 10:45:09 - 'Google Main Right Side' scraper is not running. Starting...
04 Apr, 2025 10:45:09 - 'Google Main Right Side' scraper started.
04 Apr, 2025 10:48:17 - 'Google Main Right Side' scraper is still running.
04 Apr, 2025 10:48:17 - Last modified time: 4
04 Apr, 2025 10:49:20 - 'Google Main Right Side' scraper is still running.
04 Apr, 2025 10:49:20 - Last modified time: 11
04 Apr, 2025 10:50:22 - 'Google Main Right Side' scraper is still running.
04 Apr, 2025 10:50:22 - Last modified time: 1
04 Apr, 2025 10:51:23 - 'Google Main Right Side' scraper is still running.
04 Apr, 2025 10:51:23 - Last modified time: 1
04 Apr, 2025 10:52:26 - 'Google Main Right Side' scraper is still running.
04 Apr, 2025 10:52:26 - Last modified time: 1
04 Apr, 2025 10:53:28 - 'Google Main Right Side' scraper is still running.
04 Apr, 2025 10:53:28 - Last modified time: 0
04 Apr, 2025 10:54:31 - 'Google Main Right Side' scraper is still running.
04 Apr, 2025 10:54:31 - Last modified time: 0
04 Apr, 2025 10:55:34 - 'Google Main Right Side' scraper is still running.
04 Apr, 2025 10:55:34 - Last modified time: 1
04 Apr, 2025 10:56:37 - 'Google Main Right Side' scraper is still running.
04 Apr, 2025 10:56:37 - Last modified time: 1
04 Apr, 2025 10:57:39 - 'Google Main Right Side' scraper is still running.
04 Apr, 2025 10:57:39 - Last modified time: 1
04 Apr, 2025 10:58:42 - 'Google Main Right Side' scraper is still running.
04 Apr, 2025 10:58:42 - Last modified time: 0
04 Apr, 2025 10:59:45 - 'Google Main Right Side' scraper is still running.
04 Apr, 2025 10:59:45 - Last modified time: 4
04 Apr, 2025 11:09:01 - 'Google Main Right Side' scraper is not running. Starting...
04 Apr, 2025 11:09:01 - 'Google Main Right Side' scraper started.
04 Apr, 2025 11:12:08 - 'Google Main Right Side' scraper is still running.
04 Apr, 2025 11:12:08 - Last modified time: 20
04 Apr, 2025 11:13:12 - 'Google Main Right Side' scraper is still running.
04 Apr, 2025 11:13:12 - Last modified time: 4
04 Apr, 2025 11:14:15 - 'Google Main Right Side' scraper is still running.
04 Apr, 2025 11:14:15 - Last modified time: 2
04 Apr, 2025 11:15:17 - 'Google Main Right Side' scraper is still running.
04 Apr, 2025 11:15:17 - Last modified time: 1
04 Apr, 2025 11:16:20 - 'Google Main Right Side' scraper is still running.
04 Apr, 2025 11:16:20 - Last modified time: 1
04 Apr, 2025 11:17:21 - 'Google Main Right Side' scraper is still running.
04 Apr, 2025 11:17:21 - Last modified time: 0
04 Apr, 2025 11:18:24 - 'Google Main Right Side' scraper is still running.
04 Apr, 2025 11:18:24 - Last modified time: 0
04 Apr, 2025 11:19:27 - 'Google Main Right Side' scraper is still running.
04 Apr, 2025 11:19:27 - Last modified time: 1
04 Apr, 2025 11:20:30 - 'Google Main Right Side' scraper is still running.
04 Apr, 2025 11:20:30 - Last modified time: 1
04 Apr, 2025 11:21:33 - 'Google Main Right Side' scraper is still running.
04 Apr, 2025 11:21:33 - Last modified time: 4
04 Apr, 2025 11:22:36 - 'Google Main Right Side' scraper is still running.
04 Apr, 2025 11:22:36 - Last modified time: 2
04 Apr, 2025 11:23:40 - 'Google Main Right Side' scraper is still running.
04 Apr, 2025 11:23:40 - Last modified time: 1
04 Apr, 2025 11:24:42 - 'Google Main Right Side' scraper is still running.
04 Apr, 2025 11:24:42 - Last modified time: 0
04 Apr, 2025 11:25:46 - 'Google Main Right Side' scraper is still running.
04 Apr, 2025 11:25:46 - Last modified time: 1
04 Apr, 2025 11:50:42 - 'Google Main Right Side' scraper is not running. Starting...
04 Apr, 2025 11:50:42 - 'Google Main Right Side' scraper started.
04 Apr, 2025 11:53:50 - 'Google Main Right Side' scraper is still running.
04 Apr, 2025 11:53:50 - Last modified time: 1679
04 Apr, 2025 11:54:54 - 'Google Main Right Side' scraper is still running.
04 Apr, 2025 11:54:54 - Last modified time: 2
04 Apr, 2025 11:55:58 - 'Google Main Right Side' scraper is still running.
04 Apr, 2025 11:55:58 - Last modified time: 3
04 Apr, 2025 11:57:00 - 'Google Main Right Side' scraper is still running.
04 Apr, 2025 11:57:00 - Last modified time: 1
04 Apr, 2025 11:58:03 - 'Google Main Right Side' scraper is still running.
04 Apr, 2025 11:58:03 - Last modified time: 0
04 Apr, 2025 11:59:06 - 'Google Main Right Side' scraper is still running.
04 Apr, 2025 11:59:06 - Last modified time: 0
04 Apr, 2025 12:00:10 - 'Google Main Right Side' scraper is still running.
04 Apr, 2025 12:00:10 - Last modified time: 1
04 Apr, 2025 12:01:13 - 'Google Main Right Side' scraper is still running.
04 Apr, 2025 12:01:13 - Last modified time: 0
04 Apr, 2025 12:02:17 - 'Google Main Right Side' scraper is still running.
04 Apr, 2025 12:02:17 - Last modified time: 6
04 Apr, 2025 12:03:20 - 'Google Main Right Side' scraper is still running.
04 Apr, 2025 12:03:20 - Last modified time: 0
04 Apr, 2025 12:04:20 - 'Google Main Right Side' scraper is still running.
04 Apr, 2025 12:04:20 - Last modified time: 0
04 Apr, 2025 12:05:20 - 'Google Main Right Side' scraper is still running.
04 Apr, 2025 12:05:20 - Last modified time: 0
04 Apr, 2025 12:06:20 - 'Google Main Right Side' scraper is still running.
04 Apr, 2025 12:06:20 - Last modified time: 3
04 Apr, 2025 12:07:20 - 'Google Main Right Side' scraper is still running.
04 Apr, 2025 12:07:20 - Last modified time: 3
04 Apr, 2025 12:08:20 - 'Google Main Right Side' scraper is still running.
04 Apr, 2025 12:08:20 - Last modified time: 0
04 Apr, 2025 12:09:20 - 'Google Main Right Side' scraper is still running.
04 Apr, 2025 12:09:20 - Last modified time: 0
04 Apr, 2025 12:10:20 - 'Google Main Right Side' scraper is still running.
04 Apr, 2025 12:10:20 - Last modified time: 0
04 Apr, 2025 12:11:20 - 'Google Main Right Side' scraper is still running.
04 Apr, 2025 12:11:20 - Last modified time: 1
04 Apr, 2025 12:12:20 - 'Google Main Right Side' scraper is still running.
04 Apr, 2025 12:12:20 - Last modified time: 0
04 Apr, 2025 12:13:20 - 'Google Main Right Side' scraper is still running.
04 Apr, 2025 12:13:20 - Last modified time: 9
04 Apr, 2025 12:14:20 - 'Google Main Right Side' scraper is still running.
04 Apr, 2025 12:14:20 - Last modified time: 4
04 Apr, 2025 12:15:20 - 'Google Main Right Side' scraper is still running.
04 Apr, 2025 12:15:21 - Last modified time: 3
04 Apr, 2025 12:16:21 - 'Google Main Right Side' scraper is still running.
04 Apr, 2025 12:16:21 - Last modified time: 31
04 Apr, 2025 12:17:21 - 'Google Main Right Side' scraper is still running.
04 Apr, 2025 12:17:21 - Last modified time: 91
04 Apr, 2025 12:18:21 - 'Google Main Right Side' scraper is still running.
04 Apr, 2025 12:18:21 - Last modified time: 151
04 Apr, 2025 12:19:21 - 'Google Main Right Side' scraper is still running.
04 Apr, 2025 12:19:21 - Last modified time: 211
04 Apr, 2025 12:20:21 - 'Google Main Right Side' scraper is still running.
04 Apr, 2025 12:20:21 - Last modified time: 271
04 Apr, 2025 12:21:21 - 'Google Main Right Side' scraper is still running.
04 Apr, 2025 12:21:21 - Last modified time: 331
04 Apr, 2025 12:22:21 - 'Google Main Right Side' scraper is still running.
04 Apr, 2025 12:22:21 - Last modified time: 391
04 Apr, 2025 12:23:21 - 'Google Main Right Side' scraper is still running.
04 Apr, 2025 12:23:21 - Last modified time: 451
04 Apr, 2025 12:24:21 - 'Google Main Right Side' scraper is still running.
04 Apr, 2025 12:24:21 - Last modified time: 511
04 Apr, 2025 12:25:21 - 'Google Main Right Side' scraper is still running.
04 Apr, 2025 12:25:21 - Last modified time: 571
04 Apr, 2025 12:26:21 - 'Google Main Right Side' scraper is still running.
04 Apr, 2025 12:26:21 - Last modified time: 631
04 Apr, 2025 12:27:21 - 'Google Main Right Side' scraper is still running.
04 Apr, 2025 12:27:21 - Last modified time: 10
04 Apr, 2025 12:28:21 - 'Google Main Right Side' scraper is still running.
04 Apr, 2025 12:28:21 - Last modified time: 1
04 Apr, 2025 12:29:21 - 'Google Main Right Side' scraper is still running.
04 Apr, 2025 12:29:21 - Last modified time: 61
04 Apr, 2025 12:30:21 - 'Google Main Right Side' scraper is still running.
04 Apr, 2025 12:30:21 - Last modified time: 121
04 Apr, 2025 12:31:21 - 'Google Main Right Side' scraper is still running.
04 Apr, 2025 12:31:21 - Last modified time: 181
04 Apr, 2025 12:32:21 - 'Google Main Right Side' scraper is still running.
04 Apr, 2025 12:32:21 - Last modified time: 241
04 Apr, 2025 12:33:21 - 'Google Main Right Side' scraper is still running.
04 Apr, 2025 12:33:21 - Last modified time: 301
04 Apr, 2025 12:34:21 - 'Google Main Right Side' scraper is still running.
04 Apr, 2025 12:34:21 - Last modified time: 361
04 Apr, 2025 12:35:21 - 'Google Main Right Side' scraper is still running.
04 Apr, 2025 12:35:21 - Last modified time: 421
04 Apr, 2025 12:36:21 - 'Google Main Right Side' scraper is still running.
04 Apr, 2025 12:36:21 - Last modified time: 481
04 Apr, 2025 12:37:21 - 'Google Main Right Side' scraper is still running.
04 Apr, 2025 12:37:21 - Last modified time: 541
04 Apr, 2025 12:38:21 - 'Google Main Right Side' scraper is still running.
04 Apr, 2025 12:38:21 - Last modified time: 601
04 Apr, 2025 12:39:21 - 'Google Main Right Side' scraper is still running.
04 Apr, 2025 12:39:21 - Last modified time: 661
04 Apr, 2025 12:40:21 - 'Google Main Right Side' scraper is still running.
04 Apr, 2025 12:40:21 - Last modified time: 721
04 Apr, 2025 12:41:21 - 'Google Main Right Side' scraper is still running.
04 Apr, 2025 12:41:21 - Last modified time: 781
04 Apr, 2025 12:42:21 - 'Google Main Right Side' scraper is still running.
04 Apr, 2025 12:42:21 - Last modified time: 841
04 Apr, 2025 12:43:21 - 'Google Main Right Side' scraper is still running.
04 Apr, 2025 12:43:22 - Last modified time: 902
04 Apr, 2025 12:44:22 - 'Google Main Right Side' scraper is still running.
04 Apr, 2025 12:44:22 - Last modified time: 962
04 Apr, 2025 12:45:22 - 'Google Main Right Side' scraper is still running.
04 Apr, 2025 12:45:22 - Last modified time: 1022
04 Apr, 2025 12:46:22 - 'Google Main Right Side' scraper is still running.
04 Apr, 2025 12:46:22 - Last modified time: 1082
04 Apr, 2025 12:47:22 - 'Google Main Right Side' scraper is still running.
04 Apr, 2025 12:47:22 - Last modified time: 1142
04 Apr, 2025 12:48:22 - 'Google Main Right Side' scraper is still running.
04 Apr, 2025 12:48:22 - Last modified time: 1202
04 Apr, 2025 12:49:22 - 'Google Main Right Side' scraper is still running.
04 Apr, 2025 12:49:22 - Last modified time: 1262
04 Apr, 2025 12:50:22 - 'Google Main Right Side' scraper is still running.
04 Apr, 2025 12:50:22 - Last modified time: 1322
04 Apr, 2025 12:51:22 - 'Google Main Right Side' scraper is still running.
04 Apr, 2025 12:51:22 - Last modified time: 6
04 Apr, 2025 12:52:22 - 'Google Main Right Side' scraper is still running.
04 Apr, 2025 12:52:22 - Last modified time: 66
04 Apr, 2025 12:53:22 - 'Google Main Right Side' scraper is still running.
04 Apr, 2025 12:53:22 - Last modified time: 126
04 Apr, 2025 12:54:22 - 'Google Main Right Side' scraper is still running.
04 Apr, 2025 12:54:22 - Last modified time: 186
04 Apr, 2025 12:55:22 - 'Google Main Right Side' scraper is still running.
04 Apr, 2025 12:55:22 - Last modified time: 246
04 Apr, 2025 12:56:22 - 'Google Main Right Side' scraper is still running.
04 Apr, 2025 12:56:22 - Last modified time: 306
04 Apr, 2025 12:57:22 - 'Google Main Right Side' scraper is still running.
04 Apr, 2025 12:57:22 - Last modified time: 366
04 Apr, 2025 12:58:22 - 'Google Main Right Side' scraper is still running.
04 Apr, 2025 12:58:22 - Last modified time: 426
04 Apr, 2025 12:59:22 - 'Google Main Right Side' scraper is still running.
04 Apr, 2025 12:59:22 - Last modified time: 486
04 Apr, 2025 13:00:22 - 'Google Main Right Side' scraper is still running.
04 Apr, 2025 13:00:22 - Last modified time: 546
04 Apr, 2025 13:01:22 - 'Google Main Right Side' scraper is still running.
04 Apr, 2025 13:01:22 - Last modified time: 606
04 Apr, 2025 13:02:22 - 'Google Main Right Side' scraper is still running.
04 Apr, 2025 13:02:22 - Last modified time: 666
04 Apr, 2025 13:03:22 - 'Google Main Right Side' scraper is still running.
04 Apr, 2025 13:03:22 - Last modified time: 726
04 Apr, 2025 13:04:22 - 'Google Main Right Side' scraper is still running.
04 Apr, 2025 13:04:22 - Last modified time: 786
04 Apr, 2025 13:05:22 - 'Google Main Right Side' scraper is still running.
04 Apr, 2025 13:05:22 - Last modified time: 11
04 Apr, 2025 13:06:22 - 'Google Main Right Side' scraper is still running.
04 Apr, 2025 13:06:22 - Last modified time: 8
04 Apr, 2025 13:07:22 - 'Google Main Right Side' scraper is still running.
04 Apr, 2025 13:07:22 - Last modified time: 68
04 Apr, 2025 13:08:22 - 'Google Main Right Side' scraper is still running.
04 Apr, 2025 13:08:22 - Last modified time: 128
04 Apr, 2025 13:09:22 - 'Google Main Right Side' scraper is still running.
04 Apr, 2025 13:09:22 - Last modified time: 188
04 Apr, 2025 13:10:22 - 'Google Main Right Side' scraper is still running.
04 Apr, 2025 13:10:22 - Last modified time: 248
04 Apr, 2025 13:11:22 - 'Google Main Right Side' scraper is still running.
04 Apr, 2025 13:11:22 - Last modified time: 308
04 Apr, 2025 13:12:23 - 'Google Main Right Side' scraper is still running.
04 Apr, 2025 13:12:23 - Last modified time: 369
04 Apr, 2025 13:13:23 - 'Google Main Right Side' scraper is still running.
04 Apr, 2025 13:13:23 - Last modified time: 1
04 Apr, 2025 13:14:23 - 'Google Main Right Side' scraper is not running. Checking if it is stuck...
04 Apr, 2025 13:14:23 - Process finished. Restarting the process...
04 Apr, 2025 13:14:23 - 'Google Main Right Side' scraper started.
04 Apr, 2025 13:15:23 - 'Google Main Right Side' scraper is still running.
04 Apr, 2025 13:15:23 - Last modified time: 1
04 Apr, 2025 13:16:23 - 'Google Main Right Side' scraper is still running.
04 Apr, 2025 13:16:23 - Last modified time: 6
04 Apr, 2025 13:17:23 - 'Google Main Right Side' scraper is still running.
04 Apr, 2025 13:17:23 - Last modified time: 1
04 Apr, 2025 13:18:23 - 'Google Main Right Side' scraper is still running.
04 Apr, 2025 13:18:23 - Last modified time: 1
04 Apr, 2025 13:19:23 - 'Google Main Right Side' scraper is still running.
04 Apr, 2025 13:19:23 - Last modified time: 44
04 Apr, 2025 13:20:23 - 'Google Main Right Side' scraper is still running.
04 Apr, 2025 13:20:23 - Last modified time: 104
04 Apr, 2025 13:21:23 - 'Google Main Right Side' scraper is still running.
04 Apr, 2025 13:21:23 - Last modified time: 164
04 Apr, 2025 13:22:23 - 'Google Main Right Side' scraper is still running.
04 Apr, 2025 13:22:23 - Last modified time: 32
04 Apr, 2025 13:23:23 - 'Google Main Right Side' scraper is still running.
04 Apr, 2025 13:23:23 - Last modified time: 92
04 Apr, 2025 13:24:23 - 'Google Main Right Side' scraper is still running.
04 Apr, 2025 13:24:23 - Last modified time: 10
04 Apr, 2025 13:25:23 - 'Google Main Right Side' scraper is still running.
04 Apr, 2025 13:25:23 - Last modified time: 70
04 Apr, 2025 13:26:23 - 'Google Main Right Side' scraper is still running.
04 Apr, 2025 13:26:23 - Last modified time: 130
04 Apr, 2025 13:27:23 - 'Google Main Right Side' scraper is still running.
04 Apr, 2025 13:27:23 - Last modified time: 36
04 Apr, 2025 13:28:23 - 'Google Main Right Side' scraper is still running.
04 Apr, 2025 13:28:23 - Last modified time: 96
04 Apr, 2025 13:29:23 - 'Google Main Right Side' scraper is still running.
04 Apr, 2025 13:29:23 - Last modified time: 156
04 Apr, 2025 13:30:23 - 'Google Main Right Side' scraper is still running.
04 Apr, 2025 13:30:23 - Last modified time: 216
04 Apr, 2025 13:31:23 - 'Google Main Right Side' scraper is not running. Checking if it is stuck...
04 Apr, 2025 13:31:23 - Process finished. Restarting the process...
04 Apr, 2025 13:31:23 - 'Google Main Right Side' scraper started.
04 Apr, 2025 13:32:23 - 'Google Main Right Side' scraper is still running.
04 Apr, 2025 13:32:23 - Last modified time: 102
04 Apr, 2025 13:33:23 - 'Google Main Right Side' scraper is still running.
04 Apr, 2025 13:33:23 - Last modified time: 162
04 Apr, 2025 13:34:23 - 'Google Main Right Side' scraper is still running.
04 Apr, 2025 13:34:23 - Last modified time: 222
04 Apr, 2025 13:35:23 - 'Google Main Right Side' scraper is still running.
04 Apr, 2025 13:35:23 - Last modified time: 2
04 Apr, 2025 13:36:23 - 'Google Main Right Side' scraper is still running.
04 Apr, 2025 13:36:23 - Last modified time: 2
04 Apr, 2025 13:37:23 - 'Google Main Right Side' scraper is still running.
04 Apr, 2025 13:37:23 - Last modified time: 1
04 Apr, 2025 13:38:24 - 'Google Main Right Side' scraper is still running.
04 Apr, 2025 13:38:24 - Last modified time: 1
04 Apr, 2025 13:39:24 - 'Google Main Right Side' scraper is still running.
04 Apr, 2025 13:39:24 - Last modified time: 1
04 Apr, 2025 13:40:24 - 'Google Main Right Side' scraper is still running.
04 Apr, 2025 13:40:24 - Last modified time: 1
04 Apr, 2025 13:41:24 - 'Google Main Right Side' scraper is still running.
04 Apr, 2025 13:41:24 - Last modified time: 2
04 Apr, 2025 13:42:24 - 'Google Main Right Side' scraper is still running.
04 Apr, 2025 13:42:24 - Last modified time: 0
04 Apr, 2025 13:43:24 - 'Google Main Right Side' scraper is still running.
04 Apr, 2025 13:43:24 - Last modified time: 1
04 Apr, 2025 13:44:24 - 'Google Main Right Side' scraper is still running.
04 Apr, 2025 13:44:24 - Last modified time: 3
04 Apr, 2025 13:45:24 - 'Google Main Right Side' scraper is still running.
04 Apr, 2025 13:45:24 - Last modified time: 0
04 Apr, 2025 13:46:24 - 'Google Main Right Side' scraper is still running.
04 Apr, 2025 13:46:24 - Last modified time: 1
04 Apr, 2025 13:47:24 - 'Google Main Right Side' scraper is still running.
04 Apr, 2025 13:47:24 - Last modified time: 4
04 Apr, 2025 13:48:24 - 'Google Main Right Side' scraper is still running.
04 Apr, 2025 13:48:24 - Last modified time: 1
04 Apr, 2025 13:49:24 - 'Google Main Right Side' scraper is still running.
04 Apr, 2025 13:49:24 - Last modified time: 13
04 Apr, 2025 13:50:24 - 'Google Main Right Side' scraper is still running.
04 Apr, 2025 13:50:24 - Last modified time: 73
04 Apr, 2025 13:51:24 - 'Google Main Right Side' scraper is still running.
04 Apr, 2025 13:51:24 - Last modified time: 133
04 Apr, 2025 13:52:24 - 'Google Main Right Side' scraper is still running.
04 Apr, 2025 13:52:24 - Last modified time: 193
04 Apr, 2025 13:53:24 - 'Google Main Right Side' scraper is still running.
04 Apr, 2025 13:53:24 - Last modified time: 253
04 Apr, 2025 13:54:24 - 'Google Main Right Side' scraper is still running.
04 Apr, 2025 13:54:24 - Last modified time: 313
04 Apr, 2025 13:55:24 - 'Google Main Right Side' scraper is still running.
04 Apr, 2025 13:55:24 - Last modified time: 373
04 Apr, 2025 13:56:24 - 'Google Main Right Side' scraper is still running.
04 Apr, 2025 13:56:24 - Last modified time: 433
04 Apr, 2025 13:57:24 - 'Google Main Right Side' scraper is still running.
04 Apr, 2025 13:57:24 - Last modified time: 493
04 Apr, 2025 13:58:24 - 'Google Main Right Side' scraper is still running.
04 Apr, 2025 13:58:24 - Last modified time: 553
04 Apr, 2025 13:59:24 - 'Google Main Right Side' scraper is still running.
04 Apr, 2025 13:59:24 - Last modified time: 613
04 Apr, 2025 14:00:24 - 'Google Main Right Side' scraper is still running.
04 Apr, 2025 14:00:24 - Last modified time: 673
04 Apr, 2025 14:01:24 - 'Google Main Right Side' scraper is still running.
04 Apr, 2025 14:01:24 - Last modified time: 733
04 Apr, 2025 14:02:24 - 'Google Main Right Side' scraper is still running.
04 Apr, 2025 14:02:24 - Last modified time: 793
04 Apr, 2025 14:03:24 - 'Google Main Right Side' scraper is still running.
04 Apr, 2025 14:03:24 - Last modified time: 853
04 Apr, 2025 14:04:25 - 'Google Main Right Side' scraper is still running.
04 Apr, 2025 14:04:25 - Last modified time: 914
04 Apr, 2025 14:05:25 - 'Google Main Right Side' scraper is still running.
04 Apr, 2025 14:05:25 - Last modified time: 974
04 Apr, 2025 14:06:25 - 'Google Main Right Side' scraper is still running.
04 Apr, 2025 14:06:25 - Last modified time: 1034
04 Apr, 2025 14:07:25 - 'Google Main Right Side' scraper is still running.
04 Apr, 2025 14:07:25 - Last modified time: 33
04 Apr, 2025 14:08:25 - 'Google Main Right Side' scraper is still running.
04 Apr, 2025 14:08:25 - Last modified time: 93
04 Apr, 2025 14:09:25 - 'Google Main Right Side' scraper is still running.
04 Apr, 2025 14:09:25 - Last modified time: 153
04 Apr, 2025 14:10:25 - 'Google Main Right Side' scraper is still running.
04 Apr, 2025 14:10:25 - Last modified time: 213
04 Apr, 2025 14:11:25 - 'Google Main Right Side' scraper is still running.
04 Apr, 2025 14:11:25 - Last modified time: 273
04 Apr, 2025 14:12:25 - 'Google Main Right Side' scraper is still running.
04 Apr, 2025 14:12:25 - Last modified time: 333
04 Apr, 2025 14:13:25 - 'Google Main Right Side' scraper is still running.
04 Apr, 2025 14:13:25 - Last modified time: 393
04 Apr, 2025 14:14:25 - 'Google Main Right Side' scraper is still running.
04 Apr, 2025 14:14:25 - Last modified time: 48
04 Apr, 2025 14:15:25 - 'Google Main Right Side' scraper is still running.
04 Apr, 2025 14:15:25 - Last modified time: 108
04 Apr, 2025 14:16:25 - 'Google Main Right Side' scraper is still running.
04 Apr, 2025 14:16:25 - Last modified time: 168
04 Apr, 2025 14:17:25 - 'Google Main Right Side' scraper is still running.
04 Apr, 2025 14:17:25 - Last modified time: 228
04 Apr, 2025 14:18:25 - 'Google Main Right Side' scraper is still running.
04 Apr, 2025 14:18:25 - Last modified time: 288
04 Apr, 2025 14:19:25 - 'Google Main Right Side' scraper is still running.
04 Apr, 2025 14:19:25 - Last modified time: 348
04 Apr, 2025 14:20:25 - 'Google Main Right Side' scraper is still running.
04 Apr, 2025 14:20:25 - Last modified time: 408
04 Apr, 2025 14:21:25 - 'Google Main Right Side' scraper is still running.
04 Apr, 2025 14:21:25 - Last modified time: 468
04 Apr, 2025 14:22:25 - 'Google Main Right Side' scraper is still running.
04 Apr, 2025 14:22:25 - Last modified time: 528
04 Apr, 2025 14:23:25 - 'Google Main Right Side' scraper is still running.
04 Apr, 2025 14:23:25 - Last modified time: 588
04 Apr, 2025 14:24:25 - 'Google Main Right Side' scraper is still running.
04 Apr, 2025 14:24:25 - Last modified time: 648
04 Apr, 2025 14:25:25 - 'Google Main Right Side' scraper is still running.
04 Apr, 2025 14:25:25 - Last modified time: 708
04 Apr, 2025 14:26:25 - 'Google Main Right Side' scraper is still running.
04 Apr, 2025 14:26:25 - Last modified time: 768
04 Apr, 2025 14:27:25 - 'Google Main Right Side' scraper is still running.
04 Apr, 2025 14:27:25 - Last modified time: 828
04 Apr, 2025 14:28:25 - 'Google Main Right Side' scraper is still running.
04 Apr, 2025 14:28:25 - Last modified time: 888
04 Apr, 2025 14:29:25 - 'Google Main Right Side' scraper is still running.
04 Apr, 2025 14:29:25 - Last modified time: 948
04 Apr, 2025 14:30:25 - 'Google Main Right Side' scraper is not running. Checking if it is stuck...
04 Apr, 2025 14:30:25 - Process finished. Restarting the process...
04 Apr, 2025 14:30:25 - 'Google Main Right Side' scraper started.
04 Apr, 2025 14:31:25 - 'Google Main Right Side' scraper is still running.
04 Apr, 2025 14:31:26 - Last modified time: 109
04 Apr, 2025 14:32:26 - 'Google Main Right Side' scraper is still running.
04 Apr, 2025 14:32:26 - Last modified time: 2
04 Apr, 2025 14:33:26 - 'Google Main Right Side' scraper is still running.
04 Apr, 2025 14:33:26 - Last modified time: 3
04 Apr, 2025 14:34:26 - 'Google Main Right Side' scraper is still running.
04 Apr, 2025 14:34:26 - Last modified time: 5
04 Apr, 2025 14:35:26 - 'Google Main Right Side' scraper is still running.
04 Apr, 2025 14:35:26 - Last modified time: 1
04 Apr, 2025 14:36:26 - 'Google Main Right Side' scraper is still running.
04 Apr, 2025 14:36:26 - Last modified time: 1
04 Apr, 2025 14:37:26 - 'Google Main Right Side' scraper is still running.
04 Apr, 2025 14:37:26 - Last modified time: 1
04 Apr, 2025 14:38:26 - 'Google Main Right Side' scraper is still running.
04 Apr, 2025 14:38:26 - Last modified time: 1
04 Apr, 2025 14:39:26 - 'Google Main Right Side' scraper is still running.
04 Apr, 2025 14:39:26 - Last modified time: 1
04 Apr, 2025 14:40:26 - 'Google Main Right Side' scraper is still running.
04 Apr, 2025 14:40:26 - Last modified time: 1
04 Apr, 2025 14:41:26 - 'Google Main Right Side' scraper is still running.
04 Apr, 2025 14:41:26 - Last modified time: 1
04 Apr, 2025 14:42:26 - 'Google Main Right Side' scraper is still running.
04 Apr, 2025 14:42:26 - Last modified time: 0
04 Apr, 2025 14:43:26 - 'Google Main Right Side' scraper is still running.
04 Apr, 2025 14:43:26 - Last modified time: 1
04 Apr, 2025 14:44:26 - 'Google Main Right Side' scraper is still running.
04 Apr, 2025 14:44:26 - Last modified time: 0
04 Apr, 2025 14:45:26 - 'Google Main Right Side' scraper is still running.
04 Apr, 2025 14:45:26 - Last modified time: 1
04 Apr, 2025 14:46:26 - 'Google Main Right Side' scraper is still running.
04 Apr, 2025 14:46:26 - Last modified time: 6
04 Apr, 2025 14:47:26 - 'Google Main Right Side' scraper is still running.
04 Apr, 2025 14:47:26 - Last modified time: 0
04 Apr, 2025 14:48:26 - 'Google Main Right Side' scraper is still running.
04 Apr, 2025 14:48:26 - Last modified time: 1
04 Apr, 2025 14:49:26 - 'Google Main Right Side' scraper is still running.
04 Apr, 2025 14:49:26 - Last modified time: 1
04 Apr, 2025 14:50:26 - 'Google Main Right Side' scraper is still running.
04 Apr, 2025 14:50:26 - Last modified time: 2
04 Apr, 2025 14:51:26 - 'Google Main Right Side' scraper is still running.
04 Apr, 2025 14:51:26 - Last modified time: 21
04 Apr, 2025 14:52:26 - 'Google Main Right Side' scraper is still running.
04 Apr, 2025 14:52:26 - Last modified time: 81
04 Apr, 2025 14:53:26 - 'Google Main Right Side' scraper is still running.
04 Apr, 2025 14:53:26 - Last modified time: 141
04 Apr, 2025 14:54:26 - 'Google Main Right Side' scraper is still running.
04 Apr, 2025 14:54:26 - Last modified time: 201
04 Apr, 2025 14:55:26 - 'Google Main Right Side' scraper is still running.
04 Apr, 2025 14:55:26 - Last modified time: 261
04 Apr, 2025 14:56:26 - 'Google Main Right Side' scraper is still running.
04 Apr, 2025 14:56:26 - Last modified time: 321
04 Apr, 2025 14:57:27 - 'Google Main Right Side' scraper is still running.
04 Apr, 2025 14:57:27 - Last modified time: 382
04 Apr, 2025 14:58:27 - 'Google Main Right Side' scraper is still running.
04 Apr, 2025 14:58:27 - Last modified time: 442
04 Apr, 2025 14:59:27 - 'Google Main Right Side' scraper is still running.
04 Apr, 2025 14:59:27 - Last modified time: 502
04 Apr, 2025 15:00:27 - 'Google Main Right Side' scraper is still running.
04 Apr, 2025 15:00:27 - Last modified time: 562
04 Apr, 2025 15:01:27 - 'Google Main Right Side' scraper is still running.
04 Apr, 2025 15:01:27 - Last modified time: 622
04 Apr, 2025 15:02:27 - 'Google Main Right Side' scraper is still running.
04 Apr, 2025 15:02:27 - Last modified time: 682
04 Apr, 2025 15:03:27 - 'Google Main Right Side' scraper is still running.
04 Apr, 2025 15:03:27 - Last modified time: 742
04 Apr, 2025 15:04:27 - 'Google Main Right Side' scraper is still running.
04 Apr, 2025 15:04:27 - Last modified time: 802
04 Apr, 2025 15:05:27 - 'Google Main Right Side' scraper is still running.
04 Apr, 2025 15:05:27 - Last modified time: 862
04 Apr, 2025 15:06:27 - 'Google Main Right Side' scraper is still running.
04 Apr, 2025 15:06:27 - Last modified time: 922
04 Apr, 2025 15:07:27 - 'Google Main Right Side' scraper is still running.
04 Apr, 2025 15:07:27 - Last modified time: 982
04 Apr, 2025 15:08:27 - 'Google Main Right Side' scraper is still running.
04 Apr, 2025 15:08:27 - Last modified time: 1042
04 Apr, 2025 15:09:27 - 'Google Main Right Side' scraper is still running.
04 Apr, 2025 15:09:27 - Last modified time: 1102
04 Apr, 2025 15:10:27 - 'Google Main Right Side' scraper is still running.
04 Apr, 2025 15:10:27 - Last modified time: 1162
04 Apr, 2025 15:11:27 - 'Google Main Right Side' scraper is still running.
04 Apr, 2025 15:11:27 - Last modified time: 3
04 Apr, 2025 15:12:27 - 'Google Main Right Side' scraper is still running.
04 Apr, 2025 15:12:27 - Last modified time: 63
04 Apr, 2025 15:13:27 - 'Google Main Right Side' scraper is still running.
04 Apr, 2025 15:13:27 - Last modified time: 123
04 Apr, 2025 15:14:27 - 'Google Main Right Side' scraper is still running.
04 Apr, 2025 15:14:27 - Last modified time: 183
04 Apr, 2025 15:15:27 - 'Google Main Right Side' scraper is still running.
04 Apr, 2025 15:15:27 - Last modified time: 243
04 Apr, 2025 15:16:27 - 'Google Main Right Side' scraper is still running.
04 Apr, 2025 15:16:27 - Last modified time: 1
04 Apr, 2025 15:17:27 - 'Google Main Right Side' scraper is still running.
04 Apr, 2025 15:17:27 - Last modified time: 58
04 Apr, 2025 15:18:27 - 'Google Main Right Side' scraper is still running.
04 Apr, 2025 15:18:27 - Last modified time: 118
04 Apr, 2025 15:19:27 - 'Google Main Right Side' scraper is still running.
04 Apr, 2025 15:19:27 - Last modified time: 178
04 Apr, 2025 15:20:27 - 'Google Main Right Side' scraper is still running.
04 Apr, 2025 15:20:27 - Last modified time: 238
04 Apr, 2025 15:21:27 - 'Google Main Right Side' scraper is still running.
04 Apr, 2025 15:21:27 - Last modified time: 298
04 Apr, 2025 15:22:27 - 'Google Main Right Side' scraper is still running.
04 Apr, 2025 15:22:27 - Last modified time: 358
04 Apr, 2025 15:23:27 - 'Google Main Right Side' scraper is still running.
04 Apr, 2025 15:23:27 - Last modified time: 418
04 Apr, 2025 15:24:28 - 'Google Main Right Side' scraper is still running.
04 Apr, 2025 15:24:28 - Last modified time: 479
04 Apr, 2025 15:25:28 - 'Google Main Right Side' scraper is still running.
04 Apr, 2025 15:25:28 - Last modified time: 539
04 Apr, 2025 15:26:28 - 'Google Main Right Side' scraper is not running. Checking if it is stuck...
04 Apr, 2025 15:26:28 - Process finished. Restarting the process...
04 Apr, 2025 15:26:28 - 'Google Main Right Side' scraper started.
04 Apr, 2025 15:27:28 - 'Google Main Right Side' scraper is still running.
04 Apr, 2025 15:27:28 - Last modified time: 2
04 Apr, 2025 15:28:28 - 'Google Main Right Side' scraper is still running.
04 Apr, 2025 15:28:28 - Last modified time: 5
04 Apr, 2025 15:29:28 - 'Google Main Right Side' scraper is still running.
04 Apr, 2025 15:29:28 - Last modified time: 6
04 Apr, 2025 15:30:28 - 'Google Main Right Side' scraper is still running.
04 Apr, 2025 15:30:28 - Last modified time: 0
04 Apr, 2025 15:31:28 - 'Google Main Right Side' scraper is still running.
04 Apr, 2025 15:31:28 - Last modified time: 0
04 Apr, 2025 15:32:28 - 'Google Main Right Side' scraper is still running.
04 Apr, 2025 15:32:28 - Last modified time: 1
04 Apr, 2025 15:33:28 - 'Google Main Right Side' scraper is still running.
04 Apr, 2025 15:33:28 - Last modified time: 0
04 Apr, 2025 15:34:28 - 'Google Main Right Side' scraper is still running.
04 Apr, 2025 15:34:28 - Last modified time: 0
04 Apr, 2025 15:35:28 - 'Google Main Right Side' scraper is still running.
04 Apr, 2025 15:35:28 - Last modified time: 0
04 Apr, 2025 15:36:28 - 'Google Main Right Side' scraper is still running.
04 Apr, 2025 15:36:28 - Last modified time: 1
04 Apr, 2025 15:37:29 - 'Google Main Right Side' scraper is still running.
04 Apr, 2025 15:37:29 - Last modified time: 3
04 Apr, 2025 15:38:29 - 'Google Main Right Side' scraper is still running.
04 Apr, 2025 15:38:29 - Last modified time: 4
04 Apr, 2025 15:39:29 - 'Google Main Right Side' scraper is still running.
04 Apr, 2025 15:39:29 - Last modified time: 1
04 Apr, 2025 15:40:29 - 'Google Main Right Side' scraper is still running.
04 Apr, 2025 15:40:29 - Last modified time: 1
04 Apr, 2025 15:41:29 - 'Google Main Right Side' scraper is still running.
04 Apr, 2025 15:41:29 - Last modified time: 2
04 Apr, 2025 15:42:29 - 'Google Main Right Side' scraper is still running.
04 Apr, 2025 15:42:29 - Last modified time: 5
04 Apr, 2025 15:43:29 - 'Google Main Right Side' scraper is still running.
04 Apr, 2025 15:43:29 - Last modified time: 6
04 Apr, 2025 15:44:29 - 'Google Main Right Side' scraper is still running.
04 Apr, 2025 15:44:29 - Last modified time: 6
04 Apr, 2025 15:45:29 - 'Google Main Right Side' scraper is still running.
04 Apr, 2025 15:45:29 - Last modified time: 7
04 Apr, 2025 15:46:29 - 'Google Main Right Side' scraper is still running.
04 Apr, 2025 15:46:29 - Last modified time: 3
04 Apr, 2025 15:47:29 - 'Google Main Right Side' scraper is still running.
04 Apr, 2025 15:47:29 - Last modified time: 46
04 Apr, 2025 15:48:29 - 'Google Main Right Side' scraper is still running.
04 Apr, 2025 15:48:29 - Last modified time: 1
04 Apr, 2025 15:49:29 - 'Google Main Right Side' scraper is still running.
04 Apr, 2025 15:49:29 - Last modified time: 61
04 Apr, 2025 15:50:29 - 'Google Main Right Side' scraper is still running.
04 Apr, 2025 15:50:29 - Last modified time: 121
04 Apr, 2025 15:51:29 - 'Google Main Right Side' scraper is still running.
04 Apr, 2025 15:51:29 - Last modified time: 181
04 Apr, 2025 15:52:29 - 'Google Main Right Side' scraper is still running.
04 Apr, 2025 15:52:29 - Last modified time: 241
04 Apr, 2025 15:53:29 - 'Google Main Right Side' scraper is still running.
04 Apr, 2025 15:53:29 - Last modified time: 301
04 Apr, 2025 15:54:29 - 'Google Main Right Side' scraper is still running.
04 Apr, 2025 15:54:29 - Last modified time: 361
04 Apr, 2025 15:55:29 - 'Google Main Right Side' scraper is still running.
04 Apr, 2025 15:55:29 - Last modified time: 421
04 Apr, 2025 15:56:29 - 'Google Main Right Side' scraper is still running.
04 Apr, 2025 15:56:29 - Last modified time: 481
04 Apr, 2025 15:57:29 - 'Google Main Right Side' scraper is still running.
04 Apr, 2025 15:57:29 - Last modified time: 541
04 Apr, 2025 15:58:29 - 'Google Main Right Side' scraper is still running.
04 Apr, 2025 15:58:29 - Last modified time: 601
04 Apr, 2025 15:59:29 - 'Google Main Right Side' scraper is still running.
04 Apr, 2025 15:59:29 - Last modified time: 661
04 Apr, 2025 16:00:29 - 'Google Main Right Side' scraper is still running.
04 Apr, 2025 16:00:29 - Last modified time: 721
04 Apr, 2025 16:01:29 - 'Google Main Right Side' scraper is still running.
04 Apr, 2025 16:01:29 - Last modified time: 781
04 Apr, 2025 16:02:29 - 'Google Main Right Side' scraper is still running.
04 Apr, 2025 16:02:29 - Last modified time: 1
04 Apr, 2025 16:03:29 - 'Google Main Right Side' scraper is still running.
04 Apr, 2025 16:03:29 - Last modified time: 61
04 Apr, 2025 16:04:29 - 'Google Main Right Side' scraper is still running.
04 Apr, 2025 16:04:29 - Last modified time: 121
04 Apr, 2025 16:05:30 - 'Google Main Right Side' scraper is still running.
04 Apr, 2025 16:05:30 - Last modified time: 19
04 Apr, 2025 16:06:30 - 'Google Main Right Side' scraper is still running.
04 Apr, 2025 16:06:30 - Last modified time: 79
04 Apr, 2025 16:07:30 - 'Google Main Right Side' scraper is still running.
04 Apr, 2025 16:07:30 - Last modified time: 139
04 Apr, 2025 16:08:30 - 'Google Main Right Side' scraper is still running.
04 Apr, 2025 16:08:30 - Last modified time: 199
04 Apr, 2025 16:09:30 - 'Google Main Right Side' scraper is still running.
04 Apr, 2025 16:09:30 - Last modified time: 259
04 Apr, 2025 16:10:30 - 'Google Main Right Side' scraper is still running.
04 Apr, 2025 16:10:30 - Last modified time: 319
04 Apr, 2025 16:11:30 - 'Google Main Right Side' scraper is still running.
04 Apr, 2025 16:11:30 - Last modified time: 379
04 Apr, 2025 16:12:30 - 'Google Main Right Side' scraper is still running.
04 Apr, 2025 16:12:30 - Last modified time: 439
04 Apr, 2025 16:13:30 - 'Google Main Right Side' scraper is still running.
04 Apr, 2025 16:13:30 - Last modified time: 499
04 Apr, 2025 16:14:30 - 'Google Main Right Side' scraper is still running.
04 Apr, 2025 16:14:30 - Last modified time: 559
04 Apr, 2025 16:15:30 - 'Google Main Right Side' scraper is still running.
04 Apr, 2025 16:15:30 - Last modified time: 42
04 Apr, 2025 16:16:30 - 'Google Main Right Side' scraper is still running.
04 Apr, 2025 16:16:30 - Last modified time: 102
04 Apr, 2025 16:17:30 - 'Google Main Right Side' scraper is still running.
04 Apr, 2025 16:17:30 - Last modified time: 162
04 Apr, 2025 16:18:30 - 'Google Main Right Side' scraper is still running.
04 Apr, 2025 16:18:30 - Last modified time: 222
04 Apr, 2025 16:19:30 - 'Google Main Right Side' scraper is still running.
04 Apr, 2025 16:19:30 - Last modified time: 282
04 Apr, 2025 16:20:30 - 'Google Main Right Side' scraper is still running.
04 Apr, 2025 16:20:30 - Last modified time: 342
04 Apr, 2025 16:21:30 - 'Google Main Right Side' scraper is still running.
04 Apr, 2025 16:21:30 - Last modified time: 402
04 Apr, 2025 16:22:30 - 'Google Main Right Side' scraper is still running.
04 Apr, 2025 16:22:30 - Last modified time: 462
04 Apr, 2025 16:23:30 - 'Google Main Right Side' scraper is still running.
04 Apr, 2025 16:23:30 - Last modified time: 522
04 Apr, 2025 16:24:30 - 'Google Main Right Side' scraper is still running.
04 Apr, 2025 16:24:30 - Last modified time: 582
04 Apr, 2025 16:25:30 - 'Google Main Right Side' scraper is still running.
04 Apr, 2025 16:25:30 - Last modified time: 642
04 Apr, 2025 16:26:30 - 'Google Main Right Side' scraper is still running.
04 Apr, 2025 16:26:30 - Last modified time: 702
04 Apr, 2025 16:27:30 - 'Google Main Right Side' scraper is still running.
04 Apr, 2025 16:27:30 - Last modified time: 762
04 Apr, 2025 16:28:30 - 'Google Main Right Side' scraper is still running.
04 Apr, 2025 16:28:30 - Last modified time: 822
04 Apr, 2025 16:29:30 - 'Google Main Right Side' scraper is still running.
04 Apr, 2025 16:29:30 - Last modified time: 882
04 Apr, 2025 16:30:30 - 'Google Main Right Side' scraper is still running.
04 Apr, 2025 16:30:30 - Last modified time: 942
04 Apr, 2025 16:31:30 - 'Google Main Right Side' scraper is still running.
04 Apr, 2025 16:31:30 - Last modified time: 1002
04 Apr, 2025 16:32:30 - 'Google Main Right Side' scraper is still running.
04 Apr, 2025 16:32:30 - Last modified time: 1062
04 Apr, 2025 16:33:31 - 'Google Main Right Side' scraper is still running.
04 Apr, 2025 16:33:31 - Last modified time: 1123
04 Apr, 2025 16:34:31 - 'Google Main Right Side' scraper is still running.
04 Apr, 2025 16:34:31 - Last modified time: 1183
04 Apr, 2025 16:35:31 - 'Google Main Right Side' scraper is still running.
04 Apr, 2025 16:35:31 - Last modified time: 1243
04 Apr, 2025 16:36:31 - 'Google Main Right Side' scraper is still running.
04 Apr, 2025 16:36:31 - Last modified time: 50
04 Apr, 2025 16:37:31 - 'Google Main Right Side' scraper is still running.
04 Apr, 2025 16:37:31 - Last modified time: 110
04 Apr, 2025 16:38:31 - 'Google Main Right Side' scraper is still running.
04 Apr, 2025 16:38:31 - Last modified time: 170
04 Apr, 2025 16:39:31 - 'Google Main Right Side' scraper is still running.
04 Apr, 2025 16:39:31 - Last modified time: 230
04 Apr, 2025 16:40:31 - 'Google Main Right Side' scraper is still running.
04 Apr, 2025 16:40:31 - Last modified time: 3
04 Apr, 2025 16:41:31 - 'Google Main Right Side' scraper is not running. Checking if it is stuck...
04 Apr, 2025 16:41:31 - Process finished. Restarting the process...
04 Apr, 2025 16:41:31 - 'Google Main Right Side' scraper started.
04 Apr, 2025 16:42:31 - 'Google Main Right Side' scraper is still running.
04 Apr, 2025 16:42:31 - Last modified time: 112
04 Apr, 2025 16:43:31 - 'Google Main Right Side' scraper is still running.
04 Apr, 2025 16:43:31 - Last modified time: 172
04 Apr, 2025 16:44:31 - 'Google Main Right Side' scraper is still running.
04 Apr, 2025 16:44:31 - Last modified time: 232
04 Apr, 2025 16:45:31 - 'Google Main Right Side' scraper is still running.
04 Apr, 2025 16:45:31 - Last modified time: 292
04 Apr, 2025 16:46:31 - 'Google Main Right Side' scraper is still running.
04 Apr, 2025 16:46:31 - Last modified time: 2
04 Apr, 2025 16:47:31 - 'Google Main Right Side' scraper is still running.
04 Apr, 2025 16:47:31 - Last modified time: 25
04 Apr, 2025 16:48:31 - 'Google Main Right Side' scraper is still running.
04 Apr, 2025 16:48:31 - Last modified time: 1
04 Apr, 2025 16:49:31 - 'Google Main Right Side' scraper is still running.
04 Apr, 2025 16:49:31 - Last modified time: 5
04 Apr, 2025 16:50:32 - 'Google Main Right Side' scraper is still running.
04 Apr, 2025 16:50:32 - Last modified time: 2
04 Apr, 2025 16:51:32 - 'Google Main Right Side' scraper is still running.
04 Apr, 2025 16:51:32 - Last modified time: 1
04 Apr, 2025 16:52:32 - 'Google Main Right Side' scraper is still running.
04 Apr, 2025 16:52:32 - Last modified time: 2
04 Apr, 2025 16:53:32 - 'Google Main Right Side' scraper is still running.
04 Apr, 2025 16:53:32 - Last modified time: 1
04 Apr, 2025 16:54:32 - 'Google Main Right Side' scraper is still running.
04 Apr, 2025 16:54:32 - Last modified time: 0
04 Apr, 2025 16:55:32 - 'Google Main Right Side' scraper is still running.
04 Apr, 2025 16:55:32 - Last modified time: 0
04 Apr, 2025 16:56:32 - 'Google Main Right Side' scraper is still running.
04 Apr, 2025 16:56:32 - Last modified time: 2
04 Apr, 2025 16:57:32 - 'Google Main Right Side' scraper is still running.
04 Apr, 2025 16:57:32 - Last modified time: 3
04 Apr, 2025 16:58:32 - 'Google Main Right Side' scraper is still running.
04 Apr, 2025 16:58:32 - Last modified time: 3
04 Apr, 2025 16:59:32 - 'Google Main Right Side' scraper is still running.
04 Apr, 2025 16:59:32 - Last modified time: 1
04 Apr, 2025 17:00:32 - 'Google Main Right Side' scraper is still running.
04 Apr, 2025 17:00:32 - Last modified time: 2
04 Apr, 2025 17:01:32 - 'Google Main Right Side' scraper is still running.
04 Apr, 2025 17:01:32 - Last modified time: 0
04 Apr, 2025 17:02:32 - 'Google Main Right Side' scraper is still running.
04 Apr, 2025 17:02:32 - Last modified time: 3
04 Apr, 2025 17:03:32 - 'Google Main Right Side' scraper is still running.
04 Apr, 2025 17:03:32 - Last modified time: 3
04 Apr, 2025 17:04:32 - 'Google Main Right Side' scraper is still running.
04 Apr, 2025 17:04:32 - Last modified time: 3
04 Apr, 2025 17:05:32 - 'Google Main Right Side' scraper is still running.
04 Apr, 2025 17:05:32 - Last modified time: 0
04 Apr, 2025 17:06:32 - 'Google Main Right Side' scraper is still running.
04 Apr, 2025 17:06:32 - Last modified time: 22
04 Apr, 2025 17:07:32 - 'Google Main Right Side' scraper is still running.
04 Apr, 2025 17:07:32 - Last modified time: 82
04 Apr, 2025 17:08:32 - 'Google Main Right Side' scraper is still running.
04 Apr, 2025 17:08:32 - Last modified time: 142
04 Apr, 2025 17:09:32 - 'Google Main Right Side' scraper is still running.
04 Apr, 2025 17:09:32 - Last modified time: 202
04 Apr, 2025 17:10:32 - 'Google Main Right Side' scraper is still running.
04 Apr, 2025 17:10:32 - Last modified time: 262
04 Apr, 2025 17:11:32 - 'Google Main Right Side' scraper is still running.
04 Apr, 2025 17:11:32 - Last modified time: 322
04 Apr, 2025 17:12:32 - 'Google Main Right Side' scraper is still running.
04 Apr, 2025 17:12:32 - Last modified time: 382
04 Apr, 2025 17:13:32 - 'Google Main Right Side' scraper is still running.
04 Apr, 2025 17:13:32 - Last modified time: 442
04 Apr, 2025 17:14:32 - 'Google Main Right Side' scraper is still running.
04 Apr, 2025 17:14:32 - Last modified time: 502
04 Apr, 2025 17:15:32 - 'Google Main Right Side' scraper is still running.
04 Apr, 2025 17:15:32 - Last modified time: 562
04 Apr, 2025 17:16:33 - 'Google Main Right Side' scraper is still running.
04 Apr, 2025 17:16:33 - Last modified time: 623
04 Apr, 2025 17:17:33 - 'Google Main Right Side' scraper is still running.
04 Apr, 2025 17:17:33 - Last modified time: 683
04 Apr, 2025 17:18:33 - 'Google Main Right Side' scraper is still running.
04 Apr, 2025 17:18:33 - Last modified time: 743
04 Apr, 2025 17:19:33 - 'Google Main Right Side' scraper is still running.
04 Apr, 2025 17:19:33 - Last modified time: 803
04 Apr, 2025 17:20:33 - 'Google Main Right Side' scraper is still running.
04 Apr, 2025 17:20:33 - Last modified time: 863
04 Apr, 2025 17:21:33 - 'Google Main Right Side' scraper is still running.
04 Apr, 2025 17:21:33 - Last modified time: 923
04 Apr, 2025 17:22:33 - 'Google Main Right Side' scraper is still running.
04 Apr, 2025 17:22:33 - Last modified time: 983
04 Apr, 2025 17:23:33 - 'Google Main Right Side' scraper is still running.
04 Apr, 2025 17:23:33 - Last modified time: 1043
04 Apr, 2025 17:24:33 - 'Google Main Right Side' scraper is still running.
04 Apr, 2025 17:24:33 - Last modified time: 1103
04 Apr, 2025 17:25:33 - 'Google Main Right Side' scraper is still running.
04 Apr, 2025 17:25:33 - Last modified time: 1163
04 Apr, 2025 17:26:33 - 'Google Main Right Side' scraper is still running.
04 Apr, 2025 17:26:33 - Last modified time: 1223
04 Apr, 2025 17:27:33 - 'Google Main Right Side' scraper is still running.
04 Apr, 2025 17:27:33 - Last modified time: 1283
04 Apr, 2025 17:28:33 - 'Google Main Right Side' scraper is still running.
04 Apr, 2025 17:28:33 - Last modified time: 30
04 Apr, 2025 17:29:33 - 'Google Main Right Side' scraper is still running.
04 Apr, 2025 17:29:33 - Last modified time: 90
04 Apr, 2025 17:30:33 - 'Google Main Right Side' scraper is still running.
04 Apr, 2025 17:30:33 - Last modified time: 150
04 Apr, 2025 17:31:33 - 'Google Main Right Side' scraper is still running.
04 Apr, 2025 17:31:33 - Last modified time: 210
04 Apr, 2025 17:32:33 - 'Google Main Right Side' scraper is still running.
04 Apr, 2025 17:32:33 - Last modified time: 270
04 Apr, 2025 17:33:33 - 'Google Main Right Side' scraper is still running.
04 Apr, 2025 17:33:33 - Last modified time: 330
04 Apr, 2025 17:34:33 - 'Google Main Right Side' scraper is still running.
04 Apr, 2025 17:34:33 - Last modified time: 31
04 Apr, 2025 17:35:33 - 'Google Main Right Side' scraper is still running.
04 Apr, 2025 17:35:33 - Last modified time: 91
04 Apr, 2025 17:36:33 - 'Google Main Right Side' scraper is still running.
04 Apr, 2025 17:36:33 - Last modified time: 151
04 Apr, 2025 17:37:33 - 'Google Main Right Side' scraper is still running.
04 Apr, 2025 17:37:33 - Last modified time: 211
04 Apr, 2025 17:38:33 - 'Google Main Right Side' scraper is still running.
04 Apr, 2025 17:38:33 - Last modified time: 271
04 Apr, 2025 17:39:33 - 'Google Main Right Side' scraper is still running.
04 Apr, 2025 17:39:33 - Last modified time: 24
04 Apr, 2025 17:40:33 - 'Google Main Right Side' scraper is still running.
04 Apr, 2025 17:40:33 - Last modified time: 84
04 Apr, 2025 17:41:33 - 'Google Main Right Side' scraper is still running.
04 Apr, 2025 17:41:33 - Last modified time: 144
04 Apr, 2025 17:42:33 - 'Google Main Right Side' scraper is still running.
04 Apr, 2025 17:42:33 - Last modified time: 204
04 Apr, 2025 17:43:33 - 'Google Main Right Side' scraper is still running.
04 Apr, 2025 17:43:33 - Last modified time: 264
04 Apr, 2025 17:44:33 - 'Google Main Right Side' scraper is still running.
04 Apr, 2025 17:44:33 - Last modified time: 324
04 Apr, 2025 17:45:33 - 'Google Main Right Side' scraper is still running.
04 Apr, 2025 17:45:34 - Last modified time: 385
04 Apr, 2025 17:46:34 - 'Google Main Right Side' scraper is still running.
04 Apr, 2025 17:46:34 - Last modified time: 445
04 Apr, 2025 17:47:34 - 'Google Main Right Side' scraper is still running.
04 Apr, 2025 17:47:34 - Last modified time: 505
04 Apr, 2025 17:48:34 - 'Google Main Right Side' scraper is still running.
04 Apr, 2025 17:48:34 - Last modified time: 36
04 Apr, 2025 17:49:34 - 'Google Main Right Side' scraper is still running.
04 Apr, 2025 17:49:34 - Last modified time: 96
04 Apr, 2025 17:50:34 - 'Google Main Right Side' scraper is still running.
04 Apr, 2025 17:50:34 - Last modified time: 156
04 Apr, 2025 17:51:34 - 'Google Main Right Side' scraper is still running.
04 Apr, 2025 17:51:34 - Last modified time: 216
04 Apr, 2025 17:52:34 - 'Google Main Right Side' scraper is still running.
04 Apr, 2025 17:52:34 - Last modified time: 276
04 Apr, 2025 17:53:34 - 'Google Main Right Side' scraper is still running.
04 Apr, 2025 17:53:34 - Last modified time: 336
04 Apr, 2025 17:54:34 - 'Google Main Right Side' scraper is still running.
04 Apr, 2025 17:54:34 - Last modified time: 396
04 Apr, 2025 17:55:34 - 'Google Main Right Side' scraper is still running.
04 Apr, 2025 17:55:34 - Last modified time: 456
04 Apr, 2025 17:56:34 - 'Google Main Right Side' scraper is still running.
04 Apr, 2025 17:56:34 - Last modified time: 516
04 Apr, 2025 17:57:34 - 'Google Main Right Side' scraper is still running.
04 Apr, 2025 17:57:34 - Last modified time: 576
04 Apr, 2025 17:58:34 - 'Google Main Right Side' scraper is still running.
04 Apr, 2025 17:58:34 - Last modified time: 636
04 Apr, 2025 17:59:34 - 'Google Main Right Side' scraper is still running.
04 Apr, 2025 17:59:34 - Last modified time: 17
04 Apr, 2025 18:00:34 - 'Google Main Right Side' scraper is still running.
04 Apr, 2025 18:00:34 - Last modified time: 77
04 Apr, 2025 18:01:34 - 'Google Main Right Side' scraper is still running.
04 Apr, 2025 18:01:34 - Last modified time: 137
04 Apr, 2025 18:02:34 - 'Google Main Right Side' scraper is still running.
04 Apr, 2025 18:02:34 - Last modified time: 197
04 Apr, 2025 18:03:34 - 'Google Main Right Side' scraper is still running.
04 Apr, 2025 18:03:34 - Last modified time: 257
04 Apr, 2025 18:04:34 - 'Google Main Right Side' scraper is still running.
04 Apr, 2025 18:04:34 - Last modified time: 317
04 Apr, 2025 18:05:34 - 'Google Main Right Side' scraper is still running.
04 Apr, 2025 18:05:34 - Last modified time: 377
04 Apr, 2025 18:06:34 - 'Google Main Right Side' scraper is still running.
04 Apr, 2025 18:06:34 - Last modified time: 437
04 Apr, 2025 18:07:34 - 'Google Main Right Side' scraper is still running.
04 Apr, 2025 18:07:34 - Last modified time: 497
04 Apr, 2025 18:08:34 - 'Google Main Right Side' scraper is still running.
04 Apr, 2025 18:08:34 - Last modified time: 557
04 Apr, 2025 18:09:34 - 'Google Main Right Side' scraper is still running.
04 Apr, 2025 18:09:34 - Last modified time: 617
04 Apr, 2025 18:10:34 - 'Google Main Right Side' scraper is not running. Checking if it is stuck...
04 Apr, 2025 18:10:34 - Process finished. Restarting the process...
04 Apr, 2025 18:10:34 - 'Google Main Right Side' scraper started.
04 Apr, 2025 18:11:34 - 'Google Main Right Side' scraper is still running.
04 Apr, 2025 18:11:34 - Last modified time: 100
04 Apr, 2025 18:12:35 - 'Google Main Right Side' scraper is still running.
04 Apr, 2025 18:12:35 - Last modified time: 1
04 Apr, 2025 18:13:35 - 'Google Main Right Side' scraper is still running.
04 Apr, 2025 18:13:35 - Last modified time: 2
04 Apr, 2025 18:14:35 - 'Google Main Right Side' scraper is still running.
04 Apr, 2025 18:14:35 - Last modified time: 1
04 Apr, 2025 18:15:35 - 'Google Main Right Side' scraper is still running.
04 Apr, 2025 18:15:35 - Last modified time: 0
04 Apr, 2025 18:16:35 - 'Google Main Right Side' scraper is still running.
04 Apr, 2025 18:16:35 - Last modified time: 1
04 Apr, 2025 18:17:35 - 'Google Main Right Side' scraper is still running.
04 Apr, 2025 18:17:35 - Last modified time: 1
04 Apr, 2025 18:18:35 - 'Google Main Right Side' scraper is still running.
04 Apr, 2025 18:18:35 - Last modified time: 1
04 Apr, 2025 18:19:35 - 'Google Main Right Side' scraper is still running.
04 Apr, 2025 18:19:35 - Last modified time: 0
04 Apr, 2025 18:20:35 - 'Google Main Right Side' scraper is still running.
04 Apr, 2025 18:20:35 - Last modified time: 2
04 Apr, 2025 18:21:35 - 'Google Main Right Side' scraper is still running.
04 Apr, 2025 18:21:35 - Last modified time: 3
04 Apr, 2025 18:22:35 - 'Google Main Right Side' scraper is still running.
04 Apr, 2025 18:22:35 - Last modified time: 2
04 Apr, 2025 18:23:35 - 'Google Main Right Side' scraper is still running.
04 Apr, 2025 18:23:35 - Last modified time: 0
04 Apr, 2025 18:24:35 - 'Google Main Right Side' scraper is still running.
04 Apr, 2025 18:24:35 - Last modified time: 1
04 Apr, 2025 18:25:35 - 'Google Main Right Side' scraper is still running.
04 Apr, 2025 18:25:35 - Last modified time: 0
04 Apr, 2025 18:26:35 - 'Google Main Right Side' scraper is still running.
04 Apr, 2025 18:26:35 - Last modified time: 0
04 Apr, 2025 18:27:35 - 'Google Main Right Side' scraper is still running.
04 Apr, 2025 18:27:35 - Last modified time: 1
04 Apr, 2025 18:28:35 - 'Google Main Right Side' scraper is still running.
04 Apr, 2025 18:28:35 - Last modified time: 0
04 Apr, 2025 18:29:35 - 'Google Main Right Side' scraper is still running.
04 Apr, 2025 18:29:35 - Last modified time: 0
04 Apr, 2025 18:30:35 - 'Google Main Right Side' scraper is still running.
04 Apr, 2025 18:30:35 - Last modified time: 3
04 Apr, 2025 18:31:35 - 'Google Main Right Side' scraper is still running.
04 Apr, 2025 18:31:35 - Last modified time: 0
04 Apr, 2025 18:32:35 - 'Google Main Right Side' scraper is still running.
04 Apr, 2025 18:32:35 - Last modified time: 20
04 Apr, 2025 18:33:35 - 'Google Main Right Side' scraper is still running.
04 Apr, 2025 18:33:35 - Last modified time: 80
04 Apr, 2025 18:34:35 - 'Google Main Right Side' scraper is still running.
04 Apr, 2025 18:34:36 - Last modified time: 140
04 Apr, 2025 18:35:36 - 'Google Main Right Side' scraper is still running.
04 Apr, 2025 18:35:36 - Last modified time: 201
04 Apr, 2025 18:36:36 - 'Google Main Right Side' scraper is still running.
04 Apr, 2025 18:36:36 - Last modified time: 261
04 Apr, 2025 18:37:36 - 'Google Main Right Side' scraper is still running.
04 Apr, 2025 18:37:36 - Last modified time: 321
04 Apr, 2025 18:38:36 - 'Google Main Right Side' scraper is still running.
04 Apr, 2025 18:38:36 - Last modified time: 381
04 Apr, 2025 18:39:36 - 'Google Main Right Side' scraper is still running.
04 Apr, 2025 18:39:36 - Last modified time: 441
04 Apr, 2025 18:40:36 - 'Google Main Right Side' scraper is still running.
04 Apr, 2025 18:40:36 - Last modified time: 501
04 Apr, 2025 18:41:36 - 'Google Main Right Side' scraper is still running.
04 Apr, 2025 18:41:36 - Last modified time: 561
04 Apr, 2025 18:42:36 - 'Google Main Right Side' scraper is still running.
04 Apr, 2025 18:42:36 - Last modified time: 621
04 Apr, 2025 18:43:36 - 'Google Main Right Side' scraper is still running.
04 Apr, 2025 18:43:36 - Last modified time: 681
04 Apr, 2025 18:44:36 - 'Google Main Right Side' scraper is still running.
04 Apr, 2025 18:44:36 - Last modified time: 24
04 Apr, 2025 18:45:36 - 'Google Main Right Side' scraper is still running.
04 Apr, 2025 18:45:36 - Last modified time: 84
04 Apr, 2025 18:46:36 - 'Google Main Right Side' scraper is still running.
04 Apr, 2025 18:46:36 - Last modified time: 144
04 Apr, 2025 18:47:36 - 'Google Main Right Side' scraper is still running.
04 Apr, 2025 18:47:36 - Last modified time: 204
04 Apr, 2025 18:48:36 - 'Google Main Right Side' scraper is still running.
04 Apr, 2025 18:48:36 - Last modified time: 264
04 Apr, 2025 18:49:36 - 'Google Main Right Side' scraper is still running.
04 Apr, 2025 18:49:36 - Last modified time: 324
04 Apr, 2025 18:50:36 - 'Google Main Right Side' scraper is still running.
04 Apr, 2025 18:50:36 - Last modified time: 11
04 Apr, 2025 18:51:36 - 'Google Main Right Side' scraper is still running.
04 Apr, 2025 18:51:36 - Last modified time: 71
04 Apr, 2025 18:52:36 - 'Google Main Right Side' scraper is still running.
04 Apr, 2025 18:52:36 - Last modified time: 131
04 Apr, 2025 18:53:36 - 'Google Main Right Side' scraper is still running.
04 Apr, 2025 18:53:36 - Last modified time: 191
04 Apr, 2025 18:54:36 - 'Google Main Right Side' scraper is still running.
04 Apr, 2025 18:54:36 - Last modified time: 15
04 Apr, 2025 18:55:36 - 'Google Main Right Side' scraper is still running.
04 Apr, 2025 18:55:36 - Last modified time: 75
04 Apr, 2025 18:56:36 - 'Google Main Right Side' scraper is still running.
04 Apr, 2025 18:56:36 - Last modified time: 135
04 Apr, 2025 18:57:36 - 'Google Main Right Side' scraper is still running.
04 Apr, 2025 18:57:36 - Last modified time: 195
04 Apr, 2025 18:58:36 - 'Google Main Right Side' scraper is still running.
04 Apr, 2025 18:58:36 - Last modified time: 14
04 Apr, 2025 18:59:36 - 'Google Main Right Side' scraper is still running.
04 Apr, 2025 18:59:36 - Last modified time: 74
04 Apr, 2025 19:00:36 - 'Google Main Right Side' scraper is still running.
04 Apr, 2025 19:00:36 - Last modified time: 134
04 Apr, 2025 19:01:36 - 'Google Main Right Side' scraper is still running.
04 Apr, 2025 19:01:36 - Last modified time: 194
04 Apr, 2025 19:02:37 - 'Google Main Right Side' scraper is still running.
04 Apr, 2025 19:02:37 - Last modified time: 255
04 Apr, 2025 19:03:37 - 'Google Main Right Side' scraper is still running.
04 Apr, 2025 19:03:37 - Last modified time: 315
04 Apr, 2025 19:04:37 - 'Google Main Right Side' scraper is still running.
04 Apr, 2025 19:04:37 - Last modified time: 375
04 Apr, 2025 19:05:37 - 'Google Main Right Side' scraper is still running.
04 Apr, 2025 19:05:37 - Last modified time: 4
04 Apr, 2025 19:06:37 - 'Google Main Right Side' scraper is not running. Checking if it is stuck...
04 Apr, 2025 19:06:37 - Process finished. Restarting the process...
04 Apr, 2025 19:06:37 - 'Google Main Right Side' scraper started.
04 Apr, 2025 19:07:37 - 'Google Main Right Side' scraper is still running.
04 Apr, 2025 19:07:37 - Last modified time: 87
04 Apr, 2025 19:08:37 - 'Google Main Right Side' scraper is still running.
04 Apr, 2025 19:08:37 - Last modified time: 147
04 Apr, 2025 19:09:37 - 'Google Main Right Side' scraper is still running.
04 Apr, 2025 19:09:37 - Last modified time: 207
04 Apr, 2025 19:10:37 - 'Google Main Right Side' scraper is still running.
04 Apr, 2025 19:10:37 - Last modified time: 267
04 Apr, 2025 19:11:37 - 'Google Main Right Side' scraper is still running.
04 Apr, 2025 19:11:37 - Last modified time: 1
04 Apr, 2025 19:12:37 - 'Google Main Right Side' scraper is still running.
04 Apr, 2025 19:12:37 - Last modified time: 23
04 Apr, 2025 19:13:37 - 'Google Main Right Side' scraper is still running.
04 Apr, 2025 19:13:37 - Last modified time: 1
04 Apr, 2025 19:14:37 - 'Google Main Right Side' scraper is still running.
04 Apr, 2025 19:14:37 - Last modified time: 0
04 Apr, 2025 19:15:37 - 'Google Main Right Side' scraper is still running.
04 Apr, 2025 19:15:37 - Last modified time: 0
04 Apr, 2025 19:16:37 - 'Google Main Right Side' scraper is still running.
04 Apr, 2025 19:16:37 - Last modified time: 1
04 Apr, 2025 19:17:37 - 'Google Main Right Side' scraper is still running.
04 Apr, 2025 19:17:37 - Last modified time: 0
04 Apr, 2025 19:18:38 - 'Google Main Right Side' scraper is still running.
04 Apr, 2025 19:18:38 - Last modified time: 1
04 Apr, 2025 19:19:38 - 'Google Main Right Side' scraper is still running.
04 Apr, 2025 19:19:38 - Last modified time: 1
04 Apr, 2025 19:20:38 - 'Google Main Right Side' scraper is still running.
04 Apr, 2025 19:20:38 - Last modified time: 2
04 Apr, 2025 19:21:38 - 'Google Main Right Side' scraper is still running.
04 Apr, 2025 19:21:38 - Last modified time: 2
04 Apr, 2025 19:22:38 - 'Google Main Right Side' scraper is still running.
04 Apr, 2025 19:22:38 - Last modified time: 0
04 Apr, 2025 19:23:38 - 'Google Main Right Side' scraper is still running.
04 Apr, 2025 19:23:38 - Last modified time: 0
04 Apr, 2025 19:24:38 - 'Google Main Right Side' scraper is still running.
04 Apr, 2025 19:24:38 - Last modified time: 0
04 Apr, 2025 19:25:38 - 'Google Main Right Side' scraper is still running.
04 Apr, 2025 19:25:38 - Last modified time: 0
04 Apr, 2025 19:26:38 - 'Google Main Right Side' scraper is still running.
04 Apr, 2025 19:26:38 - Last modified time: 0
04 Apr, 2025 19:27:38 - 'Google Main Right Side' scraper is still running.
04 Apr, 2025 19:27:38 - Last modified time: 2
04 Apr, 2025 19:28:38 - 'Google Main Right Side' scraper is still running.
04 Apr, 2025 19:28:38 - Last modified time: 2
04 Apr, 2025 19:29:38 - 'Google Main Right Side' scraper is still running.
04 Apr, 2025 19:29:38 - Last modified time: 2
04 Apr, 2025 19:30:38 - 'Google Main Right Side' scraper is still running.
04 Apr, 2025 19:30:38 - Last modified time: 1
04 Apr, 2025 19:31:38 - 'Google Main Right Side' scraper is still running.
04 Apr, 2025 19:31:38 - Last modified time: 28
04 Apr, 2025 19:32:38 - 'Google Main Right Side' scraper is still running.
04 Apr, 2025 19:32:38 - Last modified time: 88
04 Apr, 2025 19:33:38 - 'Google Main Right Side' scraper is still running.
04 Apr, 2025 19:33:38 - Last modified time: 148
04 Apr, 2025 19:34:38 - 'Google Main Right Side' scraper is still running.
04 Apr, 2025 19:34:38 - Last modified time: 208
04 Apr, 2025 19:35:38 - 'Google Main Right Side' scraper is still running.
04 Apr, 2025 19:35:38 - Last modified time: 268
04 Apr, 2025 19:36:38 - 'Google Main Right Side' scraper is still running.
04 Apr, 2025 19:36:38 - Last modified time: 328
04 Apr, 2025 19:37:38 - 'Google Main Right Side' scraper is still running.
04 Apr, 2025 19:37:38 - Last modified time: 50
04 Apr, 2025 19:38:38 - 'Google Main Right Side' scraper is still running.
04 Apr, 2025 19:38:38 - Last modified time: 110
04 Apr, 2025 19:39:38 - 'Google Main Right Side' scraper is still running.
04 Apr, 2025 19:39:38 - Last modified time: 170
04 Apr, 2025 19:40:38 - 'Google Main Right Side' scraper is still running.
04 Apr, 2025 19:40:38 - Last modified time: 230
04 Apr, 2025 19:41:38 - 'Google Main Right Side' scraper is still running.
04 Apr, 2025 19:41:38 - Last modified time: 290
04 Apr, 2025 19:42:38 - 'Google Main Right Side' scraper is still running.
04 Apr, 2025 19:42:38 - Last modified time: 350
04 Apr, 2025 19:43:38 - 'Google Main Right Side' scraper is still running.
04 Apr, 2025 19:43:38 - Last modified time: 410
04 Apr, 2025 19:44:38 - 'Google Main Right Side' scraper is still running.
04 Apr, 2025 19:44:38 - Last modified time: 470
04 Apr, 2025 19:45:38 - 'Google Main Right Side' scraper is still running.
04 Apr, 2025 19:45:38 - Last modified time: 530
04 Apr, 2025 19:46:39 - 'Google Main Right Side' scraper is still running.
04 Apr, 2025 19:46:39 - Last modified time: 41
04 Apr, 2025 19:47:39 - 'Google Main Right Side' scraper is still running.
04 Apr, 2025 19:47:39 - Last modified time: 101
04 Apr, 2025 19:48:39 - 'Google Main Right Side' scraper is still running.
04 Apr, 2025 19:48:39 - Last modified time: 47
04 Apr, 2025 19:49:39 - 'Google Main Right Side' scraper is still running.
04 Apr, 2025 19:49:39 - Last modified time: 107
04 Apr, 2025 19:50:39 - 'Google Main Right Side' scraper is still running.
04 Apr, 2025 19:50:39 - Last modified time: 167
04 Apr, 2025 19:51:39 - 'Google Main Right Side' scraper is still running.
04 Apr, 2025 19:51:39 - Last modified time: 227
04 Apr, 2025 19:52:39 - 'Google Main Right Side' scraper is still running.
04 Apr, 2025 19:52:39 - Last modified time: 287
04 Apr, 2025 19:53:39 - 'Google Main Right Side' scraper is still running.
04 Apr, 2025 19:53:39 - Last modified time: 347
04 Apr, 2025 19:54:39 - 'Google Main Right Side' scraper is still running.
04 Apr, 2025 19:54:39 - Last modified time: 407
04 Apr, 2025 19:55:39 - 'Google Main Right Side' scraper is still running.
04 Apr, 2025 19:55:39 - Last modified time: 467
04 Apr, 2025 19:56:39 - 'Google Main Right Side' scraper is still running.
04 Apr, 2025 19:56:39 - Last modified time: 527
04 Apr, 2025 19:57:39 - 'Google Main Right Side' scraper is still running.
04 Apr, 2025 19:57:39 - Last modified time: 587
04 Apr, 2025 19:58:39 - 'Google Main Right Side' scraper is still running.
04 Apr, 2025 19:58:39 - Last modified time: 647
04 Apr, 2025 19:59:39 - 'Google Main Right Side' scraper is still running.
04 Apr, 2025 19:59:39 - Last modified time: 707
04 Apr, 2025 20:00:39 - 'Google Main Right Side' scraper is still running.
04 Apr, 2025 20:00:39 - Last modified time: 767
04 Apr, 2025 20:01:39 - 'Google Main Right Side' scraper is still running.
04 Apr, 2025 20:01:39 - Last modified time: 827
04 Apr, 2025 20:02:39 - 'Google Main Right Side' scraper is still running.
04 Apr, 2025 20:02:39 - Last modified time: 887
04 Apr, 2025 20:03:39 - 'Google Main Right Side' scraper is still running.
04 Apr, 2025 20:03:39 - Last modified time: 947
04 Apr, 2025 20:04:39 - 'Google Main Right Side' scraper is still running.
04 Apr, 2025 20:04:39 - Last modified time: 1007
04 Apr, 2025 20:05:39 - 'Google Main Right Side' scraper is still running.
04 Apr, 2025 20:05:39 - Last modified time: 1067
04 Apr, 2025 20:06:39 - 'Google Main Right Side' scraper is still running.
04 Apr, 2025 20:06:39 - Last modified time: 1127
04 Apr, 2025 20:07:39 - 'Google Main Right Side' scraper is still running.
04 Apr, 2025 20:07:39 - Last modified time: 1187
04 Apr, 2025 20:08:39 - 'Google Main Right Side' scraper is still running.
04 Apr, 2025 20:08:39 - Last modified time: 1247
04 Apr, 2025 20:09:39 - 'Google Main Right Side' scraper is still running.
04 Apr, 2025 20:09:39 - Last modified time: 1307
04 Apr, 2025 20:10:39 - 'Google Main Right Side' scraper is still running.
04 Apr, 2025 20:10:39 - Last modified time: 1367
04 Apr, 2025 20:11:39 - 'Google Main Right Side' scraper is still running.
04 Apr, 2025 20:11:39 - Last modified time: 1427
04 Apr, 2025 20:12:39 - 'Google Main Right Side' scraper is still running.
04 Apr, 2025 20:12:39 - Last modified time: 1487
04 Apr, 2025 20:13:39 - 'Google Main Right Side' scraper is still running.
04 Apr, 2025 20:13:39 - Last modified time: 1547
04 Apr, 2025 20:14:39 - 'Google Main Right Side' scraper is still running.
04 Apr, 2025 20:14:39 - Last modified time: 1607
04 Apr, 2025 20:15:39 - 'Google Main Right Side' scraper is still running.
04 Apr, 2025 20:15:39 - Last modified time: 1667
04 Apr, 2025 20:16:40 - 'Google Main Right Side' scraper is still running.
04 Apr, 2025 20:16:40 - Last modified time: 1728
04 Apr, 2025 20:17:40 - 'Google Main Right Side' scraper is still running.
04 Apr, 2025 20:17:40 - Last modified time: 1788
04 Apr, 2025 20:18:40 - 'Google Main Right Side' scraper is still running.
04 Apr, 2025 20:18:40 - Last modified time: 1848
04 Apr, 2025 20:18:40 - Log files hasn't been updated in the last 30 minutes. Deleting log directory and rebooting the server...
04 Apr, 2025 20:18:40 - Deleting log directory...
04 Apr, 2025 20:18:40 - Restarting the script: Killing all running processes and relaunching...
04 Apr, 2025 20:18:45 - 'Google Main Right Side' scraper is not running. Starting...
04 Apr, 2025 20:18:45 - 'Google Main Right Side' scraper started.
04 Apr, 2025 20:21:45 - 'Google Main Right Side' scraper is still running.
04 Apr, 2025 20:21:45 - Last modified time: 178
04 Apr, 2025 20:22:45 - 'Google Main Right Side' scraper is still running.
04 Apr, 2025 20:22:45 - Last modified time: 238
04 Apr, 2025 20:23:45 - 'Google Main Right Side' scraper is still running.
04 Apr, 2025 20:23:45 - Last modified time: 1
04 Apr, 2025 20:24:45 - 'Google Main Right Side' scraper is still running.
04 Apr, 2025 20:24:45 - Last modified time: 1
04 Apr, 2025 20:25:45 - 'Google Main Right Side' scraper is still running.
04 Apr, 2025 20:25:45 - Last modified time: 1
04 Apr, 2025 20:26:45 - 'Google Main Right Side' scraper is still running.
04 Apr, 2025 20:26:45 - Last modified time: 0
04 Apr, 2025 20:27:45 - 'Google Main Right Side' scraper is still running.
04 Apr, 2025 20:27:45 - Last modified time: 0
04 Apr, 2025 20:28:45 - 'Google Main Right Side' scraper is still running.
04 Apr, 2025 20:28:45 - Last modified time: 6
04 Apr, 2025 20:29:45 - 'Google Main Right Side' scraper is still running.
04 Apr, 2025 20:29:45 - Last modified time: 3
04 Apr, 2025 20:30:45 - 'Google Main Right Side' scraper is still running.
04 Apr, 2025 20:30:45 - Last modified time: 1
04 Apr, 2025 20:31:45 - 'Google Main Right Side' scraper is still running.
04 Apr, 2025 20:31:45 - Last modified time: 4
04 Apr, 2025 20:32:45 - 'Google Main Right Side' scraper is still running.
04 Apr, 2025 20:32:45 - Last modified time: 1
04 Apr, 2025 20:33:45 - 'Google Main Right Side' scraper is still running.
04 Apr, 2025 20:33:45 - Last modified time: 6
04 Apr, 2025 20:34:45 - 'Google Main Right Side' scraper is still running.
04 Apr, 2025 20:34:45 - Last modified time: 5
04 Apr, 2025 20:35:45 - 'Google Main Right Side' scraper is still running.
04 Apr, 2025 20:35:45 - Last modified time: 2
04 Apr, 2025 20:36:45 - 'Google Main Right Side' scraper is still running.
04 Apr, 2025 20:36:45 - Last modified time: 0
04 Apr, 2025 20:37:45 - 'Google Main Right Side' scraper is still running.
04 Apr, 2025 20:37:46 - Last modified time: 0
04 Apr, 2025 20:38:46 - 'Google Main Right Side' scraper is still running.
04 Apr, 2025 20:38:46 - Last modified time: 5
04 Apr, 2025 20:39:46 - 'Google Main Right Side' scraper is still running.
04 Apr, 2025 20:39:46 - Last modified time: 4
04 Apr, 2025 20:40:46 - 'Google Main Right Side' scraper is still running.
04 Apr, 2025 20:40:46 - Last modified time: 4
04 Apr, 2025 20:41:46 - 'Google Main Right Side' scraper is still running.
04 Apr, 2025 20:41:46 - Last modified time: 3
04 Apr, 2025 20:42:46 - 'Google Main Right Side' scraper is still running.
04 Apr, 2025 20:42:46 - Last modified time: 47
04 Apr, 2025 20:43:46 - 'Google Main Right Side' scraper is still running.
04 Apr, 2025 20:43:46 - Last modified time: 107
04 Apr, 2025 20:44:46 - 'Google Main Right Side' scraper is still running.
04 Apr, 2025 20:44:46 - Last modified time: 167
04 Apr, 2025 20:45:46 - 'Google Main Right Side' scraper is still running.
04 Apr, 2025 20:45:46 - Last modified time: 227
04 Apr, 2025 20:46:46 - 'Google Main Right Side' scraper is still running.
04 Apr, 2025 20:46:46 - Last modified time: 287
04 Apr, 2025 20:47:46 - 'Google Main Right Side' scraper is still running.
04 Apr, 2025 20:47:46 - Last modified time: 347
04 Apr, 2025 20:48:46 - 'Google Main Right Side' scraper is still running.
04 Apr, 2025 20:48:46 - Last modified time: 407
04 Apr, 2025 20:49:46 - 'Google Main Right Side' scraper is still running.
04 Apr, 2025 20:49:46 - Last modified time: 467
04 Apr, 2025 20:50:46 - 'Google Main Right Side' scraper is still running.
04 Apr, 2025 20:50:46 - Last modified time: 527
04 Apr, 2025 20:51:46 - 'Google Main Right Side' scraper is still running.
04 Apr, 2025 20:51:46 - Last modified time: 587
04 Apr, 2025 20:52:46 - 'Google Main Right Side' scraper is still running.
04 Apr, 2025 20:52:46 - Last modified time: 647
04 Apr, 2025 20:53:46 - 'Google Main Right Side' scraper is still running.
04 Apr, 2025 20:53:46 - Last modified time: 707
04 Apr, 2025 20:54:46 - 'Google Main Right Side' scraper is still running.
04 Apr, 2025 20:54:46 - Last modified time: 767
04 Apr, 2025 20:55:46 - 'Google Main Right Side' scraper is still running.
04 Apr, 2025 20:55:46 - Last modified time: 827
04 Apr, 2025 20:56:46 - 'Google Main Right Side' scraper is still running.
04 Apr, 2025 20:56:46 - Last modified time: 887
04 Apr, 2025 20:57:46 - 'Google Main Right Side' scraper is still running.
04 Apr, 2025 20:57:46 - Last modified time: 947
04 Apr, 2025 20:58:46 - 'Google Main Right Side' scraper is still running.
04 Apr, 2025 20:58:46 - Last modified time: 1007
04 Apr, 2025 20:59:46 - 'Google Main Right Side' scraper is still running.
04 Apr, 2025 20:59:46 - Last modified time: 1067
04 Apr, 2025 21:00:46 - 'Google Main Right Side' scraper is still running.
04 Apr, 2025 21:00:46 - Last modified time: 1127
04 Apr, 2025 21:01:46 - 'Google Main Right Side' scraper is still running.
04 Apr, 2025 21:01:46 - Last modified time: 1187
04 Apr, 2025 21:02:46 - 'Google Main Right Side' scraper is still running.
04 Apr, 2025 21:02:46 - Last modified time: 1247
04 Apr, 2025 21:03:46 - 'Google Main Right Side' scraper is still running.
04 Apr, 2025 21:03:46 - Last modified time: 1307
04 Apr, 2025 21:04:46 - 'Google Main Right Side' scraper is still running.
04 Apr, 2025 21:04:46 - Last modified time: 1367
04 Apr, 2025 21:05:46 - 'Google Main Right Side' scraper is still running.
04 Apr, 2025 21:05:46 - Last modified time: 1427
04 Apr, 2025 21:06:46 - 'Google Main Right Side' scraper is still running.
04 Apr, 2025 21:06:46 - Last modified time: 1487
04 Apr, 2025 21:07:46 - 'Google Main Right Side' scraper is still running.
04 Apr, 2025 21:07:47 - Last modified time: 1547
04 Apr, 2025 21:08:47 - 'Google Main Right Side' scraper is still running.
04 Apr, 2025 21:08:47 - Last modified time: 1608
04 Apr, 2025 21:09:47 - 'Google Main Right Side' scraper is still running.
04 Apr, 2025 21:09:47 - Last modified time: 1668
04 Apr, 2025 21:10:47 - 'Google Main Right Side' scraper is still running.
04 Apr, 2025 21:10:47 - Last modified time: 1728
04 Apr, 2025 21:11:47 - 'Google Main Right Side' scraper is still running.
04 Apr, 2025 21:11:47 - Last modified time: 1788
04 Apr, 2025 21:12:47 - 'Google Main Right Side' scraper is still running.
04 Apr, 2025 21:12:47 - Last modified time: 1848
04 Apr, 2025 21:12:47 - Log files hasn't been updated in the last 30 minutes. Deleting log directory and rebooting the server...
04 Apr, 2025 21:12:47 - Deleting log directory...
04 Apr, 2025 21:12:47 - Restarting the script: Killing all running processes and relaunching...
04 Apr, 2025 21:12:52 - 'Google Main Right Side' scraper is not running. Starting...
04 Apr, 2025 21:12:52 - 'Google Main Right Side' scraper started.
04 Apr, 2025 21:15:52 - 'Google Main Right Side' scraper is still running.
04 Apr, 2025 21:15:52 - Last modified time: 178
04 Apr, 2025 21:16:52 - 'Google Main Right Side' scraper is still running.
04 Apr, 2025 21:16:52 - Last modified time: 238
04 Apr, 2025 21:17:52 - 'Google Main Right Side' scraper is still running.
04 Apr, 2025 21:17:52 - Last modified time: 2
04 Apr, 2025 21:18:52 - 'Google Main Right Side' scraper is still running.
04 Apr, 2025 21:18:52 - Last modified time: 1
04 Apr, 2025 21:19:52 - 'Google Main Right Side' scraper is still running.
04 Apr, 2025 21:19:52 - Last modified time: 0
04 Apr, 2025 21:20:52 - 'Google Main Right Side' scraper is still running.
04 Apr, 2025 21:20:52 - Last modified time: 1
04 Apr, 2025 21:21:52 - 'Google Main Right Side' scraper is still running.
04 Apr, 2025 21:21:52 - Last modified time: 0
04 Apr, 2025 21:22:52 - 'Google Main Right Side' scraper is still running.
04 Apr, 2025 21:22:52 - Last modified time: 2
04 Apr, 2025 21:23:52 - 'Google Main Right Side' scraper is still running.
04 Apr, 2025 21:23:52 - Last modified time: 0
04 Apr, 2025 21:24:52 - 'Google Main Right Side' scraper is still running.
04 Apr, 2025 21:24:52 - Last modified time: 19
04 Apr, 2025 21:25:52 - 'Google Main Right Side' scraper is still running.
04 Apr, 2025 21:25:52 - Last modified time: 79
04 Apr, 2025 21:26:52 - 'Google Main Right Side' scraper is still running.
04 Apr, 2025 21:26:52 - Last modified time: 35
04 Apr, 2025 21:27:52 - 'Google Main Right Side' scraper is still running.
04 Apr, 2025 21:27:52 - Last modified time: 95
04 Apr, 2025 21:28:52 - 'Google Main Right Side' scraper is still running.
04 Apr, 2025 21:28:52 - Last modified time: 155
04 Apr, 2025 21:29:53 - 'Google Main Right Side' scraper is still running.
04 Apr, 2025 21:29:53 - Last modified time: 216
04 Apr, 2025 21:30:53 - 'Google Main Right Side' scraper is still running.
04 Apr, 2025 21:30:53 - Last modified time: 276
04 Apr, 2025 21:31:53 - 'Google Main Right Side' scraper is still running.
04 Apr, 2025 21:31:53 - Last modified time: 336
04 Apr, 2025 21:32:53 - 'Google Main Right Side' scraper is still running.
04 Apr, 2025 21:32:53 - Last modified time: 396
04 Apr, 2025 21:33:53 - 'Google Main Right Side' scraper is still running.
04 Apr, 2025 21:33:53 - Last modified time: 53
04 Apr, 2025 21:34:53 - 'Google Main Right Side' scraper is still running.
04 Apr, 2025 21:34:53 - Last modified time: 113
04 Apr, 2025 21:35:53 - 'Google Main Right Side' scraper is still running.
04 Apr, 2025 21:35:53 - Last modified time: 173
04 Apr, 2025 21:36:53 - 'Google Main Right Side' scraper is still running.
04 Apr, 2025 21:36:53 - Last modified time: 233
04 Apr, 2025 21:37:53 - 'Google Main Right Side' scraper is still running.
04 Apr, 2025 21:37:53 - Last modified time: 293
04 Apr, 2025 21:38:53 - 'Google Main Right Side' scraper is still running.
04 Apr, 2025 21:38:53 - Last modified time: 353
04 Apr, 2025 21:39:53 - 'Google Main Right Side' scraper is still running.
04 Apr, 2025 21:39:53 - Last modified time: 413
04 Apr, 2025 21:40:53 - 'Google Main Right Side' scraper is still running.
04 Apr, 2025 21:40:53 - Last modified time: 473
04 Apr, 2025 21:41:53 - 'Google Main Right Side' scraper is still running.
04 Apr, 2025 21:41:53 - Last modified time: 533
04 Apr, 2025 21:42:53 - 'Google Main Right Side' scraper is still running.
04 Apr, 2025 21:42:53 - Last modified time: 593
04 Apr, 2025 21:43:53 - 'Google Main Right Side' scraper is still running.
04 Apr, 2025 21:43:53 - Last modified time: 653
04 Apr, 2025 21:44:53 - 'Google Main Right Side' scraper is still running.
04 Apr, 2025 21:44:53 - Last modified time: 713
04 Apr, 2025 21:45:53 - 'Google Main Right Side' scraper is still running.
04 Apr, 2025 21:45:53 - Last modified time: 0
04 Apr, 2025 21:46:53 - 'Google Main Right Side' scraper is not running. Checking if it is stuck...
04 Apr, 2025 21:46:53 - Process finished. Restarting the process...
04 Apr, 2025 21:46:53 - 'Google Main Right Side' scraper started.
04 Apr, 2025 21:47:53 - 'Google Main Right Side' scraper is still running.
04 Apr, 2025 21:47:53 - Last modified time: 115
04 Apr, 2025 21:48:53 - 'Google Main Right Side' scraper is still running.
04 Apr, 2025 21:48:53 - Last modified time: 175
04 Apr, 2025 21:49:53 - 'Google Main Right Side' scraper is still running.
04 Apr, 2025 21:49:53 - Last modified time: 235
04 Apr, 2025 21:50:53 - 'Google Main Right Side' scraper is still running.
04 Apr, 2025 21:50:53 - Last modified time: 295
04 Apr, 2025 21:51:53 - 'Google Main Right Side' scraper is still running.
04 Apr, 2025 21:51:54 - Last modified time: 2
04 Apr, 2025 21:52:54 - 'Google Main Right Side' scraper is still running.
04 Apr, 2025 21:52:54 - Last modified time: 3
04 Apr, 2025 21:53:54 - 'Google Main Right Side' scraper is still running.
04 Apr, 2025 21:53:54 - Last modified time: 1
04 Apr, 2025 21:54:54 - 'Google Main Right Side' scraper is still running.
04 Apr, 2025 21:54:54 - Last modified time: 1
04 Apr, 2025 21:55:54 - 'Google Main Right Side' scraper is still running.
04 Apr, 2025 21:55:54 - Last modified time: 0
04 Apr, 2025 21:56:54 - 'Google Main Right Side' scraper is still running.
04 Apr, 2025 21:56:54 - Last modified time: 4
04 Apr, 2025 21:57:54 - 'Google Main Right Side' scraper is still running.
04 Apr, 2025 21:57:54 - Last modified time: 6
04 Apr, 2025 21:58:54 - 'Google Main Right Side' scraper is still running.
04 Apr, 2025 21:58:54 - Last modified time: 1
04 Apr, 2025 21:59:54 - 'Google Main Right Side' scraper is still running.
04 Apr, 2025 21:59:54 - Last modified time: 2
04 Apr, 2025 22:00:54 - 'Google Main Right Side' scraper is still running.
04 Apr, 2025 22:00:54 - Last modified time: 62
04 Apr, 2025 22:01:54 - 'Google Main Right Side' scraper is still running.
04 Apr, 2025 22:01:54 - Last modified time: 122
04 Apr, 2025 22:02:54 - 'Google Main Right Side' scraper is still running.
04 Apr, 2025 22:02:54 - Last modified time: 182
04 Apr, 2025 22:03:54 - 'Google Main Right Side' scraper is still running.
04 Apr, 2025 22:03:54 - Last modified time: 21
04 Apr, 2025 22:04:54 - 'Google Main Right Side' scraper is still running.
04 Apr, 2025 22:04:54 - Last modified time: 81
04 Apr, 2025 22:05:54 - 'Google Main Right Side' scraper is still running.
04 Apr, 2025 22:05:54 - Last modified time: 141
04 Apr, 2025 22:06:54 - 'Google Main Right Side' scraper is still running.
04 Apr, 2025 22:06:54 - Last modified time: 201
04 Apr, 2025 22:07:54 - 'Google Main Right Side' scraper is still running.
04 Apr, 2025 22:07:54 - Last modified time: 261
04 Apr, 2025 22:08:54 - 'Google Main Right Side' scraper is still running.
04 Apr, 2025 22:08:55 - Last modified time: 12
04 Apr, 2025 22:09:55 - 'Google Main Right Side' scraper is still running.
04 Apr, 2025 22:09:55 - Last modified time: 72
04 Apr, 2025 22:10:55 - 'Google Main Right Side' scraper is still running.
04 Apr, 2025 22:10:55 - Last modified time: 132
04 Apr, 2025 22:11:55 - 'Google Main Right Side' scraper is still running.
04 Apr, 2025 22:11:55 - Last modified time: 9
04 Apr, 2025 22:12:55 - 'Google Main Right Side' scraper is still running.
04 Apr, 2025 22:12:55 - Last modified time: 69
04 Apr, 2025 22:13:55 - 'Google Main Right Side' scraper is still running.
04 Apr, 2025 22:13:55 - Last modified time: 129
04 Apr, 2025 22:14:55 - 'Google Main Right Side' scraper is not running. Checking if it is stuck...
04 Apr, 2025 22:14:55 - Process finished. Restarting the process...
04 Apr, 2025 22:14:55 - 'Google Main Right Side' scraper started.
04 Apr, 2025 22:15:55 - 'Google Main Right Side' scraper is still running.
04 Apr, 2025 22:15:55 - Last modified time: 86
04 Apr, 2025 22:16:55 - 'Google Main Right Side' scraper is still running.
04 Apr, 2025 22:16:55 - Last modified time: 146
04 Apr, 2025 22:17:55 - 'Google Main Right Side' scraper is still running.
04 Apr, 2025 22:17:55 - Last modified time: 206
04 Apr, 2025 22:18:55 - 'Google Main Right Side' scraper is still running.
04 Apr, 2025 22:18:55 - Last modified time: 266
04 Apr, 2025 22:19:55 - 'Google Main Right Side' scraper is still running.
04 Apr, 2025 22:19:55 - Last modified time: 1
04 Apr, 2025 22:20:55 - 'Google Main Right Side' scraper is still running.
04 Apr, 2025 22:20:55 - Last modified time: 15
04 Apr, 2025 22:21:55 - 'Google Main Right Side' scraper is still running.
04 Apr, 2025 22:21:55 - Last modified time: 0
04 Apr, 2025 22:22:55 - 'Google Main Right Side' scraper is still running.
04 Apr, 2025 22:22:55 - Last modified time: 0
04 Apr, 2025 22:23:55 - 'Google Main Right Side' scraper is still running.
04 Apr, 2025 22:23:55 - Last modified time: 0
04 Apr, 2025 22:24:56 - 'Google Main Right Side' scraper is still running.
04 Apr, 2025 22:24:56 - Last modified time: 1
04 Apr, 2025 22:25:56 - 'Google Main Right Side' scraper is still running.
04 Apr, 2025 22:25:56 - Last modified time: 1
04 Apr, 2025 22:26:56 - 'Google Main Right Side' scraper is still running.
04 Apr, 2025 22:26:56 - Last modified time: 2
04 Apr, 2025 22:27:56 - 'Google Main Right Side' scraper is still running.
04 Apr, 2025 22:27:56 - Last modified time: 4
04 Apr, 2025 22:28:56 - 'Google Main Right Side' scraper is still running.
04 Apr, 2025 22:28:56 - Last modified time: 4
04 Apr, 2025 22:29:56 - 'Google Main Right Side' scraper is still running.
04 Apr, 2025 22:29:56 - Last modified time: 4
04 Apr, 2025 22:30:56 - 'Google Main Right Side' scraper is still running.
04 Apr, 2025 22:30:56 - Last modified time: 4
04 Apr, 2025 22:31:56 - 'Google Main Right Side' scraper is still running.
04 Apr, 2025 22:31:56 - Last modified time: 3
04 Apr, 2025 22:32:56 - 'Google Main Right Side' scraper is still running.
04 Apr, 2025 22:32:56 - Last modified time: 3
04 Apr, 2025 22:33:56 - 'Google Main Right Side' scraper is still running.
04 Apr, 2025 22:33:56 - Last modified time: 3
04 Apr, 2025 22:34:56 - 'Google Main Right Side' scraper is still running.
04 Apr, 2025 22:34:56 - Last modified time: 2
04 Apr, 2025 22:35:56 - 'Google Main Right Side' scraper is still running.
04 Apr, 2025 22:35:56 - Last modified time: 0
04 Apr, 2025 22:36:56 - 'Google Main Right Side' scraper is still running.
04 Apr, 2025 22:36:56 - Last modified time: 1
04 Apr, 2025 22:37:56 - 'Google Main Right Side' scraper is still running.
04 Apr, 2025 22:37:56 - Last modified time: 14
04 Apr, 2025 22:38:56 - 'Google Main Right Side' scraper is still running.
04 Apr, 2025 22:38:56 - Last modified time: 74
04 Apr, 2025 22:39:56 - 'Google Main Right Side' scraper is still running.
04 Apr, 2025 22:39:56 - Last modified time: 134
04 Apr, 2025 22:40:56 - 'Google Main Right Side' scraper is still running.
04 Apr, 2025 22:40:56 - Last modified time: 194
04 Apr, 2025 22:41:56 - 'Google Main Right Side' scraper is still running.
04 Apr, 2025 22:41:56 - Last modified time: 254
04 Apr, 2025 22:42:56 - 'Google Main Right Side' scraper is still running.
04 Apr, 2025 22:42:56 - Last modified time: 314
04 Apr, 2025 22:43:56 - 'Google Main Right Side' scraper is still running.
04 Apr, 2025 22:43:56 - Last modified time: 18
04 Apr, 2025 22:44:56 - 'Google Main Right Side' scraper is still running.
04 Apr, 2025 22:44:56 - Last modified time: 78
04 Apr, 2025 22:45:56 - 'Google Main Right Side' scraper is still running.
04 Apr, 2025 22:45:56 - Last modified time: 138
04 Apr, 2025 22:46:56 - 'Google Main Right Side' scraper is still running.
04 Apr, 2025 22:46:56 - Last modified time: 198
04 Apr, 2025 22:47:56 - 'Google Main Right Side' scraper is still running.
04 Apr, 2025 22:47:57 - Last modified time: 258
04 Apr, 2025 22:48:57 - 'Google Main Right Side' scraper is still running.
04 Apr, 2025 22:48:57 - Last modified time: 319
04 Apr, 2025 22:49:57 - 'Google Main Right Side' scraper is not running. Checking if it is stuck...
04 Apr, 2025 22:49:57 - Process finished. Restarting the process...
04 Apr, 2025 22:49:57 - 'Google Main Right Side' scraper started.
04 Apr, 2025 22:50:57 - 'Google Main Right Side' scraper is still running.
04 Apr, 2025 22:50:57 - Last modified time: 72
04 Apr, 2025 22:51:57 - 'Google Main Right Side' scraper is still running.
04 Apr, 2025 22:51:57 - Last modified time: 132
04 Apr, 2025 22:52:57 - 'Google Main Right Side' scraper is still running.
04 Apr, 2025 22:52:57 - Last modified time: 192
04 Apr, 2025 22:53:57 - 'Google Main Right Side' scraper is still running.
04 Apr, 2025 22:53:57 - Last modified time: 252
04 Apr, 2025 22:54:57 - 'Google Main Right Side' scraper is still running.
04 Apr, 2025 22:54:57 - Last modified time: 2
04 Apr, 2025 22:55:57 - 'Google Main Right Side' scraper is still running.
04 Apr, 2025 22:55:57 - Last modified time: 7
04 Apr, 2025 22:56:57 - 'Google Main Right Side' scraper is still running.
04 Apr, 2025 22:56:57 - Last modified time: 3
04 Apr, 2025 22:57:57 - 'Google Main Right Side' scraper is still running.
04 Apr, 2025 22:57:57 - Last modified time: 0
04 Apr, 2025 22:58:57 - 'Google Main Right Side' scraper is still running.
04 Apr, 2025 22:58:57 - Last modified time: 0
04 Apr, 2025 22:59:57 - 'Google Main Right Side' scraper is still running.
04 Apr, 2025 22:59:57 - Last modified time: 0
04 Apr, 2025 23:00:57 - 'Google Main Right Side' scraper is still running.
04 Apr, 2025 23:00:57 - Last modified time: 0
04 Apr, 2025 23:01:57 - 'Google Main Right Side' scraper is still running.
04 Apr, 2025 23:01:57 - Last modified time: 1
04 Apr, 2025 23:02:58 - 'Google Main Right Side' scraper is still running.
04 Apr, 2025 23:02:58 - Last modified time: 3
04 Apr, 2025 23:03:58 - 'Google Main Right Side' scraper is still running.
04 Apr, 2025 23:03:58 - Last modified time: 3
04 Apr, 2025 23:04:58 - 'Google Main Right Side' scraper is still running.
04 Apr, 2025 23:04:58 - Last modified time: 63
04 Apr, 2025 23:05:58 - 'Google Main Right Side' scraper is still running.
04 Apr, 2025 23:05:58 - Last modified time: 21
04 Apr, 2025 23:06:58 - 'Google Main Right Side' scraper is still running.
04 Apr, 2025 23:06:58 - Last modified time: 8
04 Apr, 2025 23:07:58 - 'Google Main Right Side' scraper is still running.
04 Apr, 2025 23:07:58 - Last modified time: 68
04 Apr, 2025 23:08:58 - 'Google Main Right Side' scraper is still running.
04 Apr, 2025 23:08:58 - Last modified time: 128
04 Apr, 2025 23:09:58 - 'Google Main Right Side' scraper is still running.
04 Apr, 2025 23:09:58 - Last modified time: 188
04 Apr, 2025 23:10:58 - 'Google Main Right Side' scraper is still running.
04 Apr, 2025 23:10:58 - Last modified time: 7
04 Apr, 2025 23:11:58 - 'Google Main Right Side' scraper is still running.
04 Apr, 2025 23:11:58 - Last modified time: 67
04 Apr, 2025 23:12:58 - 'Google Main Right Side' scraper is still running.
04 Apr, 2025 23:12:58 - Last modified time: 127
04 Apr, 2025 23:13:58 - 'Google Main Right Side' scraper is still running.
04 Apr, 2025 23:13:58 - Last modified time: 6
04 Apr, 2025 23:14:58 - 'Google Main Right Side' scraper is still running.
04 Apr, 2025 23:14:58 - Last modified time: 66
04 Apr, 2025 23:15:58 - 'Google Main Right Side' scraper is still running.
04 Apr, 2025 23:15:58 - Last modified time: 51
04 Apr, 2025 23:16:58 - 'Google Main Right Side' scraper is still running.
04 Apr, 2025 23:16:58 - Last modified time: 111
04 Apr, 2025 23:17:58 - 'Google Main Right Side' scraper is still running.
04 Apr, 2025 23:17:58 - Last modified time: 30
04 Apr, 2025 23:18:58 - 'Google Main Right Side' scraper is not running. Checking if it is stuck...
04 Apr, 2025 23:18:58 - Process finished. Restarting the process...
04 Apr, 2025 23:18:58 - 'Google Main Right Side' scraper started.
04 Apr, 2025 23:19:58 - 'Google Main Right Side' scraper is still running.
04 Apr, 2025 23:19:58 - Last modified time: 93
04 Apr, 2025 23:20:58 - 'Google Main Right Side' scraper is still running.
04 Apr, 2025 23:20:58 - Last modified time: 153
04 Apr, 2025 23:21:58 - 'Google Main Right Side' scraper is still running.
04 Apr, 2025 23:21:58 - Last modified time: 213
04 Apr, 2025 23:22:58 - 'Google Main Right Side' scraper is still running.
04 Apr, 2025 23:22:58 - Last modified time: 273
04 Apr, 2025 23:23:58 - 'Google Main Right Side' scraper is still running.
04 Apr, 2025 23:23:58 - Last modified time: 0
04 Apr, 2025 23:24:59 - 'Google Main Right Side' scraper is still running.
04 Apr, 2025 23:25:00 - Last modified time: 3
04 Apr, 2025 23:26:00 - 'Google Main Right Side' scraper is still running.
04 Apr, 2025 23:26:00 - Last modified time: 6
04 Apr, 2025 23:27:00 - 'Google Main Right Side' scraper is still running.
04 Apr, 2025 23:27:00 - Last modified time: 1
04 Apr, 2025 23:28:00 - 'Google Main Right Side' scraper is still running.
04 Apr, 2025 23:28:00 - Last modified time: 1
04 Apr, 2025 23:29:00 - 'Google Main Right Side' scraper is still running.
04 Apr, 2025 23:29:00 - Last modified time: 1
04 Apr, 2025 23:30:00 - 'Google Main Right Side' scraper is still running.
04 Apr, 2025 23:30:00 - Last modified time: 1
04 Apr, 2025 23:31:00 - 'Google Main Right Side' scraper is still running.
04 Apr, 2025 23:31:00 - Last modified time: 0
04 Apr, 2025 23:32:00 - 'Google Main Right Side' scraper is still running.
04 Apr, 2025 23:32:00 - Last modified time: 0
04 Apr, 2025 23:33:00 - 'Google Main Right Side' scraper is still running.
04 Apr, 2025 23:33:00 - Last modified time: 3
04 Apr, 2025 23:34:00 - 'Google Main Right Side' scraper is still running.
04 Apr, 2025 23:34:00 - Last modified time: 6
04 Apr, 2025 23:35:00 - 'Google Main Right Side' scraper is still running.
04 Apr, 2025 23:35:00 - Last modified time: 1
04 Apr, 2025 23:36:00 - 'Google Main Right Side' scraper is still running.
04 Apr, 2025 23:36:00 - Last modified time: 3
04 Apr, 2025 23:37:00 - 'Google Main Right Side' scraper is still running.
04 Apr, 2025 23:37:00 - Last modified time: 0
04 Apr, 2025 23:38:01 - 'Google Main Right Side' scraper is still running.
04 Apr, 2025 23:38:01 - Last modified time: 5
04 Apr, 2025 23:39:01 - 'Google Main Right Side' scraper is still running.
04 Apr, 2025 23:39:01 - Last modified time: 1
04 Apr, 2025 23:40:01 - 'Google Main Right Side' scraper is still running.
04 Apr, 2025 23:40:01 - Last modified time: 1
04 Apr, 2025 23:41:01 - 'Google Main Right Side' scraper is still running.
04 Apr, 2025 23:41:01 - Last modified time: 0
04 Apr, 2025 23:42:01 - 'Google Main Right Side' scraper is still running.
04 Apr, 2025 23:42:01 - Last modified time: 6
04 Apr, 2025 23:43:01 - 'Google Main Right Side' scraper is still running.
04 Apr, 2025 23:43:01 - Last modified time: 23
04 Apr, 2025 23:44:01 - 'Google Main Right Side' scraper is still running.
04 Apr, 2025 23:44:01 - Last modified time: 83
04 Apr, 2025 23:45:01 - 'Google Main Right Side' scraper is still running.
04 Apr, 2025 23:45:01 - Last modified time: 143
04 Apr, 2025 23:46:01 - 'Google Main Right Side' scraper is still running.
04 Apr, 2025 23:46:01 - Last modified time: 203
04 Apr, 2025 23:47:01 - 'Google Main Right Side' scraper is still running.
04 Apr, 2025 23:47:01 - Last modified time: 263
04 Apr, 2025 23:48:02 - 'Google Main Right Side' scraper is still running.
04 Apr, 2025 23:48:02 - Last modified time: 324
04 Apr, 2025 23:49:02 - 'Google Main Right Side' scraper is still running.
04 Apr, 2025 23:49:02 - Last modified time: 43
04 Apr, 2025 23:50:02 - 'Google Main Right Side' scraper is still running.
04 Apr, 2025 23:50:03 - Last modified time: 103
04 Apr, 2025 23:51:03 - 'Google Main Right Side' scraper is still running.
04 Apr, 2025 23:51:03 - Last modified time: 164
04 Apr, 2025 23:52:04 - 'Google Main Right Side' scraper is still running.
04 Apr, 2025 23:52:04 - Last modified time: 225
04 Apr, 2025 23:53:05 - 'Google Main Right Side' scraper is still running.
04 Apr, 2025 23:53:05 - Last modified time: 286
04 Apr, 2025 23:54:06 - 'Google Main Right Side' scraper is still running.
04 Apr, 2025 23:54:06 - Last modified time: 347
04 Apr, 2025 23:55:07 - 'Google Main Right Side' scraper is still running.
04 Apr, 2025 23:55:07 - Last modified time: 408
04 Apr, 2025 23:56:08 - 'Google Main Right Side' scraper is still running.
04 Apr, 2025 23:56:08 - Last modified time: 469
04 Apr, 2025 23:57:08 - 'Google Main Right Side' scraper is still running.
04 Apr, 2025 23:57:08 - Last modified time: 529
04 Apr, 2025 23:58:09 - 'Google Main Right Side' scraper is still running.
04 Apr, 2025 23:58:09 - Last modified time: 590
04 Apr, 2025 23:59:10 - 'Google Main Right Side' scraper is still running.
04 Apr, 2025 23:59:10 - Last modified time: 651
05 Apr, 2025 00:00:11 - 'Google Main Right Side' scraper is still running.
05 Apr, 2025 00:00:11 - Last modified time: 8
05 Apr, 2025 00:01:12 - 'Google Main Right Side' scraper is still running.
05 Apr, 2025 00:01:12 - Last modified time: 69
05 Apr, 2025 00:02:13 - 'Google Main Right Side' scraper is still running.
05 Apr, 2025 00:02:13 - Last modified time: 130
05 Apr, 2025 00:03:13 - 'Google Main Right Side' scraper is still running.
05 Apr, 2025 00:03:13 - Last modified time: 190
05 Apr, 2025 00:04:14 - 'Google Main Right Side' scraper is still running.
05 Apr, 2025 00:04:14 - Last modified time: 251
05 Apr, 2025 00:05:15 - 'Google Main Right Side' scraper is still running.
05 Apr, 2025 00:05:15 - Last modified time: 312
05 Apr, 2025 00:06:16 - 'Google Main Right Side' scraper is still running.
05 Apr, 2025 00:06:16 - Last modified time: 373
05 Apr, 2025 00:07:17 - 'Google Main Right Side' scraper is still running.
05 Apr, 2025 00:07:17 - Last modified time: 434
05 Apr, 2025 00:08:18 - 'Google Main Right Side' scraper is still running.
05 Apr, 2025 00:08:18 - Last modified time: 495
05 Apr, 2025 00:09:19 - 'Google Main Right Side' scraper is still running.
05 Apr, 2025 00:09:19 - Last modified time: 556
05 Apr, 2025 00:10:20 - 'Google Main Right Side' scraper is still running.
05 Apr, 2025 00:10:20 - Last modified time: 617
05 Apr, 2025 00:11:20 - 'Google Main Right Side' scraper is still running.
05 Apr, 2025 00:11:21 - Last modified time: 678
05 Apr, 2025 00:12:21 - 'Google Main Right Side' scraper is still running.
05 Apr, 2025 00:12:22 - Last modified time: 739
05 Apr, 2025 00:13:23 - 'Google Main Right Side' scraper is still running.
05 Apr, 2025 00:13:23 - Last modified time: 800
05 Apr, 2025 00:14:24 - 'Google Main Right Side' scraper is still running.
05 Apr, 2025 00:14:24 - Last modified time: 861
05 Apr, 2025 00:15:25 - 'Google Main Right Side' scraper is still running.
05 Apr, 2025 00:15:25 - Last modified time: 922
05 Apr, 2025 00:16:26 - 'Google Main Right Side' scraper is still running.
05 Apr, 2025 00:16:26 - Last modified time: 983
05 Apr, 2025 00:17:26 - 'Google Main Right Side' scraper is still running.
05 Apr, 2025 00:17:26 - Last modified time: 1043
05 Apr, 2025 00:18:27 - 'Google Main Right Side' scraper is not running. Checking if it is stuck...
05 Apr, 2025 00:18:27 - Process finished. Restarting the process...
05 Apr, 2025 00:18:27 - 'Google Main Right Side' scraper started.
05 Apr, 2025 00:19:29 - 'Google Main Right Side' scraper is still running.
05 Apr, 2025 00:19:29 - Last modified time: 109
05 Apr, 2025 00:20:30 - 'Google Main Right Side' scraper is still running.
05 Apr, 2025 00:20:30 - Last modified time: 170
05 Apr, 2025 00:21:31 - 'Google Main Right Side' scraper is still running.
05 Apr, 2025 00:21:31 - Last modified time: 231
05 Apr, 2025 00:22:32 - 'Google Main Right Side' scraper is still running.
05 Apr, 2025 00:22:32 - Last modified time: 2
05 Apr, 2025 00:23:33 - 'Google Main Right Side' scraper is still running.
05 Apr, 2025 00:23:33 - Last modified time: 12
05 Apr, 2025 00:24:33 - 'Google Main Right Side' scraper is still running.
05 Apr, 2025 00:24:33 - Last modified time: 5
05 Apr, 2025 00:25:34 - 'Google Main Right Side' scraper is still running.
05 Apr, 2025 00:25:34 - Last modified time: 1
05 Apr, 2025 00:26:35 - 'Google Main Right Side' scraper is still running.
05 Apr, 2025 00:26:35 - Last modified time: 4
05 Apr, 2025 00:27:36 - 'Google Main Right Side' scraper is still running.
05 Apr, 2025 00:27:36 - Last modified time: 4
05 Apr, 2025 00:28:37 - 'Google Main Right Side' scraper is still running.
05 Apr, 2025 00:28:37 - Last modified time: 7
05 Apr, 2025 00:29:39 - 'Google Main Right Side' scraper is still running.
05 Apr, 2025 00:29:39 - Last modified time: 1
05 Apr, 2025 00:30:40 - 'Google Main Right Side' scraper is still running.
05 Apr, 2025 00:30:40 - Last modified time: 36
05 Apr, 2025 00:31:40 - 'Google Main Right Side' scraper is still running.
05 Apr, 2025 00:31:40 - Last modified time: 96
05 Apr, 2025 00:32:41 - 'Google Main Right Side' scraper is still running.
05 Apr, 2025 00:32:41 - Last modified time: 157
05 Apr, 2025 00:33:42 - 'Google Main Right Side' scraper is still running.
05 Apr, 2025 00:33:42 - Last modified time: 218
05 Apr, 2025 00:34:43 - 'Google Main Right Side' scraper is still running.
05 Apr, 2025 00:34:43 - Last modified time: 279
05 Apr, 2025 00:35:44 - 'Google Main Right Side' scraper is still running.
05 Apr, 2025 00:35:44 - Last modified time: 340
05 Apr, 2025 00:36:45 - 'Google Main Right Side' scraper is still running.
05 Apr, 2025 00:36:45 - Last modified time: 401
05 Apr, 2025 00:37:47 - 'Google Main Right Side' scraper is still running.
05 Apr, 2025 00:37:47 - Last modified time: 463
05 Apr, 2025 00:38:48 - 'Google Main Right Side' scraper is still running.
05 Apr, 2025 00:38:48 - Last modified time: 524
05 Apr, 2025 00:39:48 - 'Google Main Right Side' scraper is still running.
05 Apr, 2025 00:39:48 - Last modified time: 584
05 Apr, 2025 00:40:49 - 'Google Main Right Side' scraper is still running.
05 Apr, 2025 00:40:49 - Last modified time: 645
05 Apr, 2025 00:41:51 - 'Google Main Right Side' scraper is still running.
05 Apr, 2025 00:41:51 - Last modified time: 707
05 Apr, 2025 00:42:52 - 'Google Main Right Side' scraper is still running.
05 Apr, 2025 00:42:52 - Last modified time: 768
05 Apr, 2025 00:43:53 - 'Google Main Right Side' scraper is still running.
05 Apr, 2025 00:43:53 - Last modified time: 9
05 Apr, 2025 00:44:54 - 'Google Main Right Side' scraper is still running.
05 Apr, 2025 00:44:54 - Last modified time: 70
05 Apr, 2025 00:45:55 - 'Google Main Right Side' scraper is still running.
05 Apr, 2025 00:45:55 - Last modified time: 131
05 Apr, 2025 00:46:56 - 'Google Main Right Side' scraper is still running.
05 Apr, 2025 00:46:56 - Last modified time: 192
05 Apr, 2025 00:47:57 - 'Google Main Right Side' scraper is still running.
05 Apr, 2025 00:47:57 - Last modified time: 253
05 Apr, 2025 00:48:58 - 'Google Main Right Side' scraper is still running.
05 Apr, 2025 00:48:58 - Last modified time: 314
05 Apr, 2025 00:49:59 - 'Google Main Right Side' scraper is still running.
05 Apr, 2025 00:49:59 - Last modified time: 375
05 Apr, 2025 00:51:00 - 'Google Main Right Side' scraper is still running.
05 Apr, 2025 00:51:00 - Last modified time: 436
05 Apr, 2025 00:52:01 - 'Google Main Right Side' scraper is still running.
05 Apr, 2025 00:52:01 - Last modified time: 497
05 Apr, 2025 00:53:02 - 'Google Main Right Side' scraper is still running.
05 Apr, 2025 00:53:02 - Last modified time: 558
05 Apr, 2025 00:54:03 - 'Google Main Right Side' scraper is still running.
05 Apr, 2025 00:54:03 - Last modified time: 619
05 Apr, 2025 00:55:04 - 'Google Main Right Side' scraper is still running.
05 Apr, 2025 00:55:04 - Last modified time: 680
05 Apr, 2025 00:56:05 - 'Google Main Right Side' scraper is not running. Checking if it is stuck...
05 Apr, 2025 00:56:05 - Process finished. Restarting the process...
05 Apr, 2025 00:56:05 - 'Google Main Right Side' scraper started.
05 Apr, 2025 00:57:06 - 'Google Main Right Side' scraper is still running.
05 Apr, 2025 00:57:06 - Last modified time: 1
05 Apr, 2025 00:58:08 - 'Google Main Right Side' scraper is still running.
05 Apr, 2025 00:58:08 - Last modified time: 5
05 Apr, 2025 00:59:09 - 'Google Main Right Side' scraper is still running.
05 Apr, 2025 00:59:09 - Last modified time: 21
05 Apr, 2025 01:00:10 - 'Google Main Right Side' scraper is still running.
05 Apr, 2025 01:00:10 - Last modified time: 1
05 Apr, 2025 01:01:11 - 'Google Main Right Side' scraper is still running.
05 Apr, 2025 01:01:11 - Last modified time: 0
05 Apr, 2025 01:02:12 - 'Google Main Right Side' scraper is still running.
05 Apr, 2025 01:02:12 - Last modified time: 0
05 Apr, 2025 01:03:13 - 'Google Main Right Side' scraper is still running.
05 Apr, 2025 01:03:13 - Last modified time: 0
05 Apr, 2025 01:04:14 - 'Google Main Right Side' scraper is still running.
05 Apr, 2025 01:04:14 - Last modified time: 0
05 Apr, 2025 01:05:15 - 'Google Main Right Side' scraper is still running.
05 Apr, 2025 01:05:15 - Last modified time: 0
05 Apr, 2025 01:06:17 - 'Google Main Right Side' scraper is still running.
05 Apr, 2025 01:06:17 - Last modified time: 1
05 Apr, 2025 01:07:18 - 'Google Main Right Side' scraper is still running.
05 Apr, 2025 01:07:18 - Last modified time: 1
05 Apr, 2025 01:08:19 - 'Google Main Right Side' scraper is still running.
05 Apr, 2025 01:08:19 - Last modified time: 1
05 Apr, 2025 01:09:20 - 'Google Main Right Side' scraper is still running.
05 Apr, 2025 01:09:20 - Last modified time: 2
05 Apr, 2025 01:10:21 - 'Google Main Right Side' scraper is still running.
05 Apr, 2025 01:10:21 - Last modified time: 4
05 Apr, 2025 01:11:22 - 'Google Main Right Side' scraper is still running.
05 Apr, 2025 01:11:22 - Last modified time: 1
05 Apr, 2025 01:12:23 - 'Google Main Right Side' scraper is still running.
05 Apr, 2025 01:12:23 - Last modified time: 2
05 Apr, 2025 01:13:24 - 'Google Main Right Side' scraper is still running.
05 Apr, 2025 01:13:24 - Last modified time: 0
05 Apr, 2025 01:14:25 - 'Google Main Right Side' scraper is still running.
05 Apr, 2025 01:14:25 - Last modified time: 3
05 Apr, 2025 01:15:26 - 'Google Main Right Side' scraper is still running.
05 Apr, 2025 01:15:26 - Last modified time: 5
05 Apr, 2025 01:16:27 - 'Google Main Right Side' scraper is still running.
05 Apr, 2025 01:16:27 - Last modified time: 6
05 Apr, 2025 01:17:28 - 'Google Main Right Side' scraper is still running.
05 Apr, 2025 01:17:28 - Last modified time: 47
05 Apr, 2025 01:18:29 - 'Google Main Right Side' scraper is still running.
05 Apr, 2025 01:18:29 - Last modified time: 108
05 Apr, 2025 01:19:30 - 'Google Main Right Side' scraper is still running.
05 Apr, 2025 01:19:30 - Last modified time: 169
05 Apr, 2025 01:20:31 - 'Google Main Right Side' scraper is still running.
05 Apr, 2025 01:20:32 - Last modified time: 231
05 Apr, 2025 01:21:33 - 'Google Main Right Side' scraper is still running.
05 Apr, 2025 01:21:33 - Last modified time: 292
05 Apr, 2025 01:22:34 - 'Google Main Right Side' scraper is still running.
05 Apr, 2025 01:22:34 - Last modified time: 353
05 Apr, 2025 01:23:34 - 'Google Main Right Side' scraper is still running.
05 Apr, 2025 01:23:34 - Last modified time: 413
05 Apr, 2025 01:24:36 - 'Google Main Right Side' scraper is still running.
05 Apr, 2025 01:24:36 - Last modified time: 475
05 Apr, 2025 01:25:37 - 'Google Main Right Side' scraper is still running.
05 Apr, 2025 01:25:37 - Last modified time: 536
05 Apr, 2025 01:26:38 - 'Google Main Right Side' scraper is still running.
05 Apr, 2025 01:26:38 - Last modified time: 597
05 Apr, 2025 01:27:39 - 'Google Main Right Side' scraper is still running.
05 Apr, 2025 01:27:39 - Last modified time: 658
05 Apr, 2025 01:28:41 - 'Google Main Right Side' scraper is still running.
05 Apr, 2025 01:28:41 - Last modified time: 720
05 Apr, 2025 01:29:42 - 'Google Main Right Side' scraper is still running.
05 Apr, 2025 01:29:42 - Last modified time: 781
05 Apr, 2025 01:30:42 - 'Google Main Right Side' scraper is still running.
05 Apr, 2025 01:30:42 - Last modified time: 841
05 Apr, 2025 01:31:44 - 'Google Main Right Side' scraper is still running.
05 Apr, 2025 01:31:44 - Last modified time: 903
05 Apr, 2025 01:32:45 - 'Google Main Right Side' scraper is still running.
05 Apr, 2025 01:32:45 - Last modified time: 964
05 Apr, 2025 01:33:46 - 'Google Main Right Side' scraper is still running.
05 Apr, 2025 01:33:46 - Last modified time: 1025
05 Apr, 2025 01:34:47 - 'Google Main Right Side' scraper is still running.
05 Apr, 2025 01:34:47 - Last modified time: 1086
05 Apr, 2025 01:35:48 - 'Google Main Right Side' scraper is still running.
05 Apr, 2025 01:35:48 - Last modified time: 1147
05 Apr, 2025 01:36:49 - 'Google Main Right Side' scraper is still running.
05 Apr, 2025 01:36:49 - Last modified time: 1208
05 Apr, 2025 01:37:51 - 'Google Main Right Side' scraper is still running.
05 Apr, 2025 01:37:51 - Last modified time: 1270
05 Apr, 2025 01:38:51 - 'Google Main Right Side' scraper is still running.
05 Apr, 2025 01:38:51 - Last modified time: 1330
05 Apr, 2025 01:39:52 - 'Google Main Right Side' scraper is still running.
05 Apr, 2025 01:39:52 - Last modified time: 52
05 Apr, 2025 01:40:54 - 'Google Main Right Side' scraper is still running.
05 Apr, 2025 01:40:54 - Last modified time: 114
05 Apr, 2025 01:41:55 - 'Google Main Right Side' scraper is still running.
05 Apr, 2025 01:41:55 - Last modified time: 175
05 Apr, 2025 01:42:56 - 'Google Main Right Side' scraper is still running.
05 Apr, 2025 01:42:56 - Last modified time: 3
05 Apr, 2025 01:43:57 - 'Google Main Right Side' scraper is still running.
05 Apr, 2025 01:43:57 - Last modified time: 64
05 Apr, 2025 01:44:59 - 'Google Main Right Side' scraper is still running.
05 Apr, 2025 01:44:59 - Last modified time: 126
05 Apr, 2025 01:45:59 - 'Google Main Right Side' scraper is still running.
05 Apr, 2025 01:45:59 - Last modified time: 186
05 Apr, 2025 01:47:00 - 'Google Main Right Side' scraper is still running.
05 Apr, 2025 01:47:00 - Last modified time: 247
05 Apr, 2025 01:48:02 - 'Google Main Right Side' scraper is still running.
05 Apr, 2025 01:48:02 - Last modified time: 309
05 Apr, 2025 01:49:03 - 'Google Main Right Side' scraper is still running.
05 Apr, 2025 01:49:03 - Last modified time: 370
05 Apr, 2025 01:50:04 - 'Google Main Right Side' scraper is still running.
05 Apr, 2025 01:50:04 - Last modified time: 34
05 Apr, 2025 01:51:06 - 'Google Main Right Side' scraper is still running.
05 Apr, 2025 01:51:06 - Last modified time: 96
05 Apr, 2025 01:52:07 - 'Google Main Right Side' scraper is still running.
05 Apr, 2025 01:52:07 - Last modified time: 157
05 Apr, 2025 01:53:07 - 'Google Main Right Side' scraper is still running.
05 Apr, 2025 01:53:07 - Last modified time: 217
05 Apr, 2025 01:54:09 - 'Google Main Right Side' scraper is still running.
05 Apr, 2025 01:54:09 - Last modified time: 279
05 Apr, 2025 01:55:10 - 'Google Main Right Side' scraper is still running.
05 Apr, 2025 01:55:10 - Last modified time: 340
05 Apr, 2025 01:56:11 - 'Google Main Right Side' scraper is still running.
05 Apr, 2025 01:56:11 - Last modified time: 401
05 Apr, 2025 01:57:12 - 'Google Main Right Side' scraper is not running. Checking if it is stuck...
05 Apr, 2025 01:57:12 - Process finished. Restarting the process...
05 Apr, 2025 01:57:12 - 'Google Main Right Side' scraper started.
05 Apr, 2025 01:58:14 - 'Google Main Right Side' scraper is still running.
05 Apr, 2025 01:58:14 - Last modified time: 3
05 Apr, 2025 01:59:15 - 'Google Main Right Side' scraper is still running.
05 Apr, 2025 01:59:16 - Last modified time: 2
05 Apr, 2025 02:00:16 - 'Google Main Right Side' scraper is still running.
05 Apr, 2025 02:00:16 - Last modified time: 3
05 Apr, 2025 02:01:17 - 'Google Main Right Side' scraper is still running.
05 Apr, 2025 02:01:17 - Last modified time: 0
05 Apr, 2025 02:02:19 - 'Google Main Right Side' scraper is still running.
05 Apr, 2025 02:02:19 - Last modified time: 0
05 Apr, 2025 02:03:20 - 'Google Main Right Side' scraper is still running.
05 Apr, 2025 02:03:20 - Last modified time: 0
05 Apr, 2025 02:04:21 - 'Google Main Right Side' scraper is still running.
05 Apr, 2025 02:04:21 - Last modified time: 0
05 Apr, 2025 02:05:23 - 'Google Main Right Side' scraper is still running.
05 Apr, 2025 02:05:23 - Last modified time: 1
05 Apr, 2025 02:06:24 - 'Google Main Right Side' scraper is still running.
05 Apr, 2025 02:06:24 - Last modified time: 1
05 Apr, 2025 02:07:25 - 'Google Main Right Side' scraper is still running.
05 Apr, 2025 02:07:25 - Last modified time: 1
05 Apr, 2025 02:08:26 - 'Google Main Right Side' scraper is still running.
05 Apr, 2025 02:08:26 - Last modified time: 0
05 Apr, 2025 02:09:27 - 'Google Main Right Side' scraper is still running.
05 Apr, 2025 02:09:27 - Last modified time: 0
05 Apr, 2025 02:10:29 - 'Google Main Right Side' scraper is still running.
05 Apr, 2025 02:10:29 - Last modified time: 1
05 Apr, 2025 02:11:30 - 'Google Main Right Side' scraper is still running.
05 Apr, 2025 02:11:30 - Last modified time: 1
05 Apr, 2025 02:12:31 - 'Google Main Right Side' scraper is still running.
05 Apr, 2025 02:12:32 - Last modified time: 0
05 Apr, 2025 02:13:33 - 'Google Main Right Side' scraper is still running.
05 Apr, 2025 02:13:33 - Last modified time: 62
05 Apr, 2025 02:14:34 - 'Google Main Right Side' scraper is still running.
05 Apr, 2025 02:14:34 - Last modified time: 123
05 Apr, 2025 02:15:35 - 'Google Main Right Side' scraper is still running.
05 Apr, 2025 02:15:35 - Last modified time: 184
05 Apr, 2025 02:16:36 - 'Google Main Right Side' scraper is still running.
05 Apr, 2025 02:16:36 - Last modified time: 245
05 Apr, 2025 02:17:38 - 'Google Main Right Side' scraper is still running.
05 Apr, 2025 02:17:38 - Last modified time: 307
05 Apr, 2025 02:18:39 - 'Google Main Right Side' scraper is still running.
05 Apr, 2025 02:18:39 - Last modified time: 368
05 Apr, 2025 02:19:40 - 'Google Main Right Side' scraper is still running.
05 Apr, 2025 02:19:40 - Last modified time: 429
05 Apr, 2025 02:20:42 - 'Google Main Right Side' scraper is still running.
05 Apr, 2025 02:20:42 - Last modified time: 491
05 Apr, 2025 02:21:43 - 'Google Main Right Side' scraper is still running.
05 Apr, 2025 02:21:43 - Last modified time: 552
05 Apr, 2025 02:22:44 - 'Google Main Right Side' scraper is still running.
05 Apr, 2025 02:22:44 - Last modified time: 613
05 Apr, 2025 02:23:45 - 'Google Main Right Side' scraper is still running.
05 Apr, 2025 02:23:45 - Last modified time: 674
05 Apr, 2025 02:24:47 - 'Google Main Right Side' scraper is still running.
05 Apr, 2025 02:24:47 - Last modified time: 736
05 Apr, 2025 02:25:48 - 'Google Main Right Side' scraper is still running.
05 Apr, 2025 02:25:48 - Last modified time: 797
05 Apr, 2025 02:26:49 - 'Google Main Right Side' scraper is still running.
05 Apr, 2025 02:26:49 - Last modified time: 14
05 Apr, 2025 02:27:51 - 'Google Main Right Side' scraper is still running.
05 Apr, 2025 02:27:51 - Last modified time: 76
05 Apr, 2025 02:28:52 - 'Google Main Right Side' scraper is still running.
05 Apr, 2025 02:28:52 - Last modified time: 137
05 Apr, 2025 02:29:53 - 'Google Main Right Side' scraper is still running.
05 Apr, 2025 02:29:53 - Last modified time: 198
05 Apr, 2025 02:30:54 - 'Google Main Right Side' scraper is still running.
05 Apr, 2025 02:30:54 - Last modified time: 259
05 Apr, 2025 02:31:55 - 'Google Main Right Side' scraper is still running.
05 Apr, 2025 02:31:55 - Last modified time: 320
05 Apr, 2025 02:32:57 - 'Google Main Right Side' scraper is still running.
05 Apr, 2025 02:32:57 - Last modified time: 3
05 Apr, 2025 02:33:58 - 'Google Main Right Side' scraper is still running.
05 Apr, 2025 02:33:58 - Last modified time: 64
05 Apr, 2025 02:35:00 - 'Google Main Right Side' scraper is still running.
05 Apr, 2025 02:35:00 - Last modified time: 126
05 Apr, 2025 02:36:01 - 'Google Main Right Side' scraper is still running.
05 Apr, 2025 02:36:01 - Last modified time: 187
05 Apr, 2025 02:37:02 - 'Google Main Right Side' scraper is still running.
05 Apr, 2025 02:37:02 - Last modified time: 46
05 Apr, 2025 02:38:03 - 'Google Main Right Side' scraper is still running.
05 Apr, 2025 02:38:03 - Last modified time: 107
05 Apr, 2025 02:39:04 - 'Google Main Right Side' scraper is still running.
05 Apr, 2025 02:39:04 - Last modified time: 14
05 Apr, 2025 02:40:05 - 'Google Main Right Side' scraper is still running.
05 Apr, 2025 02:40:05 - Last modified time: 75
05 Apr, 2025 02:41:05 - 'Google Main Right Side' scraper is still running.
05 Apr, 2025 02:41:05 - Last modified time: 135
05 Apr, 2025 02:42:06 - 'Google Main Right Side' scraper is still running.
05 Apr, 2025 02:42:06 - Last modified time: 196
05 Apr, 2025 02:43:06 - 'Google Main Right Side' scraper is still running.
05 Apr, 2025 02:43:06 - Last modified time: 256
05 Apr, 2025 02:44:07 - 'Google Main Right Side' scraper is still running.
05 Apr, 2025 02:44:07 - Last modified time: 317
05 Apr, 2025 02:45:07 - 'Google Main Right Side' scraper is still running.
05 Apr, 2025 02:45:07 - Last modified time: 377
05 Apr, 2025 02:46:08 - 'Google Main Right Side' scraper is still running.
05 Apr, 2025 02:46:08 - Last modified time: 50
05 Apr, 2025 02:47:09 - 'Google Main Right Side' scraper is still running.
05 Apr, 2025 02:47:09 - Last modified time: 111
05 Apr, 2025 02:48:10 - 'Google Main Right Side' scraper is still running.
05 Apr, 2025 02:48:10 - Last modified time: 172
05 Apr, 2025 02:49:11 - 'Google Main Right Side' scraper is still running.
05 Apr, 2025 02:49:11 - Last modified time: 233
05 Apr, 2025 02:50:13 - 'Google Main Right Side' scraper is still running.
05 Apr, 2025 02:50:13 - Last modified time: 295
05 Apr, 2025 02:51:14 - 'Google Main Right Side' scraper is still running.
05 Apr, 2025 02:51:14 - Last modified time: 356
05 Apr, 2025 02:52:14 - 'Google Main Right Side' scraper is still running.
05 Apr, 2025 02:52:14 - Last modified time: 416
05 Apr, 2025 02:53:16 - 'Google Main Right Side' scraper is still running.
05 Apr, 2025 02:53:16 - Last modified time: 478
05 Apr, 2025 02:54:17 - 'Google Main Right Side' scraper is still running.
05 Apr, 2025 02:54:17 - Last modified time: 539
05 Apr, 2025 02:55:18 - 'Google Main Right Side' scraper is still running.
05 Apr, 2025 02:55:18 - Last modified time: 600
05 Apr, 2025 02:56:19 - 'Google Main Right Side' scraper is still running.
05 Apr, 2025 02:56:20 - Last modified time: 5
05 Apr, 2025 02:57:21 - 'Google Main Right Side' scraper is not running. Checking if it is stuck...
05 Apr, 2025 02:57:21 - Process finished. Restarting the process...
05 Apr, 2025 02:57:21 - 'Google Main Right Side' scraper started.
05 Apr, 2025 02:58:22 - 'Google Main Right Side' scraper is still running.
05 Apr, 2025 02:58:22 - Last modified time: 2
05 Apr, 2025 02:59:23 - 'Google Main Right Side' scraper is still running.
05 Apr, 2025 02:59:24 - Last modified time: 10
05 Apr, 2025 03:00:25 - 'Google Main Right Side' scraper is still running.
05 Apr, 2025 03:00:25 - Last modified time: 1
05 Apr, 2025 03:01:26 - 'Google Main Right Side' scraper is still running.
05 Apr, 2025 03:01:26 - Last modified time: 3
05 Apr, 2025 03:02:27 - 'Google Main Right Side' scraper is still running.
05 Apr, 2025 03:02:27 - Last modified time: 0
05 Apr, 2025 03:03:28 - 'Google Main Right Side' scraper is still running.
05 Apr, 2025 03:03:28 - Last modified time: 2
05 Apr, 2025 03:04:29 - 'Google Main Right Side' scraper is still running.
05 Apr, 2025 03:04:29 - Last modified time: 0
05 Apr, 2025 03:05:31 - 'Google Main Right Side' scraper is still running.
05 Apr, 2025 03:05:31 - Last modified time: 1
05 Apr, 2025 03:06:32 - 'Google Main Right Side' scraper is still running.
05 Apr, 2025 03:06:32 - Last modified time: 4
05 Apr, 2025 03:07:33 - 'Google Main Right Side' scraper is still running.
05 Apr, 2025 03:07:33 - Last modified time: 1
05 Apr, 2025 03:08:34 - 'Google Main Right Side' scraper is still running.
05 Apr, 2025 03:08:34 - Last modified time: 3
05 Apr, 2025 03:09:35 - 'Google Main Right Side' scraper is still running.
05 Apr, 2025 03:09:35 - Last modified time: 37
05 Apr, 2025 03:10:36 - 'Google Main Right Side' scraper is still running.
05 Apr, 2025 03:10:36 - Last modified time: 98
05 Apr, 2025 03:11:38 - 'Google Main Right Side' scraper is still running.
05 Apr, 2025 03:11:38 - Last modified time: 160
05 Apr, 2025 03:12:39 - 'Google Main Right Side' scraper is still running.
05 Apr, 2025 03:12:39 - Last modified time: 221
05 Apr, 2025 03:13:40 - 'Google Main Right Side' scraper is still running.
05 Apr, 2025 03:13:40 - Last modified time: 282
05 Apr, 2025 03:14:41 - 'Google Main Right Side' scraper is still running.
05 Apr, 2025 03:14:41 - Last modified time: 343
05 Apr, 2025 03:15:42 - 'Google Main Right Side' scraper is still running.
05 Apr, 2025 03:15:42 - Last modified time: 404
05 Apr, 2025 03:16:44 - 'Google Main Right Side' scraper is still running.
05 Apr, 2025 03:16:44 - Last modified time: 466
05 Apr, 2025 03:17:45 - 'Google Main Right Side' scraper is still running.
05 Apr, 2025 03:17:45 - Last modified time: 527
05 Apr, 2025 03:18:46 - 'Google Main Right Side' scraper is still running.
05 Apr, 2025 03:18:47 - Last modified time: 589
05 Apr, 2025 03:19:48 - 'Google Main Right Side' scraper is still running.
05 Apr, 2025 03:19:48 - Last modified time: 45
05 Apr, 2025 03:20:49 - 'Google Main Right Side' scraper is still running.
05 Apr, 2025 03:20:49 - Last modified time: 106
05 Apr, 2025 03:21:50 - 'Google Main Right Side' scraper is still running.
05 Apr, 2025 03:21:50 - Last modified time: 167
05 Apr, 2025 03:22:51 - 'Google Main Right Side' scraper is still running.
05 Apr, 2025 03:22:51 - Last modified time: 43
05 Apr, 2025 03:23:53 - 'Google Main Right Side' scraper is still running.
05 Apr, 2025 03:23:53 - Last modified time: 105
05 Apr, 2025 03:24:54 - 'Google Main Right Side' scraper is still running.
05 Apr, 2025 03:24:54 - Last modified time: 166
05 Apr, 2025 03:25:55 - 'Google Main Right Side' scraper is still running.
05 Apr, 2025 03:25:55 - Last modified time: 227
05 Apr, 2025 03:26:57 - 'Google Main Right Side' scraper is still running.
05 Apr, 2025 03:26:57 - Last modified time: 30
05 Apr, 2025 03:27:58 - 'Google Main Right Side' scraper is still running.
05 Apr, 2025 03:27:58 - Last modified time: 91
05 Apr, 2025 03:28:59 - 'Google Main Right Side' scraper is still running.
05 Apr, 2025 03:28:59 - Last modified time: 152
05 Apr, 2025 03:30:00 - 'Google Main Right Side' scraper is still running.
05 Apr, 2025 03:30:00 - Last modified time: 213
05 Apr, 2025 03:31:02 - 'Google Main Right Side' scraper is still running.
05 Apr, 2025 03:31:02 - Last modified time: 275
05 Apr, 2025 03:32:03 - 'Google Main Right Side' scraper is still running.
05 Apr, 2025 03:32:03 - Last modified time: 336
05 Apr, 2025 03:33:05 - 'Google Main Right Side' scraper is still running.
05 Apr, 2025 03:33:05 - Last modified time: 398
05 Apr, 2025 03:34:06 - 'Google Main Right Side' scraper is still running.
05 Apr, 2025 03:34:06 - Last modified time: 459
05 Apr, 2025 03:35:07 - 'Google Main Right Side' scraper is not running. Checking if it is stuck...
05 Apr, 2025 03:35:07 - Process finished. Restarting the process...
05 Apr, 2025 03:35:07 - 'Google Main Right Side' scraper started.
05 Apr, 2025 03:36:09 - 'Google Main Right Side' scraper is still running.
05 Apr, 2025 03:36:09 - Last modified time: 2
05 Apr, 2025 03:37:10 - 'Google Main Right Side' scraper is still running.
05 Apr, 2025 03:37:10 - Last modified time: 2
05 Apr, 2025 03:38:11 - 'Google Main Right Side' scraper is still running.
05 Apr, 2025 03:38:11 - Last modified time: 16
05 Apr, 2025 03:39:13 - 'Google Main Right Side' scraper is still running.
05 Apr, 2025 03:39:13 - Last modified time: 1
05 Apr, 2025 03:40:14 - 'Google Main Right Side' scraper is still running.
05 Apr, 2025 03:40:14 - Last modified time: 1
05 Apr, 2025 03:41:16 - 'Google Main Right Side' scraper is still running.
05 Apr, 2025 03:41:16 - Last modified time: 1
05 Apr, 2025 03:42:17 - 'Google Main Right Side' scraper is still running.
05 Apr, 2025 03:42:17 - Last modified time: 3
05 Apr, 2025 03:43:19 - 'Google Main Right Side' scraper is still running.
05 Apr, 2025 03:43:19 - Last modified time: 4
05 Apr, 2025 03:44:19 - 'Google Main Right Side' scraper is still running.
05 Apr, 2025 03:44:19 - Last modified time: 0
05 Apr, 2025 03:45:21 - 'Google Main Right Side' scraper is still running.
05 Apr, 2025 03:45:21 - Last modified time: 7
05 Apr, 2025 03:46:22 - 'Google Main Right Side' scraper is still running.
05 Apr, 2025 03:46:22 - Last modified time: 1
05 Apr, 2025 03:47:24 - 'Google Main Right Side' scraper is still running.
05 Apr, 2025 03:47:24 - Last modified time: 56
05 Apr, 2025 03:48:25 - 'Google Main Right Side' scraper is still running.
05 Apr, 2025 03:48:25 - Last modified time: 117
05 Apr, 2025 03:49:26 - 'Google Main Right Side' scraper is still running.
05 Apr, 2025 03:49:26 - Last modified time: 55
05 Apr, 2025 03:50:28 - 'Google Main Right Side' scraper is still running.
05 Apr, 2025 03:50:28 - Last modified time: 18
05 Apr, 2025 03:51:28 - 'Google Main Right Side' scraper is still running.
05 Apr, 2025 03:51:28 - Last modified time: 78
05 Apr, 2025 03:52:30 - 'Google Main Right Side' scraper is still running.
05 Apr, 2025 03:52:30 - Last modified time: 140
05 Apr, 2025 03:53:31 - 'Google Main Right Side' scraper is still running.
05 Apr, 2025 03:53:31 - Last modified time: 201
05 Apr, 2025 03:54:33 - 'Google Main Right Side' scraper is still running.
05 Apr, 2025 03:54:33 - Last modified time: 263
05 Apr, 2025 03:55:34 - 'Google Main Right Side' scraper is still running.
05 Apr, 2025 03:55:34 - Last modified time: 324
05 Apr, 2025 03:56:36 - 'Google Main Right Side' scraper is still running.
05 Apr, 2025 03:56:36 - Last modified time: 386
05 Apr, 2025 03:57:37 - 'Google Main Right Side' scraper is still running.
05 Apr, 2025 03:57:37 - Last modified time: 447
05 Apr, 2025 03:58:38 - 'Google Main Right Side' scraper is still running.
05 Apr, 2025 03:58:38 - Last modified time: 508
05 Apr, 2025 03:59:39 - 'Google Main Right Side' scraper is still running.
05 Apr, 2025 03:59:39 - Last modified time: 569
05 Apr, 2025 04:00:40 - 'Google Main Right Side' scraper is still running.
05 Apr, 2025 04:00:40 - Last modified time: 630
05 Apr, 2025 04:01:42 - 'Google Main Right Side' scraper is still running.
05 Apr, 2025 04:01:42 - Last modified time: 692
05 Apr, 2025 04:02:44 - 'Google Main Right Side' scraper is still running.
05 Apr, 2025 04:02:44 - Last modified time: 754
05 Apr, 2025 04:03:45 - 'Google Main Right Side' scraper is still running.
05 Apr, 2025 04:03:45 - Last modified time: 815
05 Apr, 2025 04:04:47 - 'Google Main Right Side' scraper is still running.
05 Apr, 2025 04:04:47 - Last modified time: 29
05 Apr, 2025 04:05:48 - 'Google Main Right Side' scraper is still running.
05 Apr, 2025 04:05:48 - Last modified time: 90
05 Apr, 2025 04:06:49 - 'Google Main Right Side' scraper is still running.
05 Apr, 2025 04:06:49 - Last modified time: 151
05 Apr, 2025 04:07:50 - 'Google Main Right Side' scraper is still running.
05 Apr, 2025 04:07:50 - Last modified time: 212
05 Apr, 2025 04:08:52 - 'Google Main Right Side' scraper is still running.
05 Apr, 2025 04:08:52 - Last modified time: 274
05 Apr, 2025 04:09:53 - 'Google Main Right Side' scraper is still running.
05 Apr, 2025 04:09:53 - Last modified time: 56
05 Apr, 2025 04:10:55 - 'Google Main Right Side' scraper is still running.
05 Apr, 2025 04:10:55 - Last modified time: 118
05 Apr, 2025 04:11:56 - 'Google Main Right Side' scraper is still running.
05 Apr, 2025 04:11:56 - Last modified time: 179
05 Apr, 2025 04:12:58 - 'Google Main Right Side' scraper is still running.
05 Apr, 2025 04:12:58 - Last modified time: 241
05 Apr, 2025 04:13:59 - 'Google Main Right Side' scraper is still running.
05 Apr, 2025 04:13:59 - Last modified time: 302
05 Apr, 2025 04:15:00 - 'Google Main Right Side' scraper is still running.
05 Apr, 2025 04:15:00 - Last modified time: 5
05 Apr, 2025 04:16:02 - 'Google Main Right Side' scraper is still running.
05 Apr, 2025 04:16:02 - Last modified time: 67
05 Apr, 2025 04:17:03 - 'Google Main Right Side' scraper is still running.
05 Apr, 2025 04:17:03 - Last modified time: 128
05 Apr, 2025 04:18:05 - 'Google Main Right Side' scraper is still running.
05 Apr, 2025 04:18:05 - Last modified time: 190
05 Apr, 2025 04:19:06 - 'Google Main Right Side' scraper is still running.
05 Apr, 2025 04:19:06 - Last modified time: 251
05 Apr, 2025 04:20:08 - 'Google Main Right Side' scraper is still running.
05 Apr, 2025 04:20:08 - Last modified time: 313
05 Apr, 2025 04:21:09 - 'Google Main Right Side' scraper is not running. Checking if it is stuck...
05 Apr, 2025 04:21:09 - Process finished. Restarting the process...
05 Apr, 2025 04:21:09 - 'Google Main Right Side' scraper started.
05 Apr, 2025 04:22:10 - 'Google Main Right Side' scraper is still running.
05 Apr, 2025 04:22:10 - Last modified time: 0
05 Apr, 2025 04:23:12 - 'Google Main Right Side' scraper is still running.
05 Apr, 2025 04:23:12 - Last modified time: 14
05 Apr, 2025 04:24:13 - 'Google Main Right Side' scraper is still running.
05 Apr, 2025 04:24:13 - Last modified time: 6
05 Apr, 2025 04:25:15 - 'Google Main Right Side' scraper is still running.
05 Apr, 2025 04:25:15 - Last modified time: 2
05 Apr, 2025 04:26:17 - 'Google Main Right Side' scraper is still running.
05 Apr, 2025 04:26:17 - Last modified time: 1
05 Apr, 2025 04:27:18 - 'Google Main Right Side' scraper is still running.
05 Apr, 2025 04:27:18 - Last modified time: 1
05 Apr, 2025 04:28:20 - 'Google Main Right Side' scraper is still running.
05 Apr, 2025 04:28:20 - Last modified time: 2
05 Apr, 2025 04:29:20 - 'Google Main Right Side' scraper is still running.
05 Apr, 2025 04:29:20 - Last modified time: 0
05 Apr, 2025 04:30:22 - 'Google Main Right Side' scraper is still running.
05 Apr, 2025 04:30:22 - Last modified time: 1
05 Apr, 2025 04:31:23 - 'Google Main Right Side' scraper is still running.
05 Apr, 2025 04:31:23 - Last modified time: 0
05 Apr, 2025 04:32:25 - 'Google Main Right Side' scraper is still running.
05 Apr, 2025 04:32:25 - Last modified time: 3
05 Apr, 2025 04:33:26 - 'Google Main Right Side' scraper is still running.
05 Apr, 2025 04:33:26 - Last modified time: 4
05 Apr, 2025 04:34:28 - 'Google Main Right Side' scraper is still running.
05 Apr, 2025 04:34:28 - Last modified time: 10
05 Apr, 2025 04:35:29 - 'Google Main Right Side' scraper is still running.
05 Apr, 2025 04:35:29 - Last modified time: 71
05 Apr, 2025 04:36:30 - 'Google Main Right Side' scraper is still running.
05 Apr, 2025 04:36:30 - Last modified time: 17
05 Apr, 2025 04:37:31 - 'Google Main Right Side' scraper is still running.
05 Apr, 2025 04:37:31 - Last modified time: 46
05 Apr, 2025 04:38:33 - 'Google Main Right Side' scraper is still running.
05 Apr, 2025 04:38:33 - Last modified time: 108
05 Apr, 2025 04:39:34 - 'Google Main Right Side' scraper is still running.
05 Apr, 2025 04:39:34 - Last modified time: 169
05 Apr, 2025 04:40:36 - 'Google Main Right Side' scraper is still running.
05 Apr, 2025 04:40:36 - Last modified time: 231
05 Apr, 2025 04:41:37 - 'Google Main Right Side' scraper is still running.
05 Apr, 2025 04:41:37 - Last modified time: 13
05 Apr, 2025 04:42:38 - 'Google Main Right Side' scraper is still running.
05 Apr, 2025 04:42:38 - Last modified time: 25
05 Apr, 2025 04:43:39 - 'Google Main Right Side' scraper is still running.
05 Apr, 2025 04:43:39 - Last modified time: 86
05 Apr, 2025 04:44:41 - 'Google Main Right Side' scraper is still running.
05 Apr, 2025 04:44:41 - Last modified time: 148
05 Apr, 2025 04:45:42 - 'Google Main Right Side' scraper is still running.
05 Apr, 2025 04:45:42 - Last modified time: 209
05 Apr, 2025 04:46:44 - 'Google Main Right Side' scraper is still running.
05 Apr, 2025 04:46:44 - Last modified time: 271
05 Apr, 2025 04:47:45 - 'Google Main Right Side' scraper is still running.
05 Apr, 2025 04:47:45 - Last modified time: 332
05 Apr, 2025 04:48:47 - 'Google Main Right Side' scraper is still running.
05 Apr, 2025 04:48:47 - Last modified time: 21
05 Apr, 2025 04:49:49 - 'Google Main Right Side' scraper is still running.
05 Apr, 2025 04:49:49 - Last modified time: 83
05 Apr, 2025 04:50:49 - 'Google Main Right Side' scraper is still running.
05 Apr, 2025 04:50:49 - Last modified time: 143
05 Apr, 2025 04:51:51 - 'Google Main Right Side' scraper is still running.
05 Apr, 2025 04:51:51 - Last modified time: 205
05 Apr, 2025 04:52:52 - 'Google Main Right Side' scraper is still running.
05 Apr, 2025 04:52:52 - Last modified time: 266
05 Apr, 2025 04:53:54 - 'Google Main Right Side' scraper is still running.
05 Apr, 2025 04:53:54 - Last modified time: 328
05 Apr, 2025 04:54:55 - 'Google Main Right Side' scraper is still running.
05 Apr, 2025 04:54:55 - Last modified time: 389
05 Apr, 2025 04:55:57 - 'Google Main Right Side' scraper is still running.
05 Apr, 2025 04:55:57 - Last modified time: 451
05 Apr, 2025 04:56:58 - 'Google Main Right Side' scraper is still running.
05 Apr, 2025 04:56:58 - Last modified time: 512
05 Apr, 2025 04:57:59 - 'Google Main Right Side' scraper is still running.
05 Apr, 2025 04:57:59 - Last modified time: 573
05 Apr, 2025 04:59:00 - 'Google Main Right Side' scraper is still running.
05 Apr, 2025 04:59:00 - Last modified time: 634
05 Apr, 2025 05:00:00 - 'Google Main Right Side' scraper is still running.
05 Apr, 2025 05:00:00 - Last modified time: 694
05 Apr, 2025 05:01:01 - 'Google Main Right Side' scraper is still running.
05 Apr, 2025 05:01:01 - Last modified time: 755
05 Apr, 2025 05:02:02 - 'Google Main Right Side' scraper is still running.
05 Apr, 2025 05:02:02 - Last modified time: 816
05 Apr, 2025 05:03:03 - 'Google Main Right Side' scraper is still running.
05 Apr, 2025 05:03:03 - Last modified time: 877
05 Apr, 2025 05:04:04 - 'Google Main Right Side' scraper is still running.
05 Apr, 2025 05:04:04 - Last modified time: 938
05 Apr, 2025 05:05:06 - 'Google Main Right Side' scraper is still running.
05 Apr, 2025 05:05:06 - Last modified time: 1000
05 Apr, 2025 05:06:06 - 'Google Main Right Side' scraper is still running.
05 Apr, 2025 05:06:06 - Last modified time: 1060
05 Apr, 2025 05:07:07 - 'Google Main Right Side' scraper is still running.
05 Apr, 2025 05:07:07 - Last modified time: 1121
05 Apr, 2025 05:08:09 - 'Google Main Right Side' scraper is still running.
05 Apr, 2025 05:08:09 - Last modified time: 1183
05 Apr, 2025 05:09:10 - 'Google Main Right Side' scraper is still running.
05 Apr, 2025 05:09:10 - Last modified time: 1244
05 Apr, 2025 05:10:12 - 'Google Main Right Side' scraper is not running. Checking if it is stuck...
05 Apr, 2025 05:10:12 - Process finished. Restarting the process...
05 Apr, 2025 05:10:12 - 'Google Main Right Side' scraper started.
05 Apr, 2025 05:11:13 - 'Google Main Right Side' scraper is still running.
05 Apr, 2025 05:11:13 - Last modified time: 1
05 Apr, 2025 05:12:15 - 'Google Main Right Side' scraper is still running.
05 Apr, 2025 05:12:15 - Last modified time: 1
05 Apr, 2025 05:13:15 - 'Google Main Right Side' scraper is still running.
05 Apr, 2025 05:13:15 - Last modified time: 5
05 Apr, 2025 05:14:17 - 'Google Main Right Side' scraper is still running.
05 Apr, 2025 05:14:17 - Last modified time: 0
05 Apr, 2025 05:15:18 - 'Google Main Right Side' scraper is still running.
05 Apr, 2025 05:15:18 - Last modified time: 0
05 Apr, 2025 05:16:19 - 'Google Main Right Side' scraper is still running.
05 Apr, 2025 05:16:19 - Last modified time: 1
05 Apr, 2025 05:17:21 - 'Google Main Right Side' scraper is still running.
05 Apr, 2025 05:17:21 - Last modified time: 1
05 Apr, 2025 05:18:22 - 'Google Main Right Side' scraper is still running.
05 Apr, 2025 05:18:22 - Last modified time: 1
05 Apr, 2025 05:19:23 - 'Google Main Right Side' scraper is still running.
05 Apr, 2025 05:19:23 - Last modified time: 1
05 Apr, 2025 05:20:24 - 'Google Main Right Side' scraper is still running.
05 Apr, 2025 05:20:24 - Last modified time: 1
05 Apr, 2025 05:21:25 - 'Google Main Right Side' scraper is still running.
05 Apr, 2025 05:21:25 - Last modified time: 0
05 Apr, 2025 05:22:27 - 'Google Main Right Side' scraper is still running.
05 Apr, 2025 05:22:27 - Last modified time: 1
05 Apr, 2025 05:23:28 - 'Google Main Right Side' scraper is still running.
05 Apr, 2025 05:23:28 - Last modified time: 1
05 Apr, 2025 05:24:29 - 'Google Main Right Side' scraper is still running.
05 Apr, 2025 05:24:29 - Last modified time: 0
05 Apr, 2025 05:25:31 - 'Google Main Right Side' scraper is still running.
05 Apr, 2025 05:25:31 - Last modified time: 5
05 Apr, 2025 05:26:32 - 'Google Main Right Side' scraper is still running.
05 Apr, 2025 05:26:32 - Last modified time: 1
05 Apr, 2025 05:27:33 - 'Google Main Right Side' scraper is still running.
05 Apr, 2025 05:27:33 - Last modified time: 6
05 Apr, 2025 05:28:34 - 'Google Main Right Side' scraper is still running.
05 Apr, 2025 05:28:34 - Last modified time: 3
05 Apr, 2025 05:29:36 - 'Google Main Right Side' scraper is still running.
05 Apr, 2025 05:29:36 - Last modified time: 0
05 Apr, 2025 05:30:37 - 'Google Main Right Side' scraper is still running.
05 Apr, 2025 05:30:37 - Last modified time: 7
05 Apr, 2025 05:31:39 - 'Google Main Right Side' scraper is still running.
05 Apr, 2025 05:31:39 - Last modified time: 6
05 Apr, 2025 05:32:41 - 'Google Main Right Side' scraper is still running.
05 Apr, 2025 05:32:41 - Last modified time: 51
05 Apr, 2025 05:33:42 - 'Google Main Right Side' scraper is still running.
05 Apr, 2025 05:33:42 - Last modified time: 2
05 Apr, 2025 05:34:44 - 'Google Main Right Side' scraper is still running.
05 Apr, 2025 05:34:44 - Last modified time: 27
05 Apr, 2025 05:35:45 - 'Google Main Right Side' scraper is still running.
05 Apr, 2025 05:35:45 - Last modified time: 88
05 Apr, 2025 05:36:46 - 'Google Main Right Side' scraper is still running.
05 Apr, 2025 05:36:46 - Last modified time: 149
05 Apr, 2025 05:37:48 - 'Google Main Right Side' scraper is still running.
05 Apr, 2025 05:37:48 - Last modified time: 211
05 Apr, 2025 05:38:49 - 'Google Main Right Side' scraper is still running.
05 Apr, 2025 05:38:49 - Last modified time: 272
05 Apr, 2025 05:39:51 - 'Google Main Right Side' scraper is still running.
05 Apr, 2025 05:39:51 - Last modified time: 56
05 Apr, 2025 05:40:53 - 'Google Main Right Side' scraper is still running.
05 Apr, 2025 05:40:53 - Last modified time: 118
05 Apr, 2025 05:41:54 - 'Google Main Right Side' scraper is still running.
05 Apr, 2025 05:41:54 - Last modified time: 179
05 Apr, 2025 05:42:55 - 'Google Main Right Side' scraper is still running.
05 Apr, 2025 05:42:55 - Last modified time: 240
05 Apr, 2025 05:43:57 - 'Google Main Right Side' scraper is still running.
05 Apr, 2025 05:43:57 - Last modified time: 302
05 Apr, 2025 05:44:58 - 'Google Main Right Side' scraper is still running.
05 Apr, 2025 05:44:58 - Last modified time: 363
05 Apr, 2025 05:46:00 - 'Google Main Right Side' scraper is still running.
05 Apr, 2025 05:46:00 - Last modified time: 425
05 Apr, 2025 05:47:02 - 'Google Main Right Side' scraper is still running.
05 Apr, 2025 05:47:02 - Last modified time: 487
05 Apr, 2025 05:48:03 - 'Google Main Right Side' scraper is still running.
05 Apr, 2025 05:48:03 - Last modified time: 548
05 Apr, 2025 05:49:05 - 'Google Main Right Side' scraper is still running.
05 Apr, 2025 05:49:05 - Last modified time: 610
05 Apr, 2025 05:50:06 - 'Google Main Right Side' scraper is still running.
05 Apr, 2025 05:50:06 - Last modified time: 671
05 Apr, 2025 05:51:07 - 'Google Main Right Side' scraper is still running.
05 Apr, 2025 05:51:07 - Last modified time: 732
05 Apr, 2025 05:52:09 - 'Google Main Right Side' scraper is still running.
05 Apr, 2025 05:52:09 - Last modified time: 794
05 Apr, 2025 05:53:10 - 'Google Main Right Side' scraper is still running.
05 Apr, 2025 05:53:10 - Last modified time: 855
05 Apr, 2025 05:54:12 - 'Google Main Right Side' scraper is still running.
05 Apr, 2025 05:54:12 - Last modified time: 917
05 Apr, 2025 05:55:14 - 'Google Main Right Side' scraper is still running.
05 Apr, 2025 05:55:14 - Last modified time: 979
05 Apr, 2025 05:56:16 - 'Google Main Right Side' scraper is still running.
05 Apr, 2025 05:56:16 - Last modified time: 1041
05 Apr, 2025 05:57:16 - 'Google Main Right Side' scraper is still running.
05 Apr, 2025 05:57:16 - Last modified time: 1101
05 Apr, 2025 05:58:18 - 'Google Main Right Side' scraper is still running.
05 Apr, 2025 05:58:18 - Last modified time: 1163
05 Apr, 2025 05:59:20 - 'Google Main Right Side' scraper is still running.
05 Apr, 2025 05:59:20 - Last modified time: 1225
05 Apr, 2025 06:00:22 - 'Google Main Right Side' scraper is still running.
05 Apr, 2025 06:00:22 - Last modified time: 1287
05 Apr, 2025 06:01:23 - 'Google Main Right Side' scraper is still running.
05 Apr, 2025 06:01:23 - Last modified time: 1348
05 Apr, 2025 06:02:24 - 'Google Main Right Side' scraper is still running.
05 Apr, 2025 06:02:24 - Last modified time: 1409
05 Apr, 2025 06:03:26 - 'Google Main Right Side' scraper is still running.
05 Apr, 2025 06:03:26 - Last modified time: 1471
05 Apr, 2025 06:04:28 - 'Google Main Right Side' scraper is still running.
05 Apr, 2025 06:04:28 - Last modified time: 1533
05 Apr, 2025 06:05:29 - 'Google Main Right Side' scraper is still running.
05 Apr, 2025 06:05:29 - Last modified time: 1594
05 Apr, 2025 06:06:31 - 'Google Main Right Side' scraper is still running.
05 Apr, 2025 06:06:31 - Last modified time: 1656
05 Apr, 2025 06:07:32 - 'Google Main Right Side' scraper is still running.
05 Apr, 2025 06:07:32 - Last modified time: 1717
05 Apr, 2025 06:08:33 - 'Google Main Right Side' scraper is still running.
05 Apr, 2025 06:08:33 - Last modified time: 1778
05 Apr, 2025 06:09:35 - 'Google Main Right Side' scraper is still running.
05 Apr, 2025 06:09:35 - Last modified time: 1840
05 Apr, 2025 06:09:35 - Log files hasn't been updated in the last 30 minutes. Deleting log directory and rebooting the server...
05 Apr, 2025 06:09:35 - Deleting log directory...
05 Apr, 2025 06:09:35 - Restarting the script: Killing all running processes and relaunching...
05 Apr, 2025 06:09:41 - 'Google Main Right Side' scraper is not running. Starting...
05 Apr, 2025 06:09:41 - 'Google Main Right Side' scraper started.
05 Apr, 2025 06:12:45 - 'Google Main Right Side' scraper is still running.
05 Apr, 2025 06:12:45 - Last modified time: 33
05 Apr, 2025 06:13:46 - 'Google Main Right Side' scraper is still running.
05 Apr, 2025 06:13:46 - Last modified time: 6
05 Apr, 2025 06:14:48 - 'Google Main Right Side' scraper is still running.
05 Apr, 2025 06:14:48 - Last modified time: 1
05 Apr, 2025 06:15:49 - 'Google Main Right Side' scraper is still running.
05 Apr, 2025 06:15:49 - Last modified time: 0
05 Apr, 2025 06:16:51 - 'Google Main Right Side' scraper is still running.
05 Apr, 2025 06:16:51 - Last modified time: 1
05 Apr, 2025 06:17:53 - 'Google Main Right Side' scraper is still running.
05 Apr, 2025 06:17:53 - Last modified time: 1
05 Apr, 2025 06:18:54 - 'Google Main Right Side' scraper is still running.
05 Apr, 2025 06:18:54 - Last modified time: 0
05 Apr, 2025 06:19:56 - 'Google Main Right Side' scraper is still running.
05 Apr, 2025 06:19:56 - Last modified time: 2
05 Apr, 2025 06:20:57 - 'Google Main Right Side' scraper is still running.
05 Apr, 2025 06:20:57 - Last modified time: 0
05 Apr, 2025 06:21:58 - 'Google Main Right Side' scraper is still running.
05 Apr, 2025 06:21:58 - Last modified time: 1
05 Apr, 2025 06:23:00 - 'Google Main Right Side' scraper is still running.
05 Apr, 2025 06:23:00 - Last modified time: 0
05 Apr, 2025 06:24:02 - 'Google Main Right Side' scraper is still running.
05 Apr, 2025 06:24:02 - Last modified time: 4
05 Apr, 2025 06:25:04 - 'Google Main Right Side' scraper is still running.
05 Apr, 2025 06:25:04 - Last modified time: 3
05 Apr, 2025 06:26:05 - 'Google Main Right Side' scraper is still running.
05 Apr, 2025 06:26:05 - Last modified time: 2
05 Apr, 2025 06:27:07 - 'Google Main Right Side' scraper is still running.
05 Apr, 2025 06:27:07 - Last modified time: 1
05 Apr, 2025 06:28:09 - 'Google Main Right Side' scraper is still running.
05 Apr, 2025 06:28:09 - Last modified time: 2
05 Apr, 2025 06:29:09 - 'Google Main Right Side' scraper is still running.
05 Apr, 2025 06:29:09 - Last modified time: 1
05 Apr, 2025 06:30:11 - 'Google Main Right Side' scraper is still running.
05 Apr, 2025 06:30:11 - Last modified time: 4
05 Apr, 2025 06:31:13 - 'Google Main Right Side' scraper is still running.
05 Apr, 2025 06:31:13 - Last modified time: 5
05 Apr, 2025 06:32:14 - 'Google Main Right Side' scraper is still running.
05 Apr, 2025 06:32:14 - Last modified time: 39
05 Apr, 2025 06:33:16 - 'Google Main Right Side' scraper is still running.
05 Apr, 2025 06:33:16 - Last modified time: 101
05 Apr, 2025 06:34:18 - 'Google Main Right Side' scraper is still running.
05 Apr, 2025 06:34:18 - Last modified time: 163
05 Apr, 2025 06:35:19 - 'Google Main Right Side' scraper is still running.
05 Apr, 2025 06:35:19 - Last modified time: 224
05 Apr, 2025 06:36:20 - 'Google Main Right Side' scraper is still running.
05 Apr, 2025 06:36:20 - Last modified time: 285
05 Apr, 2025 06:37:22 - 'Google Main Right Side' scraper is still running.
05 Apr, 2025 06:37:22 - Last modified time: 347
05 Apr, 2025 06:38:24 - 'Google Main Right Side' scraper is still running.
05 Apr, 2025 06:38:24 - Last modified time: 409
05 Apr, 2025 06:39:25 - 'Google Main Right Side' scraper is still running.
05 Apr, 2025 06:39:25 - Last modified time: 470
05 Apr, 2025 06:40:27 - 'Google Main Right Side' scraper is still running.
05 Apr, 2025 06:40:27 - Last modified time: 532
05 Apr, 2025 06:41:29 - 'Google Main Right Side' scraper is still running.
05 Apr, 2025 06:41:29 - Last modified time: 594
05 Apr, 2025 06:42:30 - 'Google Main Right Side' scraper is still running.
05 Apr, 2025 06:42:30 - Last modified time: 655
05 Apr, 2025 06:43:31 - 'Google Main Right Side' scraper is still running.
05 Apr, 2025 06:43:31 - Last modified time: 19
05 Apr, 2025 06:44:33 - 'Google Main Right Side' scraper is still running.
05 Apr, 2025 06:44:33 - Last modified time: 81
05 Apr, 2025 06:45:35 - 'Google Main Right Side' scraper is still running.
05 Apr, 2025 06:45:35 - Last modified time: 143
05 Apr, 2025 06:46:37 - 'Google Main Right Side' scraper is still running.
05 Apr, 2025 06:46:37 - Last modified time: 205
05 Apr, 2025 06:47:39 - 'Google Main Right Side' scraper is still running.
05 Apr, 2025 06:47:39 - Last modified time: 267
05 Apr, 2025 06:48:40 - 'Google Main Right Side' scraper is still running.
05 Apr, 2025 06:48:40 - Last modified time: 49
05 Apr, 2025 06:49:42 - 'Google Main Right Side' scraper is still running.
05 Apr, 2025 06:49:42 - Last modified time: 111
05 Apr, 2025 06:50:44 - 'Google Main Right Side' scraper is still running.
05 Apr, 2025 06:50:44 - Last modified time: 173
05 Apr, 2025 06:51:45 - 'Google Main Right Side' scraper is still running.
05 Apr, 2025 06:51:45 - Last modified time: 234
05 Apr, 2025 06:52:47 - 'Google Main Right Side' scraper is still running.
05 Apr, 2025 06:52:47 - Last modified time: 52
05 Apr, 2025 06:53:48 - 'Google Main Right Side' scraper is still running.
05 Apr, 2025 06:53:48 - Last modified time: 113
05 Apr, 2025 06:54:50 - 'Google Main Right Side' scraper is still running.
05 Apr, 2025 06:54:50 - Last modified time: 175
05 Apr, 2025 06:55:51 - 'Google Main Right Side' scraper is still running.
05 Apr, 2025 06:55:52 - Last modified time: 236
05 Apr, 2025 06:56:53 - 'Google Main Right Side' scraper is still running.
05 Apr, 2025 06:56:53 - Last modified time: 298
05 Apr, 2025 06:57:55 - 'Google Main Right Side' scraper is still running.
05 Apr, 2025 06:57:55 - Last modified time: 360
05 Apr, 2025 06:58:56 - 'Google Main Right Side' scraper is still running.
05 Apr, 2025 06:58:56 - Last modified time: 421
05 Apr, 2025 06:59:57 - 'Google Main Right Side' scraper is still running.
05 Apr, 2025 06:59:57 - Last modified time: 482
05 Apr, 2025 07:00:59 - 'Google Main Right Side' scraper is still running.
05 Apr, 2025 07:00:59 - Last modified time: 544
05 Apr, 2025 07:02:01 - 'Google Main Right Side' scraper is still running.
05 Apr, 2025 07:02:01 - Last modified time: 606
05 Apr, 2025 07:03:03 - 'Google Main Right Side' scraper is still running.
05 Apr, 2025 07:03:03 - Last modified time: 668
05 Apr, 2025 07:04:04 - 'Google Main Right Side' scraper is still running.
05 Apr, 2025 07:04:04 - Last modified time: 729
05 Apr, 2025 07:05:06 - 'Google Main Right Side' scraper is still running.
05 Apr, 2025 07:05:06 - Last modified time: 23
05 Apr, 2025 07:06:07 - 'Google Main Right Side' scraper is still running.
05 Apr, 2025 07:06:07 - Last modified time: 84
05 Apr, 2025 07:07:08 - 'Google Main Right Side' scraper is still running.
05 Apr, 2025 07:07:08 - Last modified time: 145
05 Apr, 2025 07:08:10 - 'Google Main Right Side' scraper is still running.
05 Apr, 2025 07:08:10 - Last modified time: 207
05 Apr, 2025 07:09:12 - 'Google Main Right Side' scraper is still running.
05 Apr, 2025 07:09:12 - Last modified time: 269
05 Apr, 2025 07:10:14 - 'Google Main Right Side' scraper is still running.
05 Apr, 2025 07:10:14 - Last modified time: 331
05 Apr, 2025 07:11:16 - 'Google Main Right Side' scraper is still running.
05 Apr, 2025 07:11:16 - Last modified time: 393
05 Apr, 2025 07:12:17 - 'Google Main Right Side' scraper is still running.
05 Apr, 2025 07:12:17 - Last modified time: 454
05 Apr, 2025 07:13:18 - 'Google Main Right Side' scraper is still running.
05 Apr, 2025 07:13:18 - Last modified time: 19
05 Apr, 2025 07:14:20 - 'Google Main Right Side' scraper is still running.
05 Apr, 2025 07:14:20 - Last modified time: 81
05 Apr, 2025 07:15:22 - 'Google Main Right Side' scraper is still running.
05 Apr, 2025 07:15:22 - Last modified time: 143
05 Apr, 2025 07:16:23 - 'Google Main Right Side' scraper is still running.
05 Apr, 2025 07:16:23 - Last modified time: 204
05 Apr, 2025 07:17:25 - 'Google Main Right Side' scraper is still running.
05 Apr, 2025 07:17:25 - Last modified time: 266
05 Apr, 2025 07:18:27 - 'Google Main Right Side' scraper is still running.
05 Apr, 2025 07:18:27 - Last modified time: 328
05 Apr, 2025 07:19:29 - 'Google Main Right Side' scraper is still running.
05 Apr, 2025 07:19:29 - Last modified time: 390
05 Apr, 2025 07:20:31 - 'Google Main Right Side' scraper is still running.
05 Apr, 2025 07:20:31 - Last modified time: 452
05 Apr, 2025 07:21:32 - 'Google Main Right Side' scraper is still running.
05 Apr, 2025 07:21:32 - Last modified time: 513
05 Apr, 2025 07:22:33 - 'Google Main Right Side' scraper is still running.
05 Apr, 2025 07:22:33 - Last modified time: 574
05 Apr, 2025 07:23:35 - 'Google Main Right Side' scraper is still running.
05 Apr, 2025 07:23:35 - Last modified time: 636
05 Apr, 2025 07:24:37 - 'Google Main Right Side' scraper is still running.
05 Apr, 2025 07:24:37 - Last modified time: 698
05 Apr, 2025 07:25:39 - 'Google Main Right Side' scraper is still running.
05 Apr, 2025 07:25:39 - Last modified time: 760
05 Apr, 2025 07:26:40 - 'Google Main Right Side' scraper is still running.
05 Apr, 2025 07:26:40 - Last modified time: 821
05 Apr, 2025 07:27:42 - 'Google Main Right Side' scraper is still running.
05 Apr, 2025 07:27:42 - Last modified time: 883
05 Apr, 2025 07:28:43 - 'Google Main Right Side' scraper is still running.
05 Apr, 2025 07:28:43 - Last modified time: 944
05 Apr, 2025 07:29:45 - 'Google Main Right Side' scraper is still running.
05 Apr, 2025 07:29:45 - Last modified time: 1006
05 Apr, 2025 07:30:47 - 'Google Main Right Side' scraper is still running.
05 Apr, 2025 07:30:47 - Last modified time: 1068
05 Apr, 2025 07:31:49 - 'Google Main Right Side' scraper is still running.
05 Apr, 2025 07:31:49 - Last modified time: 1130
05 Apr, 2025 07:32:50 - 'Google Main Right Side' scraper is still running.
05 Apr, 2025 07:32:50 - Last modified time: 1191
05 Apr, 2025 07:33:52 - 'Google Main Right Side' scraper is still running.
05 Apr, 2025 07:33:52 - Last modified time: 45
05 Apr, 2025 07:34:54 - 'Google Main Right Side' scraper is still running.
05 Apr, 2025 07:34:54 - Last modified time: 107
05 Apr, 2025 07:35:55 - 'Google Main Right Side' scraper is still running.
05 Apr, 2025 07:35:55 - Last modified time: 168
05 Apr, 2025 07:36:57 - 'Google Main Right Side' scraper is still running.
05 Apr, 2025 07:36:57 - Last modified time: 230
05 Apr, 2025 07:37:59 - 'Google Main Right Side' scraper is still running.
05 Apr, 2025 07:37:59 - Last modified time: 292
05 Apr, 2025 07:39:00 - 'Google Main Right Side' scraper is still running.
05 Apr, 2025 07:39:00 - Last modified time: 353
05 Apr, 2025 07:40:02 - 'Google Main Right Side' scraper is still running.
05 Apr, 2025 07:40:02 - Last modified time: 47
05 Apr, 2025 07:41:04 - 'Google Main Right Side' scraper is still running.
05 Apr, 2025 07:41:04 - Last modified time: 109
05 Apr, 2025 07:42:06 - 'Google Main Right Side' scraper is still running.
05 Apr, 2025 07:42:06 - Last modified time: 171
05 Apr, 2025 07:43:06 - 'Google Main Right Side' scraper is still running.
05 Apr, 2025 07:43:06 - Last modified time: 231
05 Apr, 2025 07:44:08 - 'Google Main Right Side' scraper is still running.
05 Apr, 2025 07:44:08 - Last modified time: 293
05 Apr, 2025 07:45:10 - 'Google Main Right Side' scraper is still running.
05 Apr, 2025 07:45:10 - Last modified time: 355
05 Apr, 2025 07:46:12 - 'Google Main Right Side' scraper is still running.
05 Apr, 2025 07:46:12 - Last modified time: 417
05 Apr, 2025 07:47:14 - 'Google Main Right Side' scraper is not running. Checking if it is stuck...
05 Apr, 2025 07:47:14 - Process finished. Restarting the process...
05 Apr, 2025 07:47:14 - 'Google Main Right Side' scraper started.
05 Apr, 2025 07:48:15 - 'Google Main Right Side' scraper is still running.
05 Apr, 2025 07:48:15 - Last modified time: 1
05 Apr, 2025 07:49:17 - 'Google Main Right Side' scraper is still running.
05 Apr, 2025 07:49:18 - Last modified time: 3
05 Apr, 2025 07:50:20 - 'Google Main Right Side' scraper is still running.
05 Apr, 2025 07:50:20 - Last modified time: 2
05 Apr, 2025 07:51:20 - 'Google Main Right Side' scraper is still running.
05 Apr, 2025 07:51:20 - Last modified time: 3
05 Apr, 2025 07:52:22 - 'Google Main Right Side' scraper is still running.
05 Apr, 2025 07:52:22 - Last modified time: -1
05 Apr, 2025 07:53:24 - 'Google Main Right Side' scraper is still running.
05 Apr, 2025 07:53:24 - Last modified time: 0
05 Apr, 2025 07:54:26 - 'Google Main Right Side' scraper is still running.
05 Apr, 2025 07:54:26 - Last modified time: 0
05 Apr, 2025 07:55:28 - 'Google Main Right Side' scraper is still running.
05 Apr, 2025 07:55:28 - Last modified time: 2
05 Apr, 2025 07:56:30 - 'Google Main Right Side' scraper is still running.
05 Apr, 2025 07:56:30 - Last modified time: 1
05 Apr, 2025 07:57:32 - 'Google Main Right Side' scraper is still running.
05 Apr, 2025 07:57:32 - Last modified time: 3
05 Apr, 2025 07:58:33 - 'Google Main Right Side' scraper is still running.
05 Apr, 2025 07:58:33 - Last modified time: 30
05 Apr, 2025 07:59:35 - 'Google Main Right Side' scraper is still running.
05 Apr, 2025 07:59:35 - Last modified time: 92
05 Apr, 2025 08:00:36 - 'Google Main Right Side' scraper is still running.
05 Apr, 2025 08:00:36 - Last modified time: 153
05 Apr, 2025 08:01:38 - 'Google Main Right Side' scraper is still running.
05 Apr, 2025 08:01:38 - Last modified time: 215
05 Apr, 2025 08:02:40 - 'Google Main Right Side' scraper is still running.
05 Apr, 2025 08:02:40 - Last modified time: 277
05 Apr, 2025 08:03:42 - 'Google Main Right Side' scraper is still running.
05 Apr, 2025 08:03:42 - Last modified time: 339
05 Apr, 2025 08:04:43 - 'Google Main Right Side' scraper is still running.
05 Apr, 2025 08:04:43 - Last modified time: 400
05 Apr, 2025 08:05:44 - 'Google Main Right Side' scraper is still running.
05 Apr, 2025 08:05:44 - Last modified time: 20
05 Apr, 2025 08:06:46 - 'Google Main Right Side' scraper is still running.
05 Apr, 2025 08:06:46 - Last modified time: 82
05 Apr, 2025 08:07:48 - 'Google Main Right Side' scraper is still running.
05 Apr, 2025 08:07:48 - Last modified time: 144
05 Apr, 2025 08:08:50 - 'Google Main Right Side' scraper is still running.
05 Apr, 2025 08:08:50 - Last modified time: 22
05 Apr, 2025 08:09:51 - 'Google Main Right Side' scraper is still running.
05 Apr, 2025 08:09:51 - Last modified time: 83
05 Apr, 2025 08:10:53 - 'Google Main Right Side' scraper is still running.
05 Apr, 2025 08:10:53 - Last modified time: 145
05 Apr, 2025 08:11:55 - 'Google Main Right Side' scraper is still running.
05 Apr, 2025 08:11:55 - Last modified time: 207
05 Apr, 2025 08:12:56 - 'Google Main Right Side' scraper is still running.
05 Apr, 2025 08:12:56 - Last modified time: 268
05 Apr, 2025 08:13:57 - 'Google Main Right Side' scraper is still running.
05 Apr, 2025 08:13:58 - Last modified time: 330
05 Apr, 2025 08:14:59 - 'Google Main Right Side' scraper is still running.
05 Apr, 2025 08:14:59 - Last modified time: 391
05 Apr, 2025 08:16:01 - 'Google Main Right Side' scraper is still running.
05 Apr, 2025 08:16:01 - Last modified time: 453
05 Apr, 2025 08:17:03 - 'Google Main Right Side' scraper is still running.
05 Apr, 2025 08:17:03 - Last modified time: 515
05 Apr, 2025 08:18:05 - 'Google Main Right Side' scraper is still running.
05 Apr, 2025 08:18:05 - Last modified time: 50
05 Apr, 2025 08:19:07 - 'Google Main Right Side' scraper is still running.
05 Apr, 2025 08:19:07 - Last modified time: 112
05 Apr, 2025 08:20:09 - 'Google Main Right Side' scraper is still running.
05 Apr, 2025 08:20:09 - Last modified time: 174
05 Apr, 2025 08:21:10 - 'Google Main Right Side' scraper is still running.
05 Apr, 2025 08:21:10 - Last modified time: 235
05 Apr, 2025 08:22:11 - 'Google Main Right Side' scraper is still running.
05 Apr, 2025 08:22:11 - Last modified time: 296
05 Apr, 2025 08:23:13 - 'Google Main Right Side' scraper is still running.
05 Apr, 2025 08:23:13 - Last modified time: 358
05 Apr, 2025 08:24:15 - 'Google Main Right Side' scraper is still running.
05 Apr, 2025 08:24:15 - Last modified time: 420
05 Apr, 2025 08:25:17 - 'Google Main Right Side' scraper is still running.
05 Apr, 2025 08:25:17 - Last modified time: 482
05 Apr, 2025 08:26:19 - 'Google Main Right Side' scraper is still running.
05 Apr, 2025 08:26:19 - Last modified time: 544
05 Apr, 2025 08:27:20 - 'Google Main Right Side' scraper is still running.
05 Apr, 2025 08:27:20 - Last modified time: 605
05 Apr, 2025 08:28:21 - 'Google Main Right Side' scraper is still running.
05 Apr, 2025 08:28:21 - Last modified time: 666
05 Apr, 2025 08:29:23 - 'Google Main Right Side' scraper is still running.
05 Apr, 2025 08:29:23 - Last modified time: 728
05 Apr, 2025 08:30:25 - 'Google Main Right Side' scraper is still running.
05 Apr, 2025 08:30:25 - Last modified time: 790
05 Apr, 2025 08:31:27 - 'Google Main Right Side' scraper is still running.
05 Apr, 2025 08:31:27 - Last modified time: 852
05 Apr, 2025 08:32:29 - 'Google Main Right Side' scraper is not running. Checking if it is stuck...
05 Apr, 2025 08:32:29 - Process finished. Restarting the process...
05 Apr, 2025 08:32:29 - 'Google Main Right Side' scraper started.
05 Apr, 2025 08:33:31 - 'Google Main Right Side' scraper is still running.
05 Apr, 2025 08:33:31 - Last modified time: 82
05 Apr, 2025 08:34:33 - 'Google Main Right Side' scraper is still running.
05 Apr, 2025 08:34:33 - Last modified time: 3
05 Apr, 2025 08:35:33 - 'Google Main Right Side' scraper is still running.
05 Apr, 2025 08:35:33 - Last modified time: -1
05 Apr, 2025 08:36:35 - 'Google Main Right Side' scraper is still running.
05 Apr, 2025 08:36:35 - Last modified time: 59
05 Apr, 2025 08:37:37 - 'Google Main Right Side' scraper is still running.
05 Apr, 2025 08:37:37 - Last modified time: 51
05 Apr, 2025 08:38:39 - 'Google Main Right Side' scraper is still running.
05 Apr, 2025 08:38:39 - Last modified time: 0
05 Apr, 2025 08:39:41 - 'Google Main Right Side' scraper is still running.
05 Apr, 2025 08:39:41 - Last modified time: 14
05 Apr, 2025 08:40:43 - 'Google Main Right Side' scraper is still running.
05 Apr, 2025 08:40:43 - Last modified time: 76
05 Apr, 2025 08:41:45 - 'Google Main Right Side' scraper is still running.
05 Apr, 2025 08:41:45 - Last modified time: 138
05 Apr, 2025 08:42:46 - 'Google Main Right Side' scraper is still running.
05 Apr, 2025 08:42:46 - Last modified time: 199
05 Apr, 2025 08:43:47 - 'Google Main Right Side' scraper is still running.
05 Apr, 2025 08:43:47 - Last modified time: 260
05 Apr, 2025 08:44:49 - 'Google Main Right Side' scraper is still running.
05 Apr, 2025 08:44:49 - Last modified time: 322
05 Apr, 2025 08:45:50 - 'Google Main Right Side' scraper is still running.
05 Apr, 2025 08:45:50 - Last modified time: 383
05 Apr, 2025 08:46:52 - 'Google Main Right Side' scraper is still running.
05 Apr, 2025 08:46:52 - Last modified time: 445
05 Apr, 2025 08:47:53 - 'Google Main Right Side' scraper is still running.
05 Apr, 2025 08:47:53 - Last modified time: 506
05 Apr, 2025 08:48:54 - 'Google Main Right Side' scraper is still running.
05 Apr, 2025 08:48:54 - Last modified time: 567
05 Apr, 2025 08:49:56 - 'Google Main Right Side' scraper is still running.
05 Apr, 2025 08:49:56 - Last modified time: 629
05 Apr, 2025 08:50:56 - 'Google Main Right Side' scraper is still running.
05 Apr, 2025 08:50:56 - Last modified time: 689
05 Apr, 2025 08:51:58 - 'Google Main Right Side' scraper is still running.
05 Apr, 2025 08:51:58 - Last modified time: 751
05 Apr, 2025 08:52:59 - 'Google Main Right Side' scraper is still running.
05 Apr, 2025 08:52:59 - Last modified time: 10
05 Apr, 2025 08:54:00 - 'Google Main Right Side' scraper is still running.
05 Apr, 2025 08:54:00 - Last modified time: 71
05 Apr, 2025 08:55:01 - 'Google Main Right Side' scraper is still running.
05 Apr, 2025 08:55:01 - Last modified time: 132
05 Apr, 2025 08:56:02 - 'Google Main Right Side' scraper is still running.
05 Apr, 2025 08:56:02 - Last modified time: 193
05 Apr, 2025 08:57:03 - 'Google Main Right Side' scraper is still running.
05 Apr, 2025 08:57:03 - Last modified time: 254
05 Apr, 2025 08:58:04 - 'Google Main Right Side' scraper is still running.
05 Apr, 2025 08:58:04 - Last modified time: 315
05 Apr, 2025 08:59:05 - 'Google Main Right Side' scraper is still running.
05 Apr, 2025 08:59:05 - Last modified time: 376
05 Apr, 2025 09:00:07 - 'Google Main Right Side' scraper is still running.
05 Apr, 2025 09:00:07 - Last modified time: 438
05 Apr, 2025 09:01:09 - 'Google Main Right Side' scraper is still running.
05 Apr, 2025 09:01:09 - Last modified time: 500
05 Apr, 2025 09:02:10 - 'Google Main Right Side' scraper is still running.
05 Apr, 2025 09:02:10 - Last modified time: 561
05 Apr, 2025 09:03:12 - 'Google Main Right Side' scraper is still running.
05 Apr, 2025 09:03:12 - Last modified time: 623
05 Apr, 2025 09:04:14 - 'Google Main Right Side' scraper is still running.
05 Apr, 2025 09:04:14 - Last modified time: 685
05 Apr, 2025 09:05:15 - 'Google Main Right Side' scraper is still running.
05 Apr, 2025 09:05:15 - Last modified time: 746
05 Apr, 2025 09:06:17 - 'Google Main Right Side' scraper is still running.
05 Apr, 2025 09:06:17 - Last modified time: 808
05 Apr, 2025 09:07:18 - 'Google Main Right Side' scraper is still running.
05 Apr, 2025 09:07:18 - Last modified time: 869
05 Apr, 2025 09:08:20 - 'Google Main Right Side' scraper is still running.
05 Apr, 2025 09:08:20 - Last modified time: 931
05 Apr, 2025 09:09:21 - 'Google Main Right Side' scraper is still running.
05 Apr, 2025 09:09:21 - Last modified time: 992
05 Apr, 2025 09:10:23 - 'Google Main Right Side' scraper is still running.
05 Apr, 2025 09:10:23 - Last modified time: 1054
05 Apr, 2025 09:11:24 - 'Google Main Right Side' scraper is still running.
05 Apr, 2025 09:11:24 - Last modified time: 1115
05 Apr, 2025 09:12:25 - 'Google Main Right Side' scraper is still running.
05 Apr, 2025 09:12:25 - Last modified time: 1176
05 Apr, 2025 09:13:27 - 'Google Main Right Side' scraper is still running.
05 Apr, 2025 09:13:27 - Last modified time: 1238
05 Apr, 2025 09:14:29 - 'Google Main Right Side' scraper is still running.
05 Apr, 2025 09:14:29 - Last modified time: 1300
05 Apr, 2025 09:15:30 - 'Google Main Right Side' scraper is still running.
05 Apr, 2025 09:15:30 - Last modified time: 1361
05 Apr, 2025 09:16:32 - 'Google Main Right Side' scraper is still running.
05 Apr, 2025 09:16:32 - Last modified time: 1423
05 Apr, 2025 09:17:34 - 'Google Main Right Side' scraper is still running.
05 Apr, 2025 09:17:34 - Last modified time: 1485
05 Apr, 2025 09:18:35 - 'Google Main Right Side' scraper is still running.
05 Apr, 2025 09:18:35 - Last modified time: 1546
05 Apr, 2025 09:19:36 - 'Google Main Right Side' scraper is still running.
05 Apr, 2025 09:19:36 - Last modified time: 1607
05 Apr, 2025 09:20:38 - 'Google Main Right Side' scraper is still running.
05 Apr, 2025 09:20:38 - Last modified time: 1669
05 Apr, 2025 09:21:40 - 'Google Main Right Side' scraper is still running.
05 Apr, 2025 09:21:40 - Last modified time: 1731
05 Apr, 2025 09:22:42 - 'Google Main Right Side' scraper is still running.
05 Apr, 2025 09:22:42 - Last modified time: 1793
05 Apr, 2025 09:23:43 - 'Google Main Right Side' scraper is still running.
05 Apr, 2025 09:23:43 - Last modified time: 1854
05 Apr, 2025 09:23:43 - Log files hasn't been updated in the last 30 minutes. Deleting log directory and rebooting the server...
05 Apr, 2025 09:23:43 - Deleting log directory...
05 Apr, 2025 09:23:43 - Restarting the script: Killing all running processes and relaunching...
05 Apr, 2025 09:23:49 - 'Google Main Right Side' scraper is not running. Starting...
05 Apr, 2025 09:23:49 - 'Google Main Right Side' scraper started.
05 Apr, 2025 09:26:54 - 'Google Main Right Side' scraper is still running.
05 Apr, 2025 09:26:54 - Last modified time: 4
05 Apr, 2025 09:27:56 - 'Google Main Right Side' scraper is still running.
05 Apr, 2025 09:27:56 - Last modified time: 1
05 Apr, 2025 09:28:57 - 'Google Main Right Side' scraper is still running.
05 Apr, 2025 09:28:57 - Last modified time: 1
05 Apr, 2025 09:29:59 - 'Google Main Right Side' scraper is still running.
05 Apr, 2025 09:29:59 - Last modified time: 0
05 Apr, 2025 09:31:01 - 'Google Main Right Side' scraper is still running.
05 Apr, 2025 09:31:01 - Last modified time: 2
05 Apr, 2025 09:32:03 - 'Google Main Right Side' scraper is still running.
05 Apr, 2025 09:32:03 - Last modified time: 0
05 Apr, 2025 09:33:05 - 'Google Main Right Side' scraper is still running.
05 Apr, 2025 09:33:05 - Last modified time: 0
05 Apr, 2025 09:34:07 - 'Google Main Right Side' scraper is still running.
05 Apr, 2025 09:34:07 - Last modified time: 1
05 Apr, 2025 09:35:09 - 'Google Main Right Side' scraper is still running.
05 Apr, 2025 09:35:09 - Last modified time: 0
05 Apr, 2025 09:36:10 - 'Google Main Right Side' scraper is still running.
05 Apr, 2025 09:36:10 - Last modified time: 0
05 Apr, 2025 09:37:12 - 'Google Main Right Side' scraper is still running.
05 Apr, 2025 09:37:12 - Last modified time: 0
05 Apr, 2025 09:38:14 - 'Google Main Right Side' scraper is still running.
05 Apr, 2025 09:38:14 - Last modified time: 0
05 Apr, 2025 09:39:16 - 'Google Main Right Side' scraper is still running.
05 Apr, 2025 09:39:16 - Last modified time: 5
05 Apr, 2025 09:40:18 - 'Google Main Right Side' scraper is still running.
05 Apr, 2025 09:40:18 - Last modified time: 0
05 Apr, 2025 09:41:20 - 'Google Main Right Side' scraper is still running.
05 Apr, 2025 09:41:20 - Last modified time: 1
05 Apr, 2025 09:42:22 - 'Google Main Right Side' scraper is still running.
05 Apr, 2025 09:42:22 - Last modified time: 5
05 Apr, 2025 09:43:23 - 'Google Main Right Side' scraper is still running.
05 Apr, 2025 09:43:23 - Last modified time: 0
05 Apr, 2025 09:44:25 - 'Google Main Right Side' scraper is still running.
05 Apr, 2025 09:44:25 - Last modified time: 32
05 Apr, 2025 09:45:27 - 'Google Main Right Side' scraper is still running.
05 Apr, 2025 09:45:27 - Last modified time: 94
05 Apr, 2025 09:46:29 - 'Google Main Right Side' scraper is still running.
05 Apr, 2025 09:46:29 - Last modified time: 156
05 Apr, 2025 09:47:31 - 'Google Main Right Side' scraper is still running.
05 Apr, 2025 09:47:31 - Last modified time: 218
05 Apr, 2025 09:48:33 - 'Google Main Right Side' scraper is still running.
05 Apr, 2025 09:48:33 - Last modified time: 280
05 Apr, 2025 09:49:35 - 'Google Main Right Side' scraper is still running.
05 Apr, 2025 09:49:36 - Last modified time: 342
05 Apr, 2025 09:50:38 - 'Google Main Right Side' scraper is still running.
05 Apr, 2025 09:50:38 - Last modified time: 405
05 Apr, 2025 09:51:39 - 'Google Main Right Side' scraper is still running.
05 Apr, 2025 09:51:39 - Last modified time: 466
05 Apr, 2025 09:52:41 - 'Google Main Right Side' scraper is still running.
05 Apr, 2025 09:52:41 - Last modified time: 528
05 Apr, 2025 09:53:43 - 'Google Main Right Side' scraper is still running.
05 Apr, 2025 09:53:43 - Last modified time: 590
05 Apr, 2025 09:54:45 - 'Google Main Right Side' scraper is still running.
05 Apr, 2025 09:54:45 - Last modified time: 31
05 Apr, 2025 09:55:47 - 'Google Main Right Side' scraper is still running.
05 Apr, 2025 09:55:47 - Last modified time: 93
05 Apr, 2025 09:56:49 - 'Google Main Right Side' scraper is still running.
05 Apr, 2025 09:56:49 - Last modified time: 155
05 Apr, 2025 09:57:51 - 'Google Main Right Side' scraper is still running.
05 Apr, 2025 09:57:51 - Last modified time: 217
05 Apr, 2025 09:58:52 - 'Google Main Right Side' scraper is still running.
05 Apr, 2025 09:58:52 - Last modified time: 278
05 Apr, 2025 09:59:54 - 'Google Main Right Side' scraper is still running.
05 Apr, 2025 09:59:54 - Last modified time: 340
05 Apr, 2025 10:00:56 - 'Google Main Right Side' scraper is still running.
05 Apr, 2025 10:00:56 - Last modified time: 402
05 Apr, 2025 10:01:58 - 'Google Main Right Side' scraper is still running.
05 Apr, 2025 10:01:58 - Last modified time: 464
05 Apr, 2025 10:03:00 - 'Google Main Right Side' scraper is still running.
05 Apr, 2025 10:03:00 - Last modified time: 526
05 Apr, 2025 10:04:03 - 'Google Main Right Side' scraper is still running.
05 Apr, 2025 10:04:03 - Last modified time: 589
05 Apr, 2025 10:05:05 - 'Google Main Right Side' scraper is still running.
05 Apr, 2025 10:05:05 - Last modified time: 651
05 Apr, 2025 10:06:06 - 'Google Main Right Side' scraper is still running.
05 Apr, 2025 10:06:06 - Last modified time: 712
05 Apr, 2025 10:07:08 - 'Google Main Right Side' scraper is still running.
05 Apr, 2025 10:07:08 - Last modified time: 774
05 Apr, 2025 10:08:10 - 'Google Main Right Side' scraper is still running.
05 Apr, 2025 10:08:10 - Last modified time: 836
05 Apr, 2025 10:09:12 - 'Google Main Right Side' scraper is still running.
05 Apr, 2025 10:09:12 - Last modified time: 898
05 Apr, 2025 10:10:14 - 'Google Main Right Side' scraper is still running.
05 Apr, 2025 10:10:14 - Last modified time: 960
05 Apr, 2025 10:11:16 - 'Google Main Right Side' scraper is still running.
05 Apr, 2025 10:11:16 - Last modified time: 1022
05 Apr, 2025 10:12:18 - 'Google Main Right Side' scraper is still running.
05 Apr, 2025 10:12:18 - Last modified time: 1084
05 Apr, 2025 10:13:19 - 'Google Main Right Side' scraper is still running.
05 Apr, 2025 10:13:19 - Last modified time: 1145
05 Apr, 2025 10:14:22 - 'Google Main Right Side' scraper is still running.
05 Apr, 2025 10:14:22 - Last modified time: 1208
05 Apr, 2025 10:15:24 - 'Google Main Right Side' scraper is still running.
05 Apr, 2025 10:15:24 - Last modified time: 1270
05 Apr, 2025 10:16:26 - 'Google Main Right Side' scraper is still running.
05 Apr, 2025 10:16:26 - Last modified time: 1332
05 Apr, 2025 10:17:28 - 'Google Main Right Side' scraper is still running.
05 Apr, 2025 10:17:28 - Last modified time: 1394
05 Apr, 2025 10:18:30 - 'Google Main Right Side' scraper is still running.
05 Apr, 2025 10:18:30 - Last modified time: 1456
05 Apr, 2025 10:19:32 - 'Google Main Right Side' scraper is still running.
05 Apr, 2025 10:19:32 - Last modified time: 1518
05 Apr, 2025 10:20:34 - 'Google Main Right Side' scraper is still running.
05 Apr, 2025 10:20:34 - Last modified time: 1580
05 Apr, 2025 10:21:35 - 'Google Main Right Side' scraper is still running.
05 Apr, 2025 10:21:35 - Last modified time: 1641
05 Apr, 2025 10:22:37 - 'Google Main Right Side' scraper is still running.
05 Apr, 2025 10:22:37 - Last modified time: 1703
05 Apr, 2025 10:23:39 - 'Google Main Right Side' scraper is still running.
05 Apr, 2025 10:23:39 - Last modified time: 1765
05 Apr, 2025 10:24:41 - 'Google Main Right Side' scraper is still running.
05 Apr, 2025 10:24:41 - Last modified time: 1827
05 Apr, 2025 10:24:41 - Log files hasn't been updated in the last 30 minutes. Deleting log directory and rebooting the server...
05 Apr, 2025 10:24:41 - Deleting log directory...
05 Apr, 2025 10:24:41 - Restarting the script: Killing all running processes and relaunching...
05 Apr, 2025 10:24:46 - 'Google Main Right Side' scraper is not running. Starting...
05 Apr, 2025 10:24:46 - 'Google Main Right Side' scraper started.
05 Apr, 2025 10:27:53 - 'Google Main Right Side' scraper is still running.
05 Apr, 2025 10:27:53 - Last modified time: 6
05 Apr, 2025 10:28:55 - 'Google Main Right Side' scraper is still running.
05 Apr, 2025 10:28:55 - Last modified time: 2
05 Apr, 2025 10:29:56 - 'Google Main Right Side' scraper is still running.
05 Apr, 2025 10:29:56 - Last modified time: 3
05 Apr, 2025 10:30:58 - 'Google Main Right Side' scraper is still running.
05 Apr, 2025 10:30:58 - Last modified time: 0
05 Apr, 2025 10:32:00 - 'Google Main Right Side' scraper is still running.
05 Apr, 2025 10:32:00 - Last modified time: 0
05 Apr, 2025 10:33:02 - 'Google Main Right Side' scraper is not running. Checking if it is stuck...
05 Apr, 2025 10:33:02 - Process finished. Restarting the process...
05 Apr, 2025 10:33:02 - 'Google Main Right Side' scraper started.
05 Apr, 2025 10:34:04 - 'Google Main Right Side' scraper is not running. Checking if it is stuck...
05 Apr, 2025 10:34:04 - Process finished. Restarting the process...
05 Apr, 2025 10:34:04 - 'Google Main Right Side' scraper started.
05 Apr, 2025 10:35:07 - 'Google Main Right Side' scraper is still running.
05 Apr, 2025 10:35:07 - Last modified time: 3
05 Apr, 2025 10:36:09 - 'Google Main Right Side' scraper is still running.
05 Apr, 2025 10:36:09 - Last modified time: 6
05 Apr, 2025 10:37:10 - 'Google Main Right Side' scraper is still running.
05 Apr, 2025 10:37:10 - Last modified time: 54
05 Apr, 2025 10:38:12 - 'Google Main Right Side' scraper is still running.
05 Apr, 2025 10:38:12 - Last modified time: 0
05 Apr, 2025 10:39:14 - 'Google Main Right Side' scraper is still running.
05 Apr, 2025 10:39:14 - Last modified time: -1
05 Apr, 2025 10:40:16 - 'Google Main Right Side' scraper is still running.
05 Apr, 2025 10:40:16 - Last modified time: 0
05 Apr, 2025 10:41:18 - 'Google Main Right Side' scraper is still running.
05 Apr, 2025 10:41:18 - Last modified time: 1
05 Apr, 2025 10:42:19 - 'Google Main Right Side' scraper is still running.
05 Apr, 2025 10:42:19 - Last modified time: 0
05 Apr, 2025 10:43:21 - 'Google Main Right Side' scraper is still running.
05 Apr, 2025 10:43:21 - Last modified time: 2
05 Apr, 2025 10:44:22 - 'Google Main Right Side' scraper is still running.
05 Apr, 2025 10:44:22 - Last modified time: 25
05 Apr, 2025 10:45:23 - 'Google Main Right Side' scraper is still running.
05 Apr, 2025 10:45:23 - Last modified time: 86
05 Apr, 2025 10:46:24 - 'Google Main Right Side' scraper is still running.
05 Apr, 2025 10:46:25 - Last modified time: 148
05 Apr, 2025 10:47:26 - 'Google Main Right Side' scraper is still running.
05 Apr, 2025 10:47:26 - Last modified time: 209
05 Apr, 2025 10:48:28 - 'Google Main Right Side' scraper is still running.
05 Apr, 2025 10:48:28 - Last modified time: 271
05 Apr, 2025 10:49:30 - 'Google Main Right Side' scraper is still running.
05 Apr, 2025 10:49:30 - Last modified time: 333
05 Apr, 2025 10:50:32 - 'Google Main Right Side' scraper is still running.
05 Apr, 2025 10:50:32 - Last modified time: 395
05 Apr, 2025 10:51:34 - 'Google Main Right Side' scraper is still running.
05 Apr, 2025 10:51:34 - Last modified time: 457
05 Apr, 2025 10:52:35 - 'Google Main Right Side' scraper is still running.
05 Apr, 2025 10:52:35 - Last modified time: 518
05 Apr, 2025 10:53:37 - 'Google Main Right Side' scraper is still running.
05 Apr, 2025 10:53:37 - Last modified time: 580
05 Apr, 2025 10:54:39 - 'Google Main Right Side' scraper is still running.
05 Apr, 2025 10:54:39 - Last modified time: 19
05 Apr, 2025 10:55:41 - 'Google Main Right Side' scraper is still running.
05 Apr, 2025 10:55:41 - Last modified time: 81
05 Apr, 2025 10:56:44 - 'Google Main Right Side' scraper is still running.
05 Apr, 2025 10:56:44 - Last modified time: 144
05 Apr, 2025 10:57:46 - 'Google Main Right Side' scraper is still running.
05 Apr, 2025 10:57:46 - Last modified time: 206
05 Apr, 2025 10:58:48 - 'Google Main Right Side' scraper is still running.
05 Apr, 2025 10:58:48 - Last modified time: 268
05 Apr, 2025 10:59:49 - 'Google Main Right Side' scraper is still running.
05 Apr, 2025 10:59:49 - Last modified time: 329
05 Apr, 2025 11:00:51 - 'Google Main Right Side' scraper is still running.
05 Apr, 2025 11:00:51 - Last modified time: 391
05 Apr, 2025 11:01:54 - 'Google Main Right Side' scraper is still running.
05 Apr, 2025 11:01:54 - Last modified time: 454
05 Apr, 2025 11:02:56 - 'Google Main Right Side' scraper is still running.
05 Apr, 2025 11:02:56 - Last modified time: 516
05 Apr, 2025 11:03:58 - 'Google Main Right Side' scraper is still running.
05 Apr, 2025 11:03:58 - Last modified time: 578
05 Apr, 2025 11:05:00 - 'Google Main Right Side' scraper is still running.
05 Apr, 2025 11:05:00 - Last modified time: 640
05 Apr, 2025 11:06:02 - 'Google Main Right Side' scraper is still running.
05 Apr, 2025 11:06:02 - Last modified time: 702
05 Apr, 2025 11:07:04 - 'Google Main Right Side' scraper is still running.
05 Apr, 2025 11:07:04 - Last modified time: 764
05 Apr, 2025 11:08:06 - 'Google Main Right Side' scraper is still running.
05 Apr, 2025 11:08:06 - Last modified time: 826
05 Apr, 2025 11:09:08 - 'Google Main Right Side' scraper is still running.
05 Apr, 2025 11:09:08 - Last modified time: 888
05 Apr, 2025 11:10:10 - 'Google Main Right Side' scraper is still running.
05 Apr, 2025 11:10:10 - Last modified time: 950
05 Apr, 2025 11:11:12 - 'Google Main Right Side' scraper is still running.
05 Apr, 2025 11:11:12 - Last modified time: 1012
05 Apr, 2025 11:12:15 - 'Google Main Right Side' scraper is still running.
05 Apr, 2025 11:12:15 - Last modified time: 1075
05 Apr, 2025 11:13:17 - 'Google Main Right Side' scraper is still running.
05 Apr, 2025 11:13:17 - Last modified time: 28
05 Apr, 2025 11:14:19 - 'Google Main Right Side' scraper is still running.
05 Apr, 2025 11:14:19 - Last modified time: 34
05 Apr, 2025 11:15:20 - 'Google Main Right Side' scraper is still running.
05 Apr, 2025 11:15:20 - Last modified time: 95
05 Apr, 2025 11:16:22 - 'Google Main Right Side' scraper is still running.
05 Apr, 2025 11:16:22 - Last modified time: 157
05 Apr, 2025 11:17:25 - 'Google Main Right Side' scraper is still running.
05 Apr, 2025 11:17:25 - Last modified time: 220
05 Apr, 2025 11:18:27 - 'Google Main Right Side' scraper is still running.
05 Apr, 2025 11:18:27 - Last modified time: 282
05 Apr, 2025 11:19:29 - 'Google Main Right Side' scraper is still running.
05 Apr, 2025 11:19:29 - Last modified time: 344
05 Apr, 2025 11:20:32 - 'Google Main Right Side' scraper is still running.
05 Apr, 2025 11:20:32 - Last modified time: 407
05 Apr, 2025 11:21:34 - 'Google Main Right Side' scraper is still running.
05 Apr, 2025 11:21:34 - Last modified time: 469
05 Apr, 2025 11:22:35 - 'Google Main Right Side' scraper is still running.
05 Apr, 2025 11:22:35 - Last modified time: 21
05 Apr, 2025 11:23:37 - 'Google Main Right Side' scraper is still running.
05 Apr, 2025 11:23:38 - Last modified time: 84
05 Apr, 2025 11:24:40 - 'Google Main Right Side' scraper is still running.
05 Apr, 2025 11:24:40 - Last modified time: 146
05 Apr, 2025 11:25:42 - 'Google Main Right Side' scraper is still running.
05 Apr, 2025 11:25:42 - Last modified time: 208
05 Apr, 2025 11:26:44 - 'Google Main Right Side' scraper is still running.
05 Apr, 2025 11:26:44 - Last modified time: 270
05 Apr, 2025 11:27:47 - 'Google Main Right Side' scraper is still running.
05 Apr, 2025 11:27:47 - Last modified time: 333
05 Apr, 2025 11:28:49 - 'Google Main Right Side' scraper is still running.
05 Apr, 2025 11:28:49 - Last modified time: 395
05 Apr, 2025 11:29:50 - 'Google Main Right Side' scraper is still running.
05 Apr, 2025 11:29:50 - Last modified time: 456
05 Apr, 2025 11:30:52 - 'Google Main Right Side' scraper is still running.
05 Apr, 2025 11:30:52 - Last modified time: 518
05 Apr, 2025 11:31:55 - 'Google Main Right Side' scraper is still running.
05 Apr, 2025 11:31:55 - Last modified time: 581
05 Apr, 2025 11:32:57 - 'Google Main Right Side' scraper is still running.
05 Apr, 2025 11:32:57 - Last modified time: 643
05 Apr, 2025 11:33:59 - 'Google Main Right Side' scraper is still running.
05 Apr, 2025 11:33:59 - Last modified time: 705
05 Apr, 2025 11:35:01 - 'Google Main Right Side' scraper is still running.
05 Apr, 2025 11:35:01 - Last modified time: 767
05 Apr, 2025 11:36:04 - 'Google Main Right Side' scraper is still running.
05 Apr, 2025 11:36:04 - Last modified time: 830
05 Apr, 2025 11:37:05 - 'Google Main Right Side' scraper is still running.
05 Apr, 2025 11:37:05 - Last modified time: 891
05 Apr, 2025 11:38:07 - 'Google Main Right Side' scraper is still running.
05 Apr, 2025 11:38:07 - Last modified time: 953
05 Apr, 2025 11:39:09 - 'Google Main Right Side' scraper is still running.
05 Apr, 2025 11:39:09 - Last modified time: 1015
05 Apr, 2025 11:40:11 - 'Google Main Right Side' scraper is still running.
05 Apr, 2025 11:40:11 - Last modified time: 35
05 Apr, 2025 11:41:14 - 'Google Main Right Side' scraper is still running.
05 Apr, 2025 11:41:14 - Last modified time: 98
05 Apr, 2025 11:42:16 - 'Google Main Right Side' scraper is still running.
05 Apr, 2025 11:42:16 - Last modified time: 2
05 Apr, 2025 11:43:19 - 'Google Main Right Side' scraper is still running.
05 Apr, 2025 11:43:19 - Last modified time: 37
05 Apr, 2025 11:44:21 - 'Google Main Right Side' scraper is still running.
05 Apr, 2025 11:44:21 - Last modified time: 99
05 Apr, 2025 11:45:22 - 'Google Main Right Side' scraper is still running.
05 Apr, 2025 11:45:22 - Last modified time: 160
05 Apr, 2025 11:46:25 - 'Google Main Right Side' scraper is still running.
05 Apr, 2025 11:46:25 - Last modified time: 223
05 Apr, 2025 11:47:27 - 'Google Main Right Side' scraper is still running.
05 Apr, 2025 11:47:27 - Last modified time: 285
05 Apr, 2025 11:48:29 - 'Google Main Right Side' scraper is still running.
05 Apr, 2025 11:48:29 - Last modified time: 347
05 Apr, 2025 11:49:32 - 'Google Main Right Side' scraper is still running.
05 Apr, 2025 11:49:32 - Last modified time: 410
05 Apr, 2025 11:50:34 - 'Google Main Right Side' scraper is still running.
05 Apr, 2025 11:50:34 - Last modified time: 472
05 Apr, 2025 11:51:37 - 'Google Main Right Side' scraper is still running.
05 Apr, 2025 11:51:37 - Last modified time: 535
05 Apr, 2025 11:52:38 - 'Google Main Right Side' scraper is not running. Checking if it is stuck...
05 Apr, 2025 11:52:38 - Process finished. Restarting the process...
05 Apr, 2025 11:52:38 - 'Google Main Right Side' scraper started.
05 Apr, 2025 11:53:40 - 'Google Main Right Side' scraper is still running.
05 Apr, 2025 11:53:40 - Last modified time: 0
05 Apr, 2025 11:54:43 - 'Google Main Right Side' scraper is still running.
05 Apr, 2025 11:54:43 - Last modified time: 10
05 Apr, 2025 11:55:46 - 'Google Main Right Side' scraper is still running.
05 Apr, 2025 11:55:46 - Last modified time: 1
05 Apr, 2025 11:56:48 - 'Google Main Right Side' scraper is still running.
05 Apr, 2025 11:56:48 - Last modified time: 3
05 Apr, 2025 11:57:50 - 'Google Main Right Side' scraper is still running.
05 Apr, 2025 11:57:50 - Last modified time: 4
05 Apr, 2025 11:58:53 - 'Google Main Right Side' scraper is still running.
05 Apr, 2025 11:58:53 - Last modified time: 1
05 Apr, 2025 11:59:54 - 'Google Main Right Side' scraper is still running.
05 Apr, 2025 11:59:54 - Last modified time: 0
05 Apr, 2025 12:00:56 - 'Google Main Right Side' scraper is still running.
05 Apr, 2025 12:00:56 - Last modified time: 0
05 Apr, 2025 12:01:59 - 'Google Main Right Side' scraper is still running.
05 Apr, 2025 12:01:59 - Last modified time: 1
05 Apr, 2025 12:03:01 - 'Google Main Right Side' scraper is still running.
05 Apr, 2025 12:03:01 - Last modified time: 0
05 Apr, 2025 12:04:03 - 'Google Main Right Side' scraper is still running.
05 Apr, 2025 12:04:03 - Last modified time: 1
05 Apr, 2025 12:05:06 - 'Google Main Right Side' scraper is still running.
05 Apr, 2025 12:05:06 - Last modified time: 1
05 Apr, 2025 12:06:08 - 'Google Main Right Side' scraper is still running.
05 Apr, 2025 12:06:08 - Last modified time: 1
05 Apr, 2025 12:07:10 - 'Google Main Right Side' scraper is still running.
05 Apr, 2025 12:07:10 - Last modified time: 1
05 Apr, 2025 12:08:12 - 'Google Main Right Side' scraper is still running.
05 Apr, 2025 12:08:12 - Last modified time: 0
05 Apr, 2025 12:09:14 - 'Google Main Right Side' scraper is still running.
05 Apr, 2025 12:09:14 - Last modified time: 0
05 Apr, 2025 12:10:16 - 'Google Main Right Side' scraper is still running.
05 Apr, 2025 12:10:16 - Last modified time: 1
05 Apr, 2025 12:11:18 - 'Google Main Right Side' scraper is still running.
05 Apr, 2025 12:11:19 - Last modified time: 0
05 Apr, 2025 12:12:21 - 'Google Main Right Side' scraper is still running.
05 Apr, 2025 12:12:21 - Last modified time: 1
05 Apr, 2025 12:13:23 - 'Google Main Right Side' scraper is still running.
05 Apr, 2025 12:13:23 - Last modified time: 32
05 Apr, 2025 12:14:26 - 'Google Main Right Side' scraper is still running.
05 Apr, 2025 12:14:26 - Last modified time: 95
05 Apr, 2025 12:15:27 - 'Google Main Right Side' scraper is still running.
05 Apr, 2025 12:15:27 - Last modified time: 156
05 Apr, 2025 12:16:29 - 'Google Main Right Side' scraper is still running.
05 Apr, 2025 12:16:29 - Last modified time: 218
05 Apr, 2025 12:17:31 - 'Google Main Right Side' scraper is still running.
05 Apr, 2025 12:17:31 - Last modified time: 280
05 Apr, 2025 12:18:34 - 'Google Main Right Side' scraper is still running.
05 Apr, 2025 12:18:34 - Last modified time: 343
05 Apr, 2025 12:19:36 - 'Google Main Right Side' scraper is still running.
05 Apr, 2025 12:19:36 - Last modified time: 405
05 Apr, 2025 12:20:38 - 'Google Main Right Side' scraper is still running.
05 Apr, 2025 12:20:38 - Last modified time: 467
05 Apr, 2025 12:21:41 - 'Google Main Right Side' scraper is still running.
05 Apr, 2025 12:21:41 - Last modified time: 530
05 Apr, 2025 12:22:42 - 'Google Main Right Side' scraper is still running.
05 Apr, 2025 12:22:42 - Last modified time: 591
05 Apr, 2025 12:23:44 - 'Google Main Right Side' scraper is still running.
05 Apr, 2025 12:23:44 - Last modified time: 653
05 Apr, 2025 12:24:46 - 'Google Main Right Side' scraper is still running.
05 Apr, 2025 12:24:46 - Last modified time: 715
05 Apr, 2025 12:25:49 - 'Google Main Right Side' scraper is still running.
05 Apr, 2025 12:25:49 - Last modified time: 778
05 Apr, 2025 12:26:51 - 'Google Main Right Side' scraper is still running.
05 Apr, 2025 12:26:51 - Last modified time: 840
05 Apr, 2025 12:27:54 - 'Google Main Right Side' scraper is still running.
05 Apr, 2025 12:27:54 - Last modified time: 903
05 Apr, 2025 12:28:56 - 'Google Main Right Side' scraper is still running.
05 Apr, 2025 12:28:56 - Last modified time: 965
05 Apr, 2025 12:29:57 - 'Google Main Right Side' scraper is still running.
05 Apr, 2025 12:29:57 - Last modified time: 1026
05 Apr, 2025 12:31:00 - 'Google Main Right Side' scraper is still running.
05 Apr, 2025 12:31:00 - Last modified time: 4
05 Apr, 2025 12:32:02 - 'Google Main Right Side' scraper is still running.
05 Apr, 2025 12:32:02 - Last modified time: 66
05 Apr, 2025 12:33:05 - 'Google Main Right Side' scraper is still running.
05 Apr, 2025 12:33:05 - Last modified time: 129
05 Apr, 2025 12:34:07 - 'Google Main Right Side' scraper is still running.
05 Apr, 2025 12:34:07 - Last modified time: 44
05 Apr, 2025 12:35:09 - 'Google Main Right Side' scraper is still running.
05 Apr, 2025 12:35:09 - Last modified time: 29
05 Apr, 2025 12:36:12 - 'Google Main Right Side' scraper is still running.
05 Apr, 2025 12:36:12 - Last modified time: 92
05 Apr, 2025 12:37:14 - 'Google Main Right Side' scraper is still running.
05 Apr, 2025 12:37:14 - Last modified time: 154
05 Apr, 2025 12:38:16 - 'Google Main Right Side' scraper is still running.
05 Apr, 2025 12:38:16 - Last modified time: 54
05 Apr, 2025 12:39:18 - 'Google Main Right Side' scraper is still running.
05 Apr, 2025 12:39:18 - Last modified time: 116
05 Apr, 2025 12:40:20 - 'Google Main Right Side' scraper is still running.
05 Apr, 2025 12:40:20 - Last modified time: 178
05 Apr, 2025 12:41:23 - 'Google Main Right Side' scraper is still running.
05 Apr, 2025 12:41:23 - Last modified time: 31
05 Apr, 2025 12:42:25 - 'Google Main Right Side' scraper is still running.
05 Apr, 2025 12:42:25 - Last modified time: 93
05 Apr, 2025 12:43:28 - 'Google Main Right Side' scraper is still running.
05 Apr, 2025 12:43:28 - Last modified time: 156
05 Apr, 2025 12:44:30 - 'Google Main Right Side' scraper is still running.
05 Apr, 2025 12:44:30 - Last modified time: 218
05 Apr, 2025 12:45:31 - 'Google Main Right Side' scraper is still running.
05 Apr, 2025 12:45:31 - Last modified time: 279
05 Apr, 2025 12:46:34 - 'Google Main Right Side' scraper is still running.
05 Apr, 2025 12:46:34 - Last modified time: 342
05 Apr, 2025 12:47:36 - 'Google Main Right Side' scraper is still running.
05 Apr, 2025 12:47:36 - Last modified time: 404
05 Apr, 2025 12:48:39 - 'Google Main Right Side' scraper is still running.
05 Apr, 2025 12:48:39 - Last modified time: 467
05 Apr, 2025 12:49:41 - 'Google Main Right Side' scraper is still running.
05 Apr, 2025 12:49:41 - Last modified time: 529
05 Apr, 2025 12:50:44 - 'Google Main Right Side' scraper is still running.
05 Apr, 2025 12:50:44 - Last modified time: 48
05 Apr, 2025 12:51:46 - 'Google Main Right Side' scraper is still running.
05 Apr, 2025 12:51:46 - Last modified time: 110
05 Apr, 2025 12:52:47 - 'Google Main Right Side' scraper is still running.
05 Apr, 2025 12:52:47 - Last modified time: 171
05 Apr, 2025 12:53:50 - 'Google Main Right Side' scraper is still running.
05 Apr, 2025 12:53:50 - Last modified time: 234
05 Apr, 2025 12:54:52 - 'Google Main Right Side' scraper is not running. Checking if it is stuck...
05 Apr, 2025 12:54:52 - Process finished. Restarting the process...
05 Apr, 2025 12:54:53 - 'Google Main Right Side' scraper started.
05 Apr, 2025 12:55:55 - 'Google Main Right Side' scraper is still running.
05 Apr, 2025 12:55:55 - Last modified time: 0
05 Apr, 2025 12:56:58 - 'Google Main Right Side' scraper is still running.
05 Apr, 2025 12:56:58 - Last modified time: 2
05 Apr, 2025 12:58:00 - 'Google Main Right Side' scraper is still running.
05 Apr, 2025 12:58:00 - Last modified time: 5
05 Apr, 2025 12:59:02 - 'Google Main Right Side' scraper is still running.
05 Apr, 2025 12:59:02 - Last modified time: 14
05 Apr, 2025 13:00:04 - 'Google Main Right Side' scraper is still running.
05 Apr, 2025 13:00:04 - Last modified time: 0
05 Apr, 2025 13:01:06 - 'Google Main Right Side' scraper is still running.
05 Apr, 2025 13:01:06 - Last modified time: 0
05 Apr, 2025 13:02:09 - 'Google Main Right Side' scraper is still running.
05 Apr, 2025 13:02:09 - Last modified time: 1
05 Apr, 2025 13:03:11 - 'Google Main Right Side' scraper is still running.
05 Apr, 2025 13:03:11 - Last modified time: 0
05 Apr, 2025 13:04:14 - 'Google Main Right Side' scraper is still running.
05 Apr, 2025 13:04:14 - Last modified time: 1
05 Apr, 2025 13:05:16 - 'Google Main Right Side' scraper is still running.
05 Apr, 2025 13:05:16 - Last modified time: 1
05 Apr, 2025 13:06:18 - 'Google Main Right Side' scraper is still running.
05 Apr, 2025 13:06:18 - Last modified time: 0
05 Apr, 2025 13:07:21 - 'Google Main Right Side' scraper is still running.
05 Apr, 2025 13:07:21 - Last modified time: 1
05 Apr, 2025 13:08:22 - 'Google Main Right Side' scraper is still running.
05 Apr, 2025 13:08:22 - Last modified time: 1
05 Apr, 2025 13:09:24 - 'Google Main Right Side' scraper is still running.
05 Apr, 2025 13:09:24 - Last modified time: 0
05 Apr, 2025 13:10:27 - 'Google Main Right Side' scraper is still running.
05 Apr, 2025 13:10:27 - Last modified time: 0
05 Apr, 2025 13:11:30 - 'Google Main Right Side' scraper is still running.
05 Apr, 2025 13:11:30 - Last modified time: 2
05 Apr, 2025 13:12:32 - 'Google Main Right Side' scraper is still running.
05 Apr, 2025 13:12:32 - Last modified time: 2
05 Apr, 2025 13:13:35 - 'Google Main Right Side' scraper is still running.
05 Apr, 2025 13:13:35 - Last modified time: 1
05 Apr, 2025 13:14:37 - 'Google Main Right Side' scraper is still running.
05 Apr, 2025 13:14:37 - Last modified time: 2
05 Apr, 2025 13:15:38 - 'Google Main Right Side' scraper is still running.
05 Apr, 2025 13:15:38 - Last modified time: 55
05 Apr, 2025 13:16:41 - 'Google Main Right Side' scraper is still running.
05 Apr, 2025 13:16:41 - Last modified time: 118
05 Apr, 2025 13:17:43 - 'Google Main Right Side' scraper is still running.
05 Apr, 2025 13:17:43 - Last modified time: 21
05 Apr, 2025 13:18:46 - 'Google Main Right Side' scraper is still running.
05 Apr, 2025 13:18:46 - Last modified time: 84
05 Apr, 2025 13:19:47 - 'Google Main Right Side' scraper is still running.
05 Apr, 2025 13:19:47 - Last modified time: 145
05 Apr, 2025 13:20:50 - 'Google Main Right Side' scraper is still running.
05 Apr, 2025 13:20:50 - Last modified time: 208
05 Apr, 2025 13:21:52 - 'Google Main Right Side' scraper is still running.
05 Apr, 2025 13:21:52 - Last modified time: 270
05 Apr, 2025 13:22:55 - 'Google Main Right Side' scraper is still running.
05 Apr, 2025 13:22:55 - Last modified time: 333
05 Apr, 2025 13:23:57 - 'Google Main Right Side' scraper is still running.
05 Apr, 2025 13:23:57 - Last modified time: 395
05 Apr, 2025 13:24:59 - 'Google Main Right Side' scraper is still running.
05 Apr, 2025 13:24:59 - Last modified time: 47
05 Apr, 2025 13:26:02 - 'Google Main Right Side' scraper is still running.
05 Apr, 2025 13:26:02 - Last modified time: 110
05 Apr, 2025 13:27:03 - 'Google Main Right Side' scraper is still running.
05 Apr, 2025 13:27:03 - Last modified time: 171
05 Apr, 2025 13:28:05 - 'Google Main Right Side' scraper is still running.
05 Apr, 2025 13:28:05 - Last modified time: 233
05 Apr, 2025 13:29:08 - 'Google Main Right Side' scraper is still running.
05 Apr, 2025 13:29:08 - Last modified time: 296
05 Apr, 2025 13:30:10 - 'Google Main Right Side' scraper is still running.
05 Apr, 2025 13:30:10 - Last modified time: 358
05 Apr, 2025 13:31:13 - 'Google Main Right Side' scraper is still running.
05 Apr, 2025 13:31:13 - Last modified time: 421
05 Apr, 2025 13:32:15 - 'Google Main Right Side' scraper is still running.
05 Apr, 2025 13:32:15 - Last modified time: 483
05 Apr, 2025 13:33:18 - 'Google Main Right Side' scraper is still running.
05 Apr, 2025 13:33:18 - Last modified time: 546
05 Apr, 2025 13:34:19 - 'Google Main Right Side' scraper is still running.
05 Apr, 2025 13:34:19 - Last modified time: 607
05 Apr, 2025 13:35:21 - 'Google Main Right Side' scraper is still running.
05 Apr, 2025 13:35:21 - Last modified time: 669
05 Apr, 2025 13:36:24 - 'Google Main Right Side' scraper is still running.
05 Apr, 2025 13:36:24 - Last modified time: 732
05 Apr, 2025 13:37:27 - 'Google Main Right Side' scraper is still running.
05 Apr, 2025 13:37:27 - Last modified time: 795
05 Apr, 2025 13:38:29 - 'Google Main Right Side' scraper is still running.
05 Apr, 2025 13:38:29 - Last modified time: 857
05 Apr, 2025 13:39:31 - 'Google Main Right Side' scraper is still running.
05 Apr, 2025 13:39:31 - Last modified time: 919
05 Apr, 2025 13:40:34 - 'Google Main Right Side' scraper is still running.
05 Apr, 2025 13:40:34 - Last modified time: 982
05 Apr, 2025 13:41:35 - 'Google Main Right Side' scraper is still running.
05 Apr, 2025 13:41:35 - Last modified time: 1043
05 Apr, 2025 13:42:38 - 'Google Main Right Side' scraper is still running.
05 Apr, 2025 13:42:38 - Last modified time: 1106
05 Apr, 2025 13:43:40 - 'Google Main Right Side' scraper is still running.
05 Apr, 2025 13:43:40 - Last modified time: 1168
05 Apr, 2025 13:44:43 - 'Google Main Right Side' scraper is still running.
05 Apr, 2025 13:44:43 - Last modified time: 1231
05 Apr, 2025 13:45:45 - 'Google Main Right Side' scraper is still running.
05 Apr, 2025 13:45:45 - Last modified time: 1293
05 Apr, 2025 13:46:47 - 'Google Main Right Side' scraper is still running.
05 Apr, 2025 13:46:47 - Last modified time: 1355
05 Apr, 2025 13:47:50 - 'Google Main Right Side' scraper is still running.
05 Apr, 2025 13:47:50 - Last modified time: 1418
05 Apr, 2025 13:48:52 - 'Google Main Right Side' scraper is still running.
05 Apr, 2025 13:48:52 - Last modified time: 1480
05 Apr, 2025 13:49:54 - 'Google Main Right Side' scraper is still running.
05 Apr, 2025 13:49:54 - Last modified time: 1542
05 Apr, 2025 13:50:56 - 'Google Main Right Side' scraper is still running.
05 Apr, 2025 13:50:56 - Last modified time: 1604
05 Apr, 2025 13:51:59 - 'Google Main Right Side' scraper is still running.
05 Apr, 2025 13:51:59 - Last modified time: 1667
05 Apr, 2025 13:53:01 - 'Google Main Right Side' scraper is still running.
05 Apr, 2025 13:53:01 - Last modified time: 1729
05 Apr, 2025 13:54:03 - 'Google Main Right Side' scraper is still running.
05 Apr, 2025 13:54:03 - Last modified time: 1791
05 Apr, 2025 13:55:06 - 'Google Main Right Side' scraper is still running.
05 Apr, 2025 13:55:06 - Last modified time: 1854
05 Apr, 2025 13:55:06 - Log files hasn't been updated in the last 30 minutes. Deleting log directory and rebooting the server...
05 Apr, 2025 13:55:06 - Deleting log directory...
05 Apr, 2025 13:55:06 - Restarting the script: Killing all running processes and relaunching...
05 Apr, 2025 13:55:11 - 'Google Main Right Side' scraper is not running. Starting...
05 Apr, 2025 13:55:11 - 'Google Main Right Side' scraper started.
05 Apr, 2025 13:58:17 - 'Google Main Right Side' scraper is still running.
05 Apr, 2025 13:58:18 - Last modified time: 14
05 Apr, 2025 13:59:20 - 'Google Main Right Side' scraper is still running.
05 Apr, 2025 13:59:20 - Last modified time: 4
05 Apr, 2025 14:00:23 - 'Google Main Right Side' scraper is still running.
05 Apr, 2025 14:00:23 - Last modified time: 1
05 Apr, 2025 14:01:25 - 'Google Main Right Side' scraper is still running.
05 Apr, 2025 14:01:25 - Last modified time: 1
05 Apr, 2025 14:02:28 - 'Google Main Right Side' scraper is still running.
05 Apr, 2025 14:02:28 - Last modified time: 4
05 Apr, 2025 14:03:30 - 'Google Main Right Side' scraper is still running.
05 Apr, 2025 14:03:30 - Last modified time: 5
05 Apr, 2025 14:04:33 - 'Google Main Right Side' scraper is still running.
05 Apr, 2025 14:04:33 - Last modified time: 1
05 Apr, 2025 14:05:34 - 'Google Main Right Side' scraper is still running.
05 Apr, 2025 14:05:34 - Last modified time: 3
05 Apr, 2025 14:06:36 - 'Google Main Right Side' scraper is still running.
05 Apr, 2025 14:06:36 - Last modified time: 5
05 Apr, 2025 14:07:39 - 'Google Main Right Side' scraper is still running.
05 Apr, 2025 14:07:39 - Last modified time: 0
05 Apr, 2025 14:08:41 - 'Google Main Right Side' scraper is still running.
05 Apr, 2025 14:08:41 - Last modified time: 3
05 Apr, 2025 14:09:44 - 'Google Main Right Side' scraper is still running.
05 Apr, 2025 14:09:44 - Last modified time: 2
05 Apr, 2025 14:10:46 - 'Google Main Right Side' scraper is still running.
05 Apr, 2025 14:10:46 - Last modified time: 2
05 Apr, 2025 14:11:49 - 'Google Main Right Side' scraper is still running.
05 Apr, 2025 14:11:49 - Last modified time: 49
05 Apr, 2025 14:12:51 - 'Google Main Right Side' scraper is still running.
05 Apr, 2025 14:12:51 - Last modified time: 111
05 Apr, 2025 14:13:52 - 'Google Main Right Side' scraper is still running.
05 Apr, 2025 14:13:53 - Last modified time: 172
05 Apr, 2025 14:14:55 - 'Google Main Right Side' scraper is still running.
05 Apr, 2025 14:14:55 - Last modified time: 235
05 Apr, 2025 14:15:57 - 'Google Main Right Side' scraper is still running.
05 Apr, 2025 14:15:57 - Last modified time: 297
05 Apr, 2025 14:17:00 - 'Google Main Right Side' scraper is still running.
05 Apr, 2025 14:17:00 - Last modified time: 360
05 Apr, 2025 14:18:02 - 'Google Main Right Side' scraper is still running.
05 Apr, 2025 14:18:02 - Last modified time: 422
05 Apr, 2025 14:19:05 - 'Google Main Right Side' scraper is still running.
05 Apr, 2025 14:19:05 - Last modified time: 485
05 Apr, 2025 14:20:08 - 'Google Main Right Side' scraper is still running.
05 Apr, 2025 14:20:08 - Last modified time: 548
05 Apr, 2025 14:21:09 - 'Google Main Right Side' scraper is still running.
05 Apr, 2025 14:21:09 - Last modified time: 609
05 Apr, 2025 14:22:11 - 'Google Main Right Side' scraper is still running.
05 Apr, 2025 14:22:12 - Last modified time: 672
05 Apr, 2025 14:23:14 - 'Google Main Right Side' scraper is still running.
05 Apr, 2025 14:23:14 - Last modified time: 734
05 Apr, 2025 14:24:17 - 'Google Main Right Side' scraper is still running.
05 Apr, 2025 14:24:17 - Last modified time: 797
05 Apr, 2025 14:25:19 - 'Google Main Right Side' scraper is still running.
05 Apr, 2025 14:25:19 - Last modified time: 859
05 Apr, 2025 14:26:22 - 'Google Main Right Side' scraper is still running.
05 Apr, 2025 14:26:22 - Last modified time: 922
05 Apr, 2025 14:27:24 - 'Google Main Right Side' scraper is still running.
05 Apr, 2025 14:27:24 - Last modified time: 984
05 Apr, 2025 14:28:26 - 'Google Main Right Side' scraper is still running.
05 Apr, 2025 14:28:26 - Last modified time: 1046
05 Apr, 2025 14:29:28 - 'Google Main Right Side' scraper is still running.
05 Apr, 2025 14:29:28 - Last modified time: 1108
05 Apr, 2025 14:30:31 - 'Google Main Right Side' scraper is still running.
05 Apr, 2025 14:30:31 - Last modified time: 1171
05 Apr, 2025 14:31:34 - 'Google Main Right Side' scraper is still running.
05 Apr, 2025 14:31:34 - Last modified time: 1234
05 Apr, 2025 14:32:36 - 'Google Main Right Side' scraper is still running.
05 Apr, 2025 14:32:36 - Last modified time: 1296
05 Apr, 2025 14:33:39 - 'Google Main Right Side' scraper is still running.
05 Apr, 2025 14:33:39 - Last modified time: 1359
05 Apr, 2025 14:34:41 - 'Google Main Right Side' scraper is still running.
05 Apr, 2025 14:34:41 - Last modified time: 4
05 Apr, 2025 14:35:43 - 'Google Main Right Side' scraper is not running. Checking if it is stuck...
05 Apr, 2025 14:35:43 - Process finished. Restarting the process...
05 Apr, 2025 14:35:43 - 'Google Main Right Side' scraper started.
05 Apr, 2025 14:36:45 - 'Google Main Right Side' scraper is still running.
05 Apr, 2025 14:36:45 - Last modified time: 121
05 Apr, 2025 14:37:48 - 'Google Main Right Side' scraper is still running.
05 Apr, 2025 14:37:48 - Last modified time: 3
05 Apr, 2025 14:38:51 - 'Google Main Right Side' scraper is still running.
05 Apr, 2025 14:38:51 - Last modified time: 17
05 Apr, 2025 14:39:53 - 'Google Main Right Side' scraper is still running.
05 Apr, 2025 14:39:53 - Last modified time: 0
05 Apr, 2025 14:40:56 - 'Google Main Right Side' scraper is still running.
05 Apr, 2025 14:40:56 - Last modified time: 1
05 Apr, 2025 14:41:58 - 'Google Main Right Side' scraper is still running.
05 Apr, 2025 14:41:58 - Last modified time: 0
05 Apr, 2025 14:43:01 - 'Google Main Right Side' scraper is still running.
05 Apr, 2025 14:43:01 - Last modified time: 1
05 Apr, 2025 14:44:03 - 'Google Main Right Side' scraper is still running.
05 Apr, 2025 14:44:03 - Last modified time: 7
05 Apr, 2025 14:45:05 - 'Google Main Right Side' scraper is still running.
05 Apr, 2025 14:45:05 - Last modified time: 69
05 Apr, 2025 14:46:08 - 'Google Main Right Side' scraper is still running.
05 Apr, 2025 14:46:08 - Last modified time: 132
05 Apr, 2025 14:47:11 - 'Google Main Right Side' scraper is still running.
05 Apr, 2025 14:47:11 - Last modified time: 195
05 Apr, 2025 14:48:13 - 'Google Main Right Side' scraper is still running.
05 Apr, 2025 14:48:13 - Last modified time: 257
05 Apr, 2025 14:49:16 - 'Google Main Right Side' scraper is still running.
05 Apr, 2025 14:49:16 - Last modified time: 6
05 Apr, 2025 14:50:19 - 'Google Main Right Side' scraper is still running.
05 Apr, 2025 14:50:19 - Last modified time: 69
05 Apr, 2025 14:51:20 - 'Google Main Right Side' scraper is still running.
05 Apr, 2025 14:51:20 - Last modified time: 130
05 Apr, 2025 14:52:23 - 'Google Main Right Side' scraper is still running.
05 Apr, 2025 14:52:23 - Last modified time: 193
05 Apr, 2025 14:53:25 - 'Google Main Right Side' scraper is still running.
05 Apr, 2025 14:53:25 - Last modified time: 255
05 Apr, 2025 14:54:28 - 'Google Main Right Side' scraper is still running.
05 Apr, 2025 14:54:28 - Last modified time: 318
05 Apr, 2025 14:55:31 - 'Google Main Right Side' scraper is still running.
05 Apr, 2025 14:55:31 - Last modified time: 381
05 Apr, 2025 14:56:33 - 'Google Main Right Side' scraper is still running.
05 Apr, 2025 14:56:33 - Last modified time: 443
05 Apr, 2025 14:57:36 - 'Google Main Right Side' scraper is still running.
05 Apr, 2025 14:57:36 - Last modified time: 506
05 Apr, 2025 14:58:37 - 'Google Main Right Side' scraper is still running.
05 Apr, 2025 14:58:37 - Last modified time: 567
05 Apr, 2025 14:59:40 - 'Google Main Right Side' scraper is still running.
05 Apr, 2025 14:59:40 - Last modified time: 49
05 Apr, 2025 15:00:43 - 'Google Main Right Side' scraper is still running.
05 Apr, 2025 15:00:43 - Last modified time: 21
05 Apr, 2025 15:01:45 - 'Google Main Right Side' scraper is still running.
05 Apr, 2025 15:01:45 - Last modified time: 83
05 Apr, 2025 15:02:48 - 'Google Main Right Side' scraper is still running.
05 Apr, 2025 15:02:48 - Last modified time: 146
05 Apr, 2025 15:03:50 - 'Google Main Right Side' scraper is still running.
05 Apr, 2025 15:03:50 - Last modified time: 208
05 Apr, 2025 15:04:53 - 'Google Main Right Side' scraper is still running.
05 Apr, 2025 15:04:53 - Last modified time: 271
05 Apr, 2025 15:05:56 - 'Google Main Right Side' scraper is still running.
05 Apr, 2025 15:05:56 - Last modified time: 334
05 Apr, 2025 15:06:57 - 'Google Main Right Side' scraper is still running.
05 Apr, 2025 15:06:57 - Last modified time: 395
05 Apr, 2025 15:08:00 - 'Google Main Right Side' scraper is still running.
05 Apr, 2025 15:08:00 - Last modified time: 10
05 Apr, 2025 15:09:03 - 'Google Main Right Side' scraper is still running.
05 Apr, 2025 15:09:03 - Last modified time: 73
05 Apr, 2025 15:10:05 - 'Google Main Right Side' scraper is still running.
05 Apr, 2025 15:10:05 - Last modified time: 135
05 Apr, 2025 15:11:08 - 'Google Main Right Side' scraper is still running.
05 Apr, 2025 15:11:08 - Last modified time: 198
05 Apr, 2025 15:12:10 - 'Google Main Right Side' scraper is still running.
05 Apr, 2025 15:12:10 - Last modified time: 260
05 Apr, 2025 15:13:13 - 'Google Main Right Side' scraper is not running. Checking if it is stuck...
05 Apr, 2025 15:13:13 - Process finished. Restarting the process...
05 Apr, 2025 15:13:13 - 'Google Main Right Side' scraper started.
05 Apr, 2025 15:14:14 - 'Google Main Right Side' scraper is still running.
05 Apr, 2025 15:14:14 - Last modified time: 1
05 Apr, 2025 15:15:17 - 'Google Main Right Side' scraper is still running.
05 Apr, 2025 15:15:17 - Last modified time: 1
05 Apr, 2025 15:16:20 - 'Google Main Right Side' scraper is still running.
05 Apr, 2025 15:16:20 - Last modified time: 1
05 Apr, 2025 15:17:23 - 'Google Main Right Side' scraper is still running.
05 Apr, 2025 15:17:23 - Last modified time: 1
05 Apr, 2025 15:18:25 - 'Google Main Right Side' scraper is still running.
05 Apr, 2025 15:18:26 - Last modified time: 0
05 Apr, 2025 15:19:28 - 'Google Main Right Side' scraper is still running.
05 Apr, 2025 15:19:28 - Last modified time: 0
05 Apr, 2025 15:20:31 - 'Google Main Right Side' scraper is still running.
05 Apr, 2025 15:20:31 - Last modified time: 2
05 Apr, 2025 15:21:32 - 'Google Main Right Side' scraper is still running.
05 Apr, 2025 15:21:32 - Last modified time: 3
05 Apr, 2025 15:22:35 - 'Google Main Right Side' scraper is still running.
05 Apr, 2025 15:22:35 - Last modified time: 3
05 Apr, 2025 15:23:38 - 'Google Main Right Side' scraper is still running.
05 Apr, 2025 15:23:38 - Last modified time: 0
05 Apr, 2025 15:24:40 - 'Google Main Right Side' scraper is still running.
05 Apr, 2025 15:24:40 - Last modified time: 0
05 Apr, 2025 15:25:43 - 'Google Main Right Side' scraper is still running.
05 Apr, 2025 15:25:43 - Last modified time: 0
05 Apr, 2025 15:26:45 - 'Google Main Right Side' scraper is still running.
05 Apr, 2025 15:26:45 - Last modified time: 2
05 Apr, 2025 15:27:48 - 'Google Main Right Side' scraper is still running.
05 Apr, 2025 15:27:48 - Last modified time: 1
05 Apr, 2025 15:28:50 - 'Google Main Right Side' scraper is still running.
05 Apr, 2025 15:28:50 - Last modified time: 1
05 Apr, 2025 15:29:52 - 'Google Main Right Side' scraper is still running.
05 Apr, 2025 15:29:53 - Last modified time: -1
05 Apr, 2025 15:30:55 - 'Google Main Right Side' scraper is still running.
05 Apr, 2025 15:30:55 - Last modified time: 5
05 Apr, 2025 15:31:58 - 'Google Main Right Side' scraper is still running.
05 Apr, 2025 15:31:58 - Last modified time: 1
05 Apr, 2025 15:33:01 - 'Google Main Right Side' scraper is still running.
05 Apr, 2025 15:33:01 - Last modified time: 4
05 Apr, 2025 15:34:03 - 'Google Main Right Side' scraper is still running.
05 Apr, 2025 15:34:03 - Last modified time: 31
05 Apr, 2025 15:35:06 - 'Google Main Right Side' scraper is still running.
05 Apr, 2025 15:35:06 - Last modified time: 94
05 Apr, 2025 15:36:09 - 'Google Main Right Side' scraper is still running.
05 Apr, 2025 15:36:09 - Last modified time: 157
05 Apr, 2025 15:37:10 - 'Google Main Right Side' scraper is still running.
05 Apr, 2025 15:37:10 - Last modified time: 218
05 Apr, 2025 15:38:13 - 'Google Main Right Side' scraper is still running.
05 Apr, 2025 15:38:13 - Last modified time: 281
05 Apr, 2025 15:39:16 - 'Google Main Right Side' scraper is still running.
05 Apr, 2025 15:39:16 - Last modified time: 344
05 Apr, 2025 15:40:18 - 'Google Main Right Side' scraper is still running.
05 Apr, 2025 15:40:18 - Last modified time: 406
05 Apr, 2025 15:41:21 - 'Google Main Right Side' scraper is still running.
05 Apr, 2025 15:41:21 - Last modified time: 17
05 Apr, 2025 15:42:24 - 'Google Main Right Side' scraper is still running.
05 Apr, 2025 15:42:24 - Last modified time: 2
05 Apr, 2025 15:43:27 - 'Google Main Right Side' scraper is still running.
05 Apr, 2025 15:43:27 - Last modified time: 62
05 Apr, 2025 15:44:28 - 'Google Main Right Side' scraper is still running.
05 Apr, 2025 15:44:28 - Last modified time: 123
05 Apr, 2025 15:45:31 - 'Google Main Right Side' scraper is still running.
05 Apr, 2025 15:45:31 - Last modified time: 186
05 Apr, 2025 15:46:33 - 'Google Main Right Side' scraper is still running.
05 Apr, 2025 15:46:33 - Last modified time: 248
05 Apr, 2025 15:47:36 - 'Google Main Right Side' scraper is still running.
05 Apr, 2025 15:47:36 - Last modified time: 9
05 Apr, 2025 15:48:39 - 'Google Main Right Side' scraper is still running.
05 Apr, 2025 15:48:39 - Last modified time: 72
05 Apr, 2025 15:49:41 - 'Google Main Right Side' scraper is still running.
05 Apr, 2025 15:49:41 - Last modified time: 134
05 Apr, 2025 15:50:44 - 'Google Main Right Side' scraper is still running.
05 Apr, 2025 15:50:44 - Last modified time: 197
05 Apr, 2025 15:51:45 - 'Google Main Right Side' scraper is still running.
05 Apr, 2025 15:51:45 - Last modified time: 258
05 Apr, 2025 15:52:48 - 'Google Main Right Side' scraper is still running.
05 Apr, 2025 15:52:48 - Last modified time: 26
05 Apr, 2025 15:53:51 - 'Google Main Right Side' scraper is still running.
05 Apr, 2025 15:53:51 - Last modified time: 89
05 Apr, 2025 15:54:53 - 'Google Main Right Side' scraper is still running.
05 Apr, 2025 15:54:53 - Last modified time: 151
05 Apr, 2025 15:55:56 - 'Google Main Right Side' scraper is still running.
05 Apr, 2025 15:55:56 - Last modified time: 214
05 Apr, 2025 15:56:58 - 'Google Main Right Side' scraper is still running.
05 Apr, 2025 15:56:58 - Last modified time: 37
05 Apr, 2025 15:58:01 - 'Google Main Right Side' scraper is still running.
05 Apr, 2025 15:58:01 - Last modified time: 100
05 Apr, 2025 15:59:03 - 'Google Main Right Side' scraper is still running.
05 Apr, 2025 15:59:03 - Last modified time: 162
05 Apr, 2025 16:00:05 - 'Google Main Right Side' scraper is still running.
05 Apr, 2025 16:00:05 - Last modified time: 224
05 Apr, 2025 16:01:07 - 'Google Main Right Side' scraper is still running.
05 Apr, 2025 16:01:07 - Last modified time: 286
05 Apr, 2025 16:02:10 - 'Google Main Right Side' scraper is still running.
05 Apr, 2025 16:02:10 - Last modified time: 349
05 Apr, 2025 16:03:13 - 'Google Main Right Side' scraper is still running.
05 Apr, 2025 16:03:13 - Last modified time: 412
05 Apr, 2025 16:04:15 - 'Google Main Right Side' scraper is still running.
05 Apr, 2025 16:04:15 - Last modified time: 474
05 Apr, 2025 16:05:18 - 'Google Main Right Side' scraper is still running.
05 Apr, 2025 16:05:18 - Last modified time: 537
05 Apr, 2025 16:06:20 - 'Google Main Right Side' scraper is still running.
05 Apr, 2025 16:06:20 - Last modified time: 599
05 Apr, 2025 16:07:22 - 'Google Main Right Side' scraper is still running.
05 Apr, 2025 16:07:22 - Last modified time: 29
05 Apr, 2025 16:08:24 - 'Google Main Right Side' scraper is still running.
05 Apr, 2025 16:08:24 - Last modified time: 91
05 Apr, 2025 16:09:27 - 'Google Main Right Side' scraper is still running.
05 Apr, 2025 16:09:27 - Last modified time: 154
05 Apr, 2025 16:10:29 - 'Google Main Right Side' scraper is still running.
05 Apr, 2025 16:10:29 - Last modified time: 216
05 Apr, 2025 16:11:32 - 'Google Main Right Side' scraper is still running.
05 Apr, 2025 16:11:32 - Last modified time: 279
05 Apr, 2025 16:12:35 - 'Google Main Right Side' scraper is still running.
05 Apr, 2025 16:12:35 - Last modified time: 342
05 Apr, 2025 16:13:37 - 'Google Main Right Side' scraper is still running.
05 Apr, 2025 16:13:37 - Last modified time: 404
05 Apr, 2025 16:14:39 - 'Google Main Right Side' scraper is still running.
05 Apr, 2025 16:14:39 - Last modified time: 466
05 Apr, 2025 16:15:41 - 'Google Main Right Side' scraper is still running.
05 Apr, 2025 16:15:41 - Last modified time: 528
05 Apr, 2025 16:16:44 - 'Google Main Right Side' scraper is still running.
05 Apr, 2025 16:16:44 - Last modified time: 591
05 Apr, 2025 16:17:47 - 'Google Main Right Side' scraper is still running.
05 Apr, 2025 16:17:47 - Last modified time: 654
05 Apr, 2025 16:18:49 - 'Google Main Right Side' scraper is still running.
05 Apr, 2025 16:18:49 - Last modified time: 716
05 Apr, 2025 16:19:52 - 'Google Main Right Side' scraper is still running.
05 Apr, 2025 16:19:52 - Last modified time: 779
05 Apr, 2025 16:20:55 - 'Google Main Right Side' scraper is still running.
05 Apr, 2025 16:20:55 - Last modified time: 842
05 Apr, 2025 16:21:56 - 'Google Main Right Side' scraper is still running.
05 Apr, 2025 16:21:56 - Last modified time: 903
05 Apr, 2025 16:22:59 - 'Google Main Right Side' scraper is still running.
05 Apr, 2025 16:22:59 - Last modified time: 966
05 Apr, 2025 16:24:01 - 'Google Main Right Side' scraper is still running.
05 Apr, 2025 16:24:01 - Last modified time: 1028
05 Apr, 2025 16:25:04 - 'Google Main Right Side' scraper is still running.
05 Apr, 2025 16:25:04 - Last modified time: 1091
05 Apr, 2025 16:26:07 - 'Google Main Right Side' scraper is still running.
05 Apr, 2025 16:26:07 - Last modified time: 1154
05 Apr, 2025 16:27:09 - 'Google Main Right Side' scraper is not running. Checking if it is stuck...
05 Apr, 2025 16:27:09 - Process finished. Restarting the process...
05 Apr, 2025 16:27:09 - 'Google Main Right Side' scraper started.
05 Apr, 2025 16:28:12 - 'Google Main Right Side' scraper is still running.
05 Apr, 2025 16:28:12 - Last modified time: 1
05 Apr, 2025 16:29:15 - 'Google Main Right Side' scraper is still running.
05 Apr, 2025 16:29:15 - Last modified time: 11
05 Apr, 2025 16:30:16 - 'Google Main Right Side' scraper is still running.
05 Apr, 2025 16:30:16 - Last modified time: 51
05 Apr, 2025 16:31:19 - 'Google Main Right Side' scraper is still running.
05 Apr, 2025 16:31:19 - Last modified time: 0
05 Apr, 2025 16:32:22 - 'Google Main Right Side' scraper is still running.
05 Apr, 2025 16:32:22 - Last modified time: 0
05 Apr, 2025 16:33:24 - 'Google Main Right Side' scraper is still running.
05 Apr, 2025 16:33:24 - Last modified time: 0
05 Apr, 2025 16:34:27 - 'Google Main Right Side' scraper is still running.
05 Apr, 2025 16:34:27 - Last modified time: 1
05 Apr, 2025 16:35:30 - 'Google Main Right Side' scraper is still running.
05 Apr, 2025 16:35:30 - Last modified time: 1
05 Apr, 2025 16:36:33 - 'Google Main Right Side' scraper is still running.
05 Apr, 2025 16:36:33 - Last modified time: 1
05 Apr, 2025 16:37:34 - 'Google Main Right Side' scraper is still running.
05 Apr, 2025 16:37:34 - Last modified time: 0
05 Apr, 2025 16:38:37 - 'Google Main Right Side' scraper is still running.
05 Apr, 2025 16:38:37 - Last modified time: 0
05 Apr, 2025 16:39:39 - 'Google Main Right Side' scraper is still running.
05 Apr, 2025 16:39:39 - Last modified time: 0
05 Apr, 2025 16:40:42 - 'Google Main Right Side' scraper is still running.
05 Apr, 2025 16:40:42 - Last modified time: 2
05 Apr, 2025 16:41:45 - 'Google Main Right Side' scraper is still running.
05 Apr, 2025 16:41:45 - Last modified time: 1
05 Apr, 2025 16:42:47 - 'Google Main Right Side' scraper is still running.
05 Apr, 2025 16:42:47 - Last modified time: 5
05 Apr, 2025 16:43:50 - 'Google Main Right Side' scraper is still running.
05 Apr, 2025 16:43:50 - Last modified time: 2
05 Apr, 2025 16:44:51 - 'Google Main Right Side' scraper is still running.
05 Apr, 2025 16:44:51 - Last modified time: 5
05 Apr, 2025 16:45:54 - 'Google Main Right Side' scraper is still running.
05 Apr, 2025 16:45:54 - Last modified time: 68
05 Apr, 2025 16:46:57 - 'Google Main Right Side' scraper is still running.
05 Apr, 2025 16:46:57 - Last modified time: 131
05 Apr, 2025 16:47:59 - 'Google Main Right Side' scraper is still running.
05 Apr, 2025 16:47:59 - Last modified time: 23
05 Apr, 2025 16:49:02 - 'Google Main Right Side' scraper is still running.
05 Apr, 2025 16:49:02 - Last modified time: 86
05 Apr, 2025 16:50:04 - 'Google Main Right Side' scraper is still running.
05 Apr, 2025 16:50:04 - Last modified time: 148
05 Apr, 2025 16:51:07 - 'Google Main Right Side' scraper is still running.
05 Apr, 2025 16:51:07 - Last modified time: 211
05 Apr, 2025 16:52:09 - 'Google Main Right Side' scraper is still running.
05 Apr, 2025 16:52:09 - Last modified time: 273
05 Apr, 2025 16:53:11 - 'Google Main Right Side' scraper is still running.
05 Apr, 2025 16:53:11 - Last modified time: 335
05 Apr, 2025 16:54:14 - 'Google Main Right Side' scraper is still running.
05 Apr, 2025 16:54:14 - Last modified time: 22
05 Apr, 2025 16:55:16 - 'Google Main Right Side' scraper is still running.
05 Apr, 2025 16:55:16 - Last modified time: 84
05 Apr, 2025 16:56:19 - 'Google Main Right Side' scraper is still running.
05 Apr, 2025 16:56:19 - Last modified time: 147
05 Apr, 2025 16:57:22 - 'Google Main Right Side' scraper is still running.
05 Apr, 2025 16:57:22 - Last modified time: 210
05 Apr, 2025 16:58:25 - 'Google Main Right Side' scraper is still running.
05 Apr, 2025 16:58:25 - Last modified time: 3
05 Apr, 2025 16:59:28 - 'Google Main Right Side' scraper is still running.
05 Apr, 2025 16:59:28 - Last modified time: 63
05 Apr, 2025 17:00:29 - 'Google Main Right Side' scraper is still running.
05 Apr, 2025 17:00:29 - Last modified time: 124
05 Apr, 2025 17:01:32 - 'Google Main Right Side' scraper is still running.
05 Apr, 2025 17:01:32 - Last modified time: 187
05 Apr, 2025 17:02:35 - 'Google Main Right Side' scraper is still running.
05 Apr, 2025 17:02:35 - Last modified time: 250
05 Apr, 2025 17:03:37 - 'Google Main Right Side' scraper is still running.
05 Apr, 2025 17:03:38 - Last modified time: 313
05 Apr, 2025 17:04:40 - 'Google Main Right Side' scraper is still running.
05 Apr, 2025 17:04:40 - Last modified time: 17
05 Apr, 2025 17:05:43 - 'Google Main Right Side' scraper is still running.
05 Apr, 2025 17:05:43 - Last modified time: 80
05 Apr, 2025 17:06:46 - 'Google Main Right Side' scraper is still running.
05 Apr, 2025 17:06:46 - Last modified time: 143
05 Apr, 2025 17:07:47 - 'Google Main Right Side' scraper is still running.
05 Apr, 2025 17:07:47 - Last modified time: 204
05 Apr, 2025 17:08:50 - 'Google Main Right Side' scraper is still running.
05 Apr, 2025 17:08:50 - Last modified time: 267
05 Apr, 2025 17:09:53 - 'Google Main Right Side' scraper is still running.
05 Apr, 2025 17:09:53 - Last modified time: 330
05 Apr, 2025 17:10:55 - 'Google Main Right Side' scraper is still running.
05 Apr, 2025 17:10:55 - Last modified time: 50
05 Apr, 2025 17:11:58 - 'Google Main Right Side' scraper is still running.
05 Apr, 2025 17:11:58 - Last modified time: 113
05 Apr, 2025 17:13:01 - 'Google Main Right Side' scraper is still running.
05 Apr, 2025 17:13:01 - Last modified time: 176
05 Apr, 2025 17:14:04 - 'Google Main Right Side' scraper is still running.
05 Apr, 2025 17:14:04 - Last modified time: 239
05 Apr, 2025 17:15:05 - 'Google Main Right Side' scraper is still running.
05 Apr, 2025 17:15:05 - Last modified time: 37
05 Apr, 2025 17:16:08 - 'Google Main Right Side' scraper is still running.
05 Apr, 2025 17:16:08 - Last modified time: 100
05 Apr, 2025 17:17:10 - 'Google Main Right Side' scraper is still running.
05 Apr, 2025 17:17:10 - Last modified time: 162
05 Apr, 2025 17:18:13 - 'Google Main Right Side' scraper is still running.
05 Apr, 2025 17:18:13 - Last modified time: 225
05 Apr, 2025 17:19:16 - 'Google Main Right Side' scraper is still running.
05 Apr, 2025 17:19:16 - Last modified time: 288
05 Apr, 2025 17:20:19 - 'Google Main Right Side' scraper is still running.
05 Apr, 2025 17:20:19 - Last modified time: 351
05 Apr, 2025 17:21:22 - 'Google Main Right Side' scraper is still running.
05 Apr, 2025 17:21:22 - Last modified time: 414
05 Apr, 2025 17:22:23 - 'Google Main Right Side' scraper is still running.
05 Apr, 2025 17:22:23 - Last modified time: 475
05 Apr, 2025 17:23:26 - 'Google Main Right Side' scraper is still running.
05 Apr, 2025 17:23:26 - Last modified time: 538
05 Apr, 2025 17:24:29 - 'Google Main Right Side' scraper is still running.
05 Apr, 2025 17:24:29 - Last modified time: 601
05 Apr, 2025 17:25:32 - 'Google Main Right Side' scraper is not running. Checking if it is stuck...
05 Apr, 2025 17:25:32 - Process finished. Restarting the process...
05 Apr, 2025 17:25:32 - 'Google Main Right Side' scraper started.
05 Apr, 2025 17:26:34 - 'Google Main Right Side' scraper is still running.
05 Apr, 2025 17:26:34 - Last modified time: 1
05 Apr, 2025 17:27:37 - 'Google Main Right Side' scraper is still running.
05 Apr, 2025 17:27:38 - Last modified time: 15
05 Apr, 2025 17:28:40 - 'Google Main Right Side' scraper is still running.
05 Apr, 2025 17:28:40 - Last modified time: 12
05 Apr, 2025 17:29:43 - 'Google Main Right Side' scraper is still running.
05 Apr, 2025 17:29:43 - Last modified time: 1
05 Apr, 2025 17:30:45 - 'Google Main Right Side' scraper is still running.
05 Apr, 2025 17:30:45 - Last modified time: 1
05 Apr, 2025 17:31:47 - 'Google Main Right Side' scraper is still running.
05 Apr, 2025 17:31:47 - Last modified time: -1
05 Apr, 2025 17:32:50 - 'Google Main Right Side' scraper is still running.
05 Apr, 2025 17:32:50 - Last modified time: 2
05 Apr, 2025 17:33:53 - 'Google Main Right Side' scraper is still running.
05 Apr, 2025 17:33:53 - Last modified time: 0
05 Apr, 2025 17:34:56 - 'Google Main Right Side' scraper is still running.
05 Apr, 2025 17:34:56 - Last modified time: 1
05 Apr, 2025 17:35:59 - 'Google Main Right Side' scraper is still running.
05 Apr, 2025 17:35:59 - Last modified time: 4
05 Apr, 2025 17:37:02 - 'Google Main Right Side' scraper is still running.
05 Apr, 2025 17:37:02 - Last modified time: 1
05 Apr, 2025 17:38:03 - 'Google Main Right Side' scraper is still running.
05 Apr, 2025 17:38:03 - Last modified time: 0
05 Apr, 2025 17:39:06 - 'Google Main Right Side' scraper is still running.
05 Apr, 2025 17:39:06 - Last modified time: 51
05 Apr, 2025 17:40:08 - 'Google Main Right Side' scraper is still running.
05 Apr, 2025 17:40:08 - Last modified time: 55
05 Apr, 2025 17:41:11 - 'Google Main Right Side' scraper is still running.
05 Apr, 2025 17:41:11 - Last modified time: 118
05 Apr, 2025 17:42:14 - 'Google Main Right Side' scraper is still running.
05 Apr, 2025 17:42:14 - Last modified time: 57
05 Apr, 2025 17:43:17 - 'Google Main Right Side' scraper is still running.
05 Apr, 2025 17:43:17 - Last modified time: 120
05 Apr, 2025 17:44:20 - 'Google Main Right Side' scraper is still running.
05 Apr, 2025 17:44:20 - Last modified time: 183
05 Apr, 2025 17:45:22 - 'Google Main Right Side' scraper is still running.
05 Apr, 2025 17:45:22 - Last modified time: 245
05 Apr, 2025 17:46:25 - 'Google Main Right Side' scraper is still running.
05 Apr, 2025 17:46:25 - Last modified time: 308
05 Apr, 2025 17:47:28 - 'Google Main Right Side' scraper is still running.
05 Apr, 2025 17:47:28 - Last modified time: 371
05 Apr, 2025 17:48:30 - 'Google Main Right Side' scraper is still running.
05 Apr, 2025 17:48:30 - Last modified time: 433
05 Apr, 2025 17:49:33 - 'Google Main Right Side' scraper is still running.
05 Apr, 2025 17:49:33 - Last modified time: 496
05 Apr, 2025 17:50:36 - 'Google Main Right Side' scraper is still running.
05 Apr, 2025 17:50:36 - Last modified time: 559
05 Apr, 2025 17:51:38 - 'Google Main Right Side' scraper is still running.
05 Apr, 2025 17:51:38 - Last modified time: 621
05 Apr, 2025 17:52:40 - 'Google Main Right Side' scraper is still running.
05 Apr, 2025 17:52:40 - Last modified time: 683
05 Apr, 2025 17:53:42 - 'Google Main Right Side' scraper is still running.
05 Apr, 2025 17:53:42 - Last modified time: 745
05 Apr, 2025 17:54:45 - 'Google Main Right Side' scraper is still running.
05 Apr, 2025 17:54:45 - Last modified time: 808
05 Apr, 2025 17:55:47 - 'Google Main Right Side' scraper is still running.
05 Apr, 2025 17:55:47 - Last modified time: 870
05 Apr, 2025 17:56:50 - 'Google Main Right Side' scraper is still running.
05 Apr, 2025 17:56:50 - Last modified time: 933
05 Apr, 2025 17:57:52 - 'Google Main Right Side' scraper is still running.
05 Apr, 2025 17:57:52 - Last modified time: 21
05 Apr, 2025 17:58:55 - 'Google Main Right Side' scraper is still running.
05 Apr, 2025 17:58:55 - Last modified time: 45
05 Apr, 2025 17:59:58 - 'Google Main Right Side' scraper is still running.
05 Apr, 2025 17:59:58 - Last modified time: 108
05 Apr, 2025 18:01:00 - 'Google Main Right Side' scraper is still running.
05 Apr, 2025 18:01:00 - Last modified time: 170
05 Apr, 2025 18:02:02 - 'Google Main Right Side' scraper is still running.
05 Apr, 2025 18:02:02 - Last modified time: 232
05 Apr, 2025 18:03:05 - 'Google Main Right Side' scraper is still running.
05 Apr, 2025 18:03:05 - Last modified time: 295
05 Apr, 2025 18:04:08 - 'Google Main Right Side' scraper is still running.
05 Apr, 2025 18:04:08 - Last modified time: 358
05 Apr, 2025 18:05:11 - 'Google Main Right Side' scraper is still running.
05 Apr, 2025 18:05:11 - Last modified time: 421
05 Apr, 2025 18:06:14 - 'Google Main Right Side' scraper is still running.
05 Apr, 2025 18:06:14 - Last modified time: 484
05 Apr, 2025 18:07:17 - 'Google Main Right Side' scraper is still running.
05 Apr, 2025 18:07:17 - Last modified time: 547
05 Apr, 2025 18:08:18 - 'Google Main Right Side' scraper is still running.
05 Apr, 2025 18:08:18 - Last modified time: 608
05 Apr, 2025 18:09:21 - 'Google Main Right Side' scraper is still running.
05 Apr, 2025 18:09:21 - Last modified time: 671
05 Apr, 2025 18:10:24 - 'Google Main Right Side' scraper is not running. Checking if it is stuck...
05 Apr, 2025 18:10:24 - Process finished. Restarting the process...
05 Apr, 2025 18:10:24 - 'Google Main Right Side' scraper started.
05 Apr, 2025 18:11:27 - 'Google Main Right Side' scraper is still running.
05 Apr, 2025 18:11:27 - Last modified time: 0
05 Apr, 2025 18:12:30 - 'Google Main Right Side' scraper is still running.
05 Apr, 2025 18:12:30 - Last modified time: 2
05 Apr, 2025 18:13:33 - 'Google Main Right Side' scraper is still running.
05 Apr, 2025 18:13:33 - Last modified time: 4
05 Apr, 2025 18:14:36 - 'Google Main Right Side' scraper is still running.
05 Apr, 2025 18:14:36 - Last modified time: 1
05 Apr, 2025 18:15:39 - 'Google Main Right Side' scraper is still running.
05 Apr, 2025 18:15:39 - Last modified time: 2
05 Apr, 2025 18:16:40 - 'Google Main Right Side' scraper is still running.
05 Apr, 2025 18:16:40 - Last modified time: 0
05 Apr, 2025 18:17:43 - 'Google Main Right Side' scraper is still running.
05 Apr, 2025 18:17:43 - Last modified time: 0
05 Apr, 2025 18:18:46 - 'Google Main Right Side' scraper is still running.
05 Apr, 2025 18:18:46 - Last modified time: 5
05 Apr, 2025 18:19:49 - 'Google Main Right Side' scraper is still running.
05 Apr, 2025 18:19:49 - Last modified time: 2
05 Apr, 2025 18:20:52 - 'Google Main Right Side' scraper is still running.
05 Apr, 2025 18:20:52 - Last modified time: 49
05 Apr, 2025 18:21:55 - 'Google Main Right Side' scraper is still running.
05 Apr, 2025 18:21:55 - Last modified time: 112
05 Apr, 2025 18:22:57 - 'Google Main Right Side' scraper is still running.
05 Apr, 2025 18:22:57 - Last modified time: 174
05 Apr, 2025 18:23:59 - 'Google Main Right Side' scraper is still running.
05 Apr, 2025 18:23:59 - Last modified time: 236
05 Apr, 2025 18:25:02 - 'Google Main Right Side' scraper is still running.
05 Apr, 2025 18:25:02 - Last modified time: 299
05 Apr, 2025 18:26:05 - 'Google Main Right Side' scraper is still running.
05 Apr, 2025 18:26:05 - Last modified time: 30
05 Apr, 2025 18:27:08 - 'Google Main Right Side' scraper is still running.
05 Apr, 2025 18:27:08 - Last modified time: 5
05 Apr, 2025 18:28:11 - 'Google Main Right Side' scraper is still running.
05 Apr, 2025 18:28:11 - Last modified time: 68
05 Apr, 2025 18:29:13 - 'Google Main Right Side' scraper is still running.
05 Apr, 2025 18:29:13 - Last modified time: 130
05 Apr, 2025 18:30:16 - 'Google Main Right Side' scraper is still running.
05 Apr, 2025 18:30:16 - Last modified time: 193
05 Apr, 2025 18:31:18 - 'Google Main Right Side' scraper is still running.
05 Apr, 2025 18:31:18 - Last modified time: 255
05 Apr, 2025 18:32:21 - 'Google Main Right Side' scraper is still running.
05 Apr, 2025 18:32:21 - Last modified time: 318
05 Apr, 2025 18:33:24 - 'Google Main Right Side' scraper is still running.
05 Apr, 2025 18:33:24 - Last modified time: 381
05 Apr, 2025 18:34:26 - 'Google Main Right Side' scraper is still running.
05 Apr, 2025 18:34:26 - Last modified time: 443
05 Apr, 2025 18:35:29 - 'Google Main Right Side' scraper is still running.
05 Apr, 2025 18:35:29 - Last modified time: 506
05 Apr, 2025 18:36:32 - 'Google Main Right Side' scraper is still running.
05 Apr, 2025 18:36:32 - Last modified time: 14
05 Apr, 2025 18:37:35 - 'Google Main Right Side' scraper is still running.
05 Apr, 2025 18:37:35 - Last modified time: 77
05 Apr, 2025 18:38:37 - 'Google Main Right Side' scraper is still running.
05 Apr, 2025 18:38:37 - Last modified time: 139
05 Apr, 2025 18:39:39 - 'Google Main Right Side' scraper is still running.
05 Apr, 2025 18:39:39 - Last modified time: 201
05 Apr, 2025 18:40:42 - 'Google Main Right Side' scraper is still running.
05 Apr, 2025 18:40:42 - Last modified time: 264
05 Apr, 2025 18:41:45 - 'Google Main Right Side' scraper is still running.
05 Apr, 2025 18:41:45 - Last modified time: 18
05 Apr, 2025 18:42:48 - 'Google Main Right Side' scraper is still running.
05 Apr, 2025 18:42:48 - Last modified time: 81
05 Apr, 2025 18:43:51 - 'Google Main Right Side' scraper is still running.
05 Apr, 2025 18:43:51 - Last modified time: 144
05 Apr, 2025 18:44:54 - 'Google Main Right Side' scraper is still running.
05 Apr, 2025 18:44:54 - Last modified time: 207
05 Apr, 2025 18:45:57 - 'Google Main Right Side' scraper is still running.
05 Apr, 2025 18:45:57 - Last modified time: 270
05 Apr, 2025 18:46:58 - 'Google Main Right Side' scraper is still running.
05 Apr, 2025 18:46:58 - Last modified time: 331
05 Apr, 2025 18:48:01 - 'Google Main Right Side' scraper is still running.
05 Apr, 2025 18:48:01 - Last modified time: 394
05 Apr, 2025 18:49:04 - 'Google Main Right Side' scraper is still running.
05 Apr, 2025 18:49:04 - Last modified time: 457
05 Apr, 2025 18:50:07 - 'Google Main Right Side' scraper is still running.
05 Apr, 2025 18:50:07 - Last modified time: 520
05 Apr, 2025 18:51:10 - 'Google Main Right Side' scraper is not running. Checking if it is stuck...
05 Apr, 2025 18:51:10 - Process finished. Restarting the process...
05 Apr, 2025 18:51:10 - 'Google Main Right Side' scraper started.
05 Apr, 2025 18:52:13 - 'Google Main Right Side' scraper is still running.
05 Apr, 2025 18:52:13 - Last modified time: 1
05 Apr, 2025 18:53:17 - 'Google Main Right Side' scraper is still running.
05 Apr, 2025 18:53:17 - Last modified time: 13
05 Apr, 2025 18:54:18 - 'Google Main Right Side' scraper is still running.
05 Apr, 2025 18:54:18 - Last modified time: -1
05 Apr, 2025 18:55:21 - 'Google Main Right Side' scraper is still running.
05 Apr, 2025 18:55:21 - Last modified time: 0
05 Apr, 2025 18:56:24 - 'Google Main Right Side' scraper is still running.
05 Apr, 2025 18:56:24 - Last modified time: 1
05 Apr, 2025 18:57:27 - 'Google Main Right Side' scraper is still running.
05 Apr, 2025 18:57:27 - Last modified time: 1
05 Apr, 2025 18:58:29 - 'Google Main Right Side' scraper is still running.
05 Apr, 2025 18:58:29 - Last modified time: 2
05 Apr, 2025 18:59:32 - 'Google Main Right Side' scraper is still running.
05 Apr, 2025 18:59:32 - Last modified time: 1
05 Apr, 2025 19:00:34 - 'Google Main Right Side' scraper is still running.
05 Apr, 2025 19:00:34 - Last modified time: 2
05 Apr, 2025 19:01:35 - 'Google Main Right Side' scraper is still running.
05 Apr, 2025 19:01:36 - Last modified time: 56
05 Apr, 2025 19:02:38 - 'Google Main Right Side' scraper is still running.
05 Apr, 2025 19:02:38 - Last modified time: 119
05 Apr, 2025 19:03:40 - 'Google Main Right Side' scraper is still running.
05 Apr, 2025 19:03:40 - Last modified time: 42
05 Apr, 2025 19:04:43 - 'Google Main Right Side' scraper is still running.
05 Apr, 2025 19:04:43 - Last modified time: 105
05 Apr, 2025 19:05:46 - 'Google Main Right Side' scraper is still running.
05 Apr, 2025 19:05:46 - Last modified time: 42
05 Apr, 2025 19:06:49 - 'Google Main Right Side' scraper is still running.
05 Apr, 2025 19:06:49 - Last modified time: 105
05 Apr, 2025 19:07:51 - 'Google Main Right Side' scraper is still running.
05 Apr, 2025 19:07:51 - Last modified time: 167
05 Apr, 2025 19:08:52 - 'Google Main Right Side' scraper is still running.
05 Apr, 2025 19:08:52 - Last modified time: 18
05 Apr, 2025 19:09:55 - 'Google Main Right Side' scraper is still running.
05 Apr, 2025 19:09:55 - Last modified time: 81
05 Apr, 2025 19:10:58 - 'Google Main Right Side' scraper is still running.
05 Apr, 2025 19:10:58 - Last modified time: 14
05 Apr, 2025 19:12:01 - 'Google Main Right Side' scraper is still running.
05 Apr, 2025 19:12:01 - Last modified time: 77
05 Apr, 2025 19:13:04 - 'Google Main Right Side' scraper is still running.
05 Apr, 2025 19:13:04 - Last modified time: 55
05 Apr, 2025 19:14:07 - 'Google Main Right Side' scraper is still running.
05 Apr, 2025 19:14:07 - Last modified time: 118
05 Apr, 2025 19:15:10 - 'Google Main Right Side' scraper is still running.
05 Apr, 2025 19:15:10 - Last modified time: 181
05 Apr, 2025 19:16:13 - 'Google Main Right Side' scraper is still running.
05 Apr, 2025 19:16:13 - Last modified time: 244
05 Apr, 2025 19:17:14 - 'Google Main Right Side' scraper is still running.
05 Apr, 2025 19:17:14 - Last modified time: 305
05 Apr, 2025 19:18:17 - 'Google Main Right Side' scraper is still running.
05 Apr, 2025 19:18:17 - Last modified time: 368
05 Apr, 2025 19:19:20 - 'Google Main Right Side' scraper is still running.
05 Apr, 2025 19:19:20 - Last modified time: 5
05 Apr, 2025 19:20:23 - 'Google Main Right Side' scraper is not running. Checking if it is stuck...
05 Apr, 2025 19:20:23 - Process finished. Restarting the process...
05 Apr, 2025 19:20:23 - 'Google Main Right Side' scraper started.
05 Apr, 2025 19:21:26 - 'Google Main Right Side' scraper is still running.
05 Apr, 2025 19:21:26 - Last modified time: 0
05 Apr, 2025 19:22:30 - 'Google Main Right Side' scraper is still running.
05 Apr, 2025 19:22:30 - Last modified time: 1
05 Apr, 2025 19:23:33 - 'Google Main Right Side' scraper is still running.
05 Apr, 2025 19:23:33 - Last modified time: 1
05 Apr, 2025 19:24:35 - 'Google Main Right Side' scraper is still running.
05 Apr, 2025 19:24:35 - Last modified time: 0
05 Apr, 2025 19:25:38 - 'Google Main Right Side' scraper is still running.
05 Apr, 2025 19:25:38 - Last modified time: 1
05 Apr, 2025 19:26:41 - 'Google Main Right Side' scraper is still running.
05 Apr, 2025 19:26:41 - Last modified time: 3
05 Apr, 2025 19:27:44 - 'Google Main Right Side' scraper is still running.
05 Apr, 2025 19:27:44 - Last modified time: 6
05 Apr, 2025 19:28:47 - 'Google Main Right Side' scraper is still running.
05 Apr, 2025 19:28:47 - Last modified time: 1
05 Apr, 2025 19:29:50 - 'Google Main Right Side' scraper is still running.
05 Apr, 2025 19:29:50 - Last modified time: 3
05 Apr, 2025 19:30:53 - 'Google Main Right Side' scraper is still running.
05 Apr, 2025 19:30:53 - Last modified time: 51
05 Apr, 2025 19:31:54 - 'Google Main Right Side' scraper is still running.
05 Apr, 2025 19:31:55 - Last modified time: 113
05 Apr, 2025 19:32:57 - 'Google Main Right Side' scraper is still running.
05 Apr, 2025 19:32:58 - Last modified time: 175
05 Apr, 2025 19:34:00 - 'Google Main Right Side' scraper is still running.
05 Apr, 2025 19:34:00 - Last modified time: 44
05 Apr, 2025 19:35:03 - 'Google Main Right Side' scraper is still running.
05 Apr, 2025 19:35:03 - Last modified time: 107
05 Apr, 2025 19:36:06 - 'Google Main Right Side' scraper is still running.
05 Apr, 2025 19:36:06 - Last modified time: 170
05 Apr, 2025 19:37:09 - 'Google Main Right Side' scraper is still running.
05 Apr, 2025 19:37:10 - Last modified time: 233
05 Apr, 2025 19:38:13 - 'Google Main Right Side' scraper is still running.
05 Apr, 2025 19:38:13 - Last modified time: 297
05 Apr, 2025 19:39:16 - 'Google Main Right Side' scraper is still running.
05 Apr, 2025 19:39:16 - Last modified time: 360
05 Apr, 2025 19:40:17 - 'Google Main Right Side' scraper is still running.
05 Apr, 2025 19:40:17 - Last modified time: 421
05 Apr, 2025 19:41:20 - 'Google Main Right Side' scraper is still running.
05 Apr, 2025 19:41:20 - Last modified time: 35
05 Apr, 2025 19:42:23 - 'Google Main Right Side' scraper is still running.
05 Apr, 2025 19:42:23 - Last modified time: 98
05 Apr, 2025 19:43:26 - 'Google Main Right Side' scraper is still running.
05 Apr, 2025 19:43:26 - Last modified time: 161
05 Apr, 2025 19:44:28 - 'Google Main Right Side' scraper is still running.
05 Apr, 2025 19:44:28 - Last modified time: 223
05 Apr, 2025 19:45:30 - 'Google Main Right Side' scraper is still running.
05 Apr, 2025 19:45:30 - Last modified time: 285
05 Apr, 2025 19:46:33 - 'Google Main Right Side' scraper is still running.
05 Apr, 2025 19:46:33 - Last modified time: 348
05 Apr, 2025 19:47:34 - 'Google Main Right Side' scraper is still running.
05 Apr, 2025 19:47:34 - Last modified time: 409
05 Apr, 2025 19:48:37 - 'Google Main Right Side' scraper is still running.
05 Apr, 2025 19:48:37 - Last modified time: 472
05 Apr, 2025 19:49:40 - 'Google Main Right Side' scraper is still running.
05 Apr, 2025 19:49:40 - Last modified time: 535
05 Apr, 2025 19:50:43 - 'Google Main Right Side' scraper is still running.
05 Apr, 2025 19:50:43 - Last modified time: 598
05 Apr, 2025 19:51:46 - 'Google Main Right Side' scraper is still running.
05 Apr, 2025 19:51:46 - Last modified time: 661
05 Apr, 2025 19:52:49 - 'Google Main Right Side' scraper is still running.
05 Apr, 2025 19:52:49 - Last modified time: 724
05 Apr, 2025 19:53:52 - 'Google Main Right Side' scraper is still running.
05 Apr, 2025 19:53:52 - Last modified time: 787
05 Apr, 2025 19:54:53 - 'Google Main Right Side' scraper is still running.
05 Apr, 2025 19:54:53 - Last modified time: 848
05 Apr, 2025 19:55:56 - 'Google Main Right Side' scraper is still running.
05 Apr, 2025 19:55:56 - Last modified time: 911
05 Apr, 2025 19:56:59 - 'Google Main Right Side' scraper is still running.
05 Apr, 2025 19:56:59 - Last modified time: 974
05 Apr, 2025 19:58:02 - 'Google Main Right Side' scraper is still running.
05 Apr, 2025 19:58:02 - Last modified time: 1037
05 Apr, 2025 19:59:04 - 'Google Main Right Side' scraper is still running.
05 Apr, 2025 19:59:05 - Last modified time: 1100
05 Apr, 2025 20:00:08 - 'Google Main Right Side' scraper is still running.
05 Apr, 2025 20:00:08 - Last modified time: 1163
05 Apr, 2025 20:01:11 - 'Google Main Right Side' scraper is not running. Checking if it is stuck...
05 Apr, 2025 20:01:11 - Process finished. Restarting the process...
05 Apr, 2025 20:01:11 - 'Google Main Right Side' scraper started.
05 Apr, 2025 20:02:12 - 'Google Main Right Side' scraper is still running.
05 Apr, 2025 20:02:12 - Last modified time: 1
05 Apr, 2025 20:03:15 - 'Google Main Right Side' scraper is still running.
05 Apr, 2025 20:03:16 - Last modified time: 1
05 Apr, 2025 20:04:19 - 'Google Main Right Side' scraper is still running.
05 Apr, 2025 20:04:19 - Last modified time: 3
05 Apr, 2025 20:05:22 - 'Google Main Right Side' scraper is still running.
05 Apr, 2025 20:05:22 - Last modified time: 0
05 Apr, 2025 20:06:25 - 'Google Main Right Side' scraper is still running.
05 Apr, 2025 20:06:25 - Last modified time: 1
05 Apr, 2025 20:07:28 - 'Google Main Right Side' scraper is still running.
05 Apr, 2025 20:07:28 - Last modified time: 1
05 Apr, 2025 20:08:31 - 'Google Main Right Side' scraper is still running.
05 Apr, 2025 20:08:31 - Last modified time: 1
05 Apr, 2025 20:09:34 - 'Google Main Right Side' scraper is still running.
05 Apr, 2025 20:09:34 - Last modified time: 3
05 Apr, 2025 20:10:35 - 'Google Main Right Side' scraper is still running.
05 Apr, 2025 20:10:36 - Last modified time: 5
05 Apr, 2025 20:11:39 - 'Google Main Right Side' scraper is still running.
05 Apr, 2025 20:11:39 - Last modified time: 53
05 Apr, 2025 20:12:42 - 'Google Main Right Side' scraper is still running.
05 Apr, 2025 20:12:42 - Last modified time: 116
05 Apr, 2025 20:13:45 - 'Google Main Right Side' scraper is still running.
05 Apr, 2025 20:13:45 - Last modified time: 179
05 Apr, 2025 20:14:48 - 'Google Main Right Side' scraper is still running.
05 Apr, 2025 20:14:48 - Last modified time: 242
05 Apr, 2025 20:15:51 - 'Google Main Right Side' scraper is still running.
05 Apr, 2025 20:15:51 - Last modified time: 305
05 Apr, 2025 20:16:54 - 'Google Main Right Side' scraper is still running.
05 Apr, 2025 20:16:54 - Last modified time: 368
05 Apr, 2025 20:17:55 - 'Google Main Right Side' scraper is still running.
05 Apr, 2025 20:17:55 - Last modified time: 429
05 Apr, 2025 20:18:58 - 'Google Main Right Side' scraper is still running.
05 Apr, 2025 20:18:58 - Last modified time: 492
05 Apr, 2025 20:20:01 - 'Google Main Right Side' scraper is still running.
05 Apr, 2025 20:20:01 - Last modified time: 555
05 Apr, 2025 20:21:04 - 'Google Main Right Side' scraper is still running.
05 Apr, 2025 20:21:04 - Last modified time: 618
05 Apr, 2025 20:22:07 - 'Google Main Right Side' scraper is still running.
05 Apr, 2025 20:22:07 - Last modified time: 681
05 Apr, 2025 20:23:11 - 'Google Main Right Side' scraper is still running.
05 Apr, 2025 20:23:11 - Last modified time: 745
05 Apr, 2025 20:24:14 - 'Google Main Right Side' scraper is still running.
05 Apr, 2025 20:24:14 - Last modified time: 34
05 Apr, 2025 20:25:15 - 'Google Main Right Side' scraper is still running.
05 Apr, 2025 20:25:15 - Last modified time: 95
05 Apr, 2025 20:26:18 - 'Google Main Right Side' scraper is still running.
05 Apr, 2025 20:26:18 - Last modified time: 39
05 Apr, 2025 20:27:21 - 'Google Main Right Side' scraper is still running.
05 Apr, 2025 20:27:21 - Last modified time: 102
05 Apr, 2025 20:28:24 - 'Google Main Right Side' scraper is still running.
05 Apr, 2025 20:28:24 - Last modified time: 165
05 Apr, 2025 20:29:27 - 'Google Main Right Side' scraper is still running.
05 Apr, 2025 20:29:27 - Last modified time: 228
05 Apr, 2025 20:30:30 - 'Google Main Right Side' scraper is still running.
05 Apr, 2025 20:30:30 - Last modified time: 291
05 Apr, 2025 20:31:33 - 'Google Main Right Side' scraper is still running.
05 Apr, 2025 20:31:33 - Last modified time: 354
05 Apr, 2025 20:32:35 - 'Google Main Right Side' scraper is still running.
05 Apr, 2025 20:32:35 - Last modified time: 416
05 Apr, 2025 20:33:38 - 'Google Main Right Side' scraper is still running.
05 Apr, 2025 20:33:38 - Last modified time: 479
05 Apr, 2025 20:34:41 - 'Google Main Right Side' scraper is still running.
05 Apr, 2025 20:34:41 - Last modified time: 542
05 Apr, 2025 20:35:44 - 'Google Main Right Side' scraper is still running.
05 Apr, 2025 20:35:44 - Last modified time: 605
05 Apr, 2025 20:36:47 - 'Google Main Right Side' scraper is still running.
05 Apr, 2025 20:36:47 - Last modified time: 668
05 Apr, 2025 20:37:50 - 'Google Main Right Side' scraper is still running.
05 Apr, 2025 20:37:50 - Last modified time: 19
05 Apr, 2025 20:38:53 - 'Google Main Right Side' scraper is still running.
05 Apr, 2025 20:38:53 - Last modified time: 82
05 Apr, 2025 20:39:56 - 'Google Main Right Side' scraper is not running. Checking if it is stuck...
05 Apr, 2025 20:39:56 - Process finished. Restarting the process...
05 Apr, 2025 20:39:56 - 'Google Main Right Side' scraper started.
05 Apr, 2025 20:40:58 - 'Google Main Right Side' scraper is still running.
05 Apr, 2025 20:40:58 - Last modified time: 1
05 Apr, 2025 20:42:02 - 'Google Main Right Side' scraper is still running.
05 Apr, 2025 20:42:02 - Last modified time: 9
05 Apr, 2025 20:43:05 - 'Google Main Right Side' scraper is still running.
05 Apr, 2025 20:43:05 - Last modified time: 1
05 Apr, 2025 20:44:08 - 'Google Main Right Side' scraper is still running.
05 Apr, 2025 20:44:08 - Last modified time: 0
05 Apr, 2025 20:45:11 - 'Google Main Right Side' scraper is still running.
05 Apr, 2025 20:45:11 - Last modified time: 1
05 Apr, 2025 20:46:14 - 'Google Main Right Side' scraper is still running.
05 Apr, 2025 20:46:14 - Last modified time: 2
05 Apr, 2025 20:47:17 - 'Google Main Right Side' scraper is still running.
05 Apr, 2025 20:47:17 - Last modified time: 1
05 Apr, 2025 20:48:19 - 'Google Main Right Side' scraper is still running.
05 Apr, 2025 20:48:19 - Last modified time: 0
05 Apr, 2025 20:49:22 - 'Google Main Right Side' scraper is still running.
05 Apr, 2025 20:49:22 - Last modified time: 6
05 Apr, 2025 20:50:25 - 'Google Main Right Side' scraper is still running.
05 Apr, 2025 20:50:25 - Last modified time: 44
05 Apr, 2025 20:51:29 - 'Google Main Right Side' scraper is still running.
05 Apr, 2025 20:51:29 - Last modified time: 108
05 Apr, 2025 20:52:32 - 'Google Main Right Side' scraper is still running.
05 Apr, 2025 20:52:32 - Last modified time: 171
05 Apr, 2025 20:53:35 - 'Google Main Right Side' scraper is still running.
05 Apr, 2025 20:53:35 - Last modified time: 49
05 Apr, 2025 20:54:38 - 'Google Main Right Side' scraper is still running.
05 Apr, 2025 20:54:38 - Last modified time: 112
05 Apr, 2025 20:55:41 - 'Google Main Right Side' scraper is still running.
05 Apr, 2025 20:55:41 - Last modified time: 60
05 Apr, 2025 20:56:43 - 'Google Main Right Side' scraper is still running.
05 Apr, 2025 20:56:43 - Last modified time: 122
05 Apr, 2025 20:57:46 - 'Google Main Right Side' scraper is still running.
05 Apr, 2025 20:57:46 - Last modified time: 55
05 Apr, 2025 20:58:49 - 'Google Main Right Side' scraper is still running.
05 Apr, 2025 20:58:49 - Last modified time: 118
05 Apr, 2025 20:59:52 - 'Google Main Right Side' scraper is still running.
05 Apr, 2025 20:59:52 - Last modified time: 181
05 Apr, 2025 21:00:55 - 'Google Main Right Side' scraper is still running.
05 Apr, 2025 21:00:55 - Last modified time: 244
05 Apr, 2025 21:01:58 - 'Google Main Right Side' scraper is still running.
05 Apr, 2025 21:01:58 - Last modified time: 307
05 Apr, 2025 21:03:02 - 'Google Main Right Side' scraper is still running.
05 Apr, 2025 21:03:02 - Last modified time: 371
05 Apr, 2025 21:04:03 - 'Google Main Right Side' scraper is still running.
05 Apr, 2025 21:04:03 - Last modified time: 432
05 Apr, 2025 21:05:06 - 'Google Main Right Side' scraper is still running.
05 Apr, 2025 21:05:06 - Last modified time: 495
05 Apr, 2025 21:06:09 - 'Google Main Right Side' scraper is still running.
05 Apr, 2025 21:06:09 - Last modified time: 558
05 Apr, 2025 21:07:12 - 'Google Main Right Side' scraper is still running.
05 Apr, 2025 21:07:12 - Last modified time: 621
05 Apr, 2025 21:08:16 - 'Google Main Right Side' scraper is still running.
05 Apr, 2025 21:08:16 - Last modified time: 685
05 Apr, 2025 21:09:19 - 'Google Main Right Side' scraper is still running.
05 Apr, 2025 21:09:19 - Last modified time: 748
05 Apr, 2025 21:10:22 - 'Google Main Right Side' scraper is still running.
05 Apr, 2025 21:10:22 - Last modified time: 811
05 Apr, 2025 21:11:24 - 'Google Main Right Side' scraper is still running.
05 Apr, 2025 21:11:24 - Last modified time: 873
05 Apr, 2025 21:12:27 - 'Google Main Right Side' scraper is still running.
05 Apr, 2025 21:12:27 - Last modified time: 936
05 Apr, 2025 21:13:30 - 'Google Main Right Side' scraper is still running.
05 Apr, 2025 21:13:30 - Last modified time: 48
05 Apr, 2025 21:14:33 - 'Google Main Right Side' scraper is still running.
05 Apr, 2025 21:14:33 - Last modified time: 111
05 Apr, 2025 21:15:37 - 'Google Main Right Side' scraper is still running.
05 Apr, 2025 21:15:37 - Last modified time: 175
05 Apr, 2025 21:16:40 - 'Google Main Right Side' scraper is still running.
05 Apr, 2025 21:16:40 - Last modified time: 238
05 Apr, 2025 21:17:43 - 'Google Main Right Side' scraper is still running.
05 Apr, 2025 21:17:43 - Last modified time: 301
05 Apr, 2025 21:18:44 - 'Google Main Right Side' scraper is still running.
05 Apr, 2025 21:18:44 - Last modified time: 362
05 Apr, 2025 21:19:48 - 'Google Main Right Side' scraper is still running.
05 Apr, 2025 21:19:48 - Last modified time: 426
05 Apr, 2025 21:20:51 - 'Google Main Right Side' scraper is still running.
05 Apr, 2025 21:20:51 - Last modified time: 489
05 Apr, 2025 21:21:54 - 'Google Main Right Side' scraper is still running.
05 Apr, 2025 21:21:54 - Last modified time: 552
05 Apr, 2025 21:22:57 - 'Google Main Right Side' scraper is still running.
05 Apr, 2025 21:22:57 - Last modified time: 615
05 Apr, 2025 21:24:00 - 'Google Main Right Side' scraper is still running.
05 Apr, 2025 21:24:00 - Last modified time: 678
05 Apr, 2025 21:25:03 - 'Google Main Right Side' scraper is still running.
05 Apr, 2025 21:25:03 - Last modified time: 741
05 Apr, 2025 21:26:06 - 'Google Main Right Side' scraper is still running.
05 Apr, 2025 21:26:06 - Last modified time: 804
05 Apr, 2025 21:27:08 - 'Google Main Right Side' scraper is still running.
05 Apr, 2025 21:27:08 - Last modified time: 866
05 Apr, 2025 21:28:11 - 'Google Main Right Side' scraper is still running.
05 Apr, 2025 21:28:11 - Last modified time: 929
05 Apr, 2025 21:29:14 - 'Google Main Right Side' scraper is still running.
05 Apr, 2025 21:29:14 - Last modified time: 992
05 Apr, 2025 21:30:17 - 'Google Main Right Side' scraper is still running.
05 Apr, 2025 21:30:17 - Last modified time: 1055
05 Apr, 2025 21:31:20 - 'Google Main Right Side' scraper is still running.
05 Apr, 2025 21:31:20 - Last modified time: 1118
05 Apr, 2025 21:32:23 - 'Google Main Right Side' scraper is still running.
05 Apr, 2025 21:32:23 - Last modified time: 1181
05 Apr, 2025 21:33:27 - 'Google Main Right Side' scraper is still running.
05 Apr, 2025 21:33:27 - Last modified time: 1245
05 Apr, 2025 21:34:28 - 'Google Main Right Side' scraper is still running.
05 Apr, 2025 21:34:28 - Last modified time: 1306
05 Apr, 2025 21:35:32 - 'Google Main Right Side' scraper is still running.
05 Apr, 2025 21:35:32 - Last modified time: 1370
05 Apr, 2025 21:36:35 - 'Google Main Right Side' scraper is still running.
05 Apr, 2025 21:36:35 - Last modified time: 1433
05 Apr, 2025 21:37:38 - 'Google Main Right Side' scraper is not running. Checking if it is stuck...
05 Apr, 2025 21:37:38 - Process finished. Restarting the process...
05 Apr, 2025 21:37:38 - 'Google Main Right Side' scraper started.
05 Apr, 2025 21:38:40 - 'Google Main Right Side' scraper is still running.
05 Apr, 2025 21:38:40 - Last modified time: 1
05 Apr, 2025 21:39:43 - 'Google Main Right Side' scraper is still running.
05 Apr, 2025 21:39:43 - Last modified time: 4
05 Apr, 2025 21:40:46 - 'Google Main Right Side' scraper is still running.
05 Apr, 2025 21:40:46 - Last modified time: 4
05 Apr, 2025 21:41:47 - 'Google Main Right Side' scraper is still running.
05 Apr, 2025 21:41:47 - Last modified time: 0
05 Apr, 2025 21:42:50 - 'Google Main Right Side' scraper is still running.
05 Apr, 2025 21:42:50 - Last modified time: 1
05 Apr, 2025 21:43:52 - 'Google Main Right Side' scraper is still running.
05 Apr, 2025 21:43:52 - Last modified time: 47
05 Apr, 2025 21:44:55 - 'Google Main Right Side' scraper is still running.
05 Apr, 2025 21:44:55 - Last modified time: 110
05 Apr, 2025 21:45:57 - 'Google Main Right Side' scraper is still running.
05 Apr, 2025 21:45:57 - Last modified time: 172
05 Apr, 2025 21:47:00 - 'Google Main Right Side' scraper is still running.
05 Apr, 2025 21:47:00 - Last modified time: 235
05 Apr, 2025 21:48:03 - 'Google Main Right Side' scraper is still running.
05 Apr, 2025 21:48:03 - Last modified time: 298
05 Apr, 2025 21:49:04 - 'Google Main Right Side' scraper is still running.
05 Apr, 2025 21:49:04 - Last modified time: 359
05 Apr, 2025 21:50:07 - 'Google Main Right Side' scraper is still running.
05 Apr, 2025 21:50:07 - Last modified time: 422
05 Apr, 2025 21:51:11 - 'Google Main Right Side' scraper is still running.
05 Apr, 2025 21:51:11 - Last modified time: 486
05 Apr, 2025 21:52:14 - 'Google Main Right Side' scraper is still running.
05 Apr, 2025 21:52:14 - Last modified time: 549
05 Apr, 2025 21:53:16 - 'Google Main Right Side' scraper is still running.
05 Apr, 2025 21:53:17 - Last modified time: 611
05 Apr, 2025 21:54:20 - 'Google Main Right Side' scraper is still running.
05 Apr, 2025 21:54:20 - Last modified time: 675
05 Apr, 2025 21:55:23 - 'Google Main Right Side' scraper is still running.
05 Apr, 2025 21:55:23 - Last modified time: 738
05 Apr, 2025 21:56:26 - 'Google Main Right Side' scraper is still running.
05 Apr, 2025 21:56:26 - Last modified time: 801
05 Apr, 2025 21:57:28 - 'Google Main Right Side' scraper is not running. Checking if it is stuck...
05 Apr, 2025 21:57:28 - Process finished. Restarting the process...
05 Apr, 2025 21:57:28 - 'Google Main Right Side' scraper started.
05 Apr, 2025 21:58:31 - 'Google Main Right Side' scraper is still running.
05 Apr, 2025 21:58:31 - Last modified time: 2
05 Apr, 2025 21:59:34 - 'Google Main Right Side' scraper is still running.
05 Apr, 2025 21:59:34 - Last modified time: 1
05 Apr, 2025 22:00:38 - 'Google Main Right Side' scraper is still running.
05 Apr, 2025 22:00:38 - Last modified time: 59
05 Apr, 2025 22:01:41 - 'Google Main Right Side' scraper is still running.
05 Apr, 2025 22:01:41 - Last modified time: 122
05 Apr, 2025 22:02:44 - 'Google Main Right Side' scraper is still running.
05 Apr, 2025 22:02:44 - Last modified time: 1
05 Apr, 2025 22:03:47 - 'Google Main Right Side' scraper is still running.
05 Apr, 2025 22:03:47 - Last modified time: 1
05 Apr, 2025 22:04:49 - 'Google Main Right Side' scraper is still running.
05 Apr, 2025 22:04:49 - Last modified time: 0
05 Apr, 2025 22:05:52 - 'Google Main Right Side' scraper is still running.
05 Apr, 2025 22:05:52 - Last modified time: 0
05 Apr, 2025 22:06:55 - 'Google Main Right Side' scraper is still running.
05 Apr, 2025 22:06:55 - Last modified time: 0
05 Apr, 2025 22:07:58 - 'Google Main Right Side' scraper is still running.
05 Apr, 2025 22:07:59 - Last modified time: 1
05 Apr, 2025 22:09:02 - 'Google Main Right Side' scraper is still running.
05 Apr, 2025 22:09:02 - Last modified time: 3
05 Apr, 2025 22:10:05 - 'Google Main Right Side' scraper is still running.
05 Apr, 2025 22:10:05 - Last modified time: 1
05 Apr, 2025 22:11:08 - 'Google Main Right Side' scraper is still running.
05 Apr, 2025 22:11:08 - Last modified time: 1
05 Apr, 2025 22:12:10 - 'Google Main Right Side' scraper is still running.
05 Apr, 2025 22:12:10 - Last modified time: 0
05 Apr, 2025 22:13:13 - 'Google Main Right Side' scraper is still running.
05 Apr, 2025 22:13:13 - Last modified time: 0
05 Apr, 2025 22:14:16 - 'Google Main Right Side' scraper is still running.
05 Apr, 2025 22:14:16 - Last modified time: 0
05 Apr, 2025 22:15:19 - 'Google Main Right Side' scraper is still running.
05 Apr, 2025 22:15:19 - Last modified time: 0
05 Apr, 2025 22:16:23 - 'Google Main Right Side' scraper is still running.
05 Apr, 2025 22:16:23 - Last modified time: 2
05 Apr, 2025 22:17:26 - 'Google Main Right Side' scraper is still running.
05 Apr, 2025 22:17:26 - Last modified time: 1
05 Apr, 2025 22:18:29 - 'Google Main Right Side' scraper is still running.
05 Apr, 2025 22:18:29 - Last modified time: 27
05 Apr, 2025 22:19:31 - 'Google Main Right Side' scraper is still running.
05 Apr, 2025 22:19:31 - Last modified time: 89
05 Apr, 2025 22:20:34 - 'Google Main Right Side' scraper is still running.
05 Apr, 2025 22:20:34 - Last modified time: 152
05 Apr, 2025 22:21:37 - 'Google Main Right Side' scraper is still running.
05 Apr, 2025 22:21:37 - Last modified time: 215
05 Apr, 2025 22:22:40 - 'Google Main Right Side' scraper is still running.
05 Apr, 2025 22:22:40 - Last modified time: 278
05 Apr, 2025 22:23:43 - 'Google Main Right Side' scraper is still running.
05 Apr, 2025 22:23:43 - Last modified time: 341
05 Apr, 2025 22:24:46 - 'Google Main Right Side' scraper is still running.
05 Apr, 2025 22:24:46 - Last modified time: 404
05 Apr, 2025 22:25:49 - 'Google Main Right Side' scraper is still running.
05 Apr, 2025 22:25:49 - Last modified time: 467
05 Apr, 2025 22:26:51 - 'Google Main Right Side' scraper is still running.
05 Apr, 2025 22:26:51 - Last modified time: 25
05 Apr, 2025 22:27:53 - 'Google Main Right Side' scraper is still running.
05 Apr, 2025 22:27:53 - Last modified time: 52
05 Apr, 2025 22:28:56 - 'Google Main Right Side' scraper is still running.
05 Apr, 2025 22:28:56 - Last modified time: 26
05 Apr, 2025 22:29:59 - 'Google Main Right Side' scraper is still running.
05 Apr, 2025 22:29:59 - Last modified time: 89
05 Apr, 2025 22:31:02 - 'Google Main Right Side' scraper is still running.
05 Apr, 2025 22:31:02 - Last modified time: 152
05 Apr, 2025 22:32:05 - 'Google Main Right Side' scraper is still running.
05 Apr, 2025 22:32:05 - Last modified time: 13
05 Apr, 2025 22:33:08 - 'Google Main Right Side' scraper is still running.
05 Apr, 2025 22:33:08 - Last modified time: 76
05 Apr, 2025 22:34:11 - 'Google Main Right Side' scraper is still running.
05 Apr, 2025 22:34:11 - Last modified time: 139
05 Apr, 2025 22:35:12 - 'Google Main Right Side' scraper is still running.
05 Apr, 2025 22:35:12 - Last modified time: 19
05 Apr, 2025 22:36:15 - 'Google Main Right Side' scraper is still running.
05 Apr, 2025 22:36:15 - Last modified time: 82
05 Apr, 2025 22:37:19 - 'Google Main Right Side' scraper is not running. Checking if it is stuck...
05 Apr, 2025 22:37:19 - Process finished. Restarting the process...
05 Apr, 2025 22:37:19 - 'Google Main Right Side' scraper started.
05 Apr, 2025 22:38:22 - 'Google Main Right Side' scraper is still running.
05 Apr, 2025 22:38:22 - Last modified time: 1
05 Apr, 2025 22:39:25 - 'Google Main Right Side' scraper is still running.
05 Apr, 2025 22:39:25 - Last modified time: 4
05 Apr, 2025 22:40:28 - 'Google Main Right Side' scraper is still running.
05 Apr, 2025 22:40:28 - Last modified time: 21
05 Apr, 2025 22:41:32 - 'Google Main Right Side' scraper is still running.
05 Apr, 2025 22:41:32 - Last modified time: 6
05 Apr, 2025 22:42:33 - 'Google Main Right Side' scraper is still running.
05 Apr, 2025 22:42:33 - Last modified time: 0
05 Apr, 2025 22:43:36 - 'Google Main Right Side' scraper is still running.
05 Apr, 2025 22:43:36 - Last modified time: 2
05 Apr, 2025 22:44:40 - 'Google Main Right Side' scraper is still running.
05 Apr, 2025 22:44:40 - Last modified time: 5
05 Apr, 2025 22:45:43 - 'Google Main Right Side' scraper is still running.
05 Apr, 2025 22:45:43 - Last modified time: 1
05 Apr, 2025 22:46:46 - 'Google Main Right Side' scraper is still running.
05 Apr, 2025 22:46:46 - Last modified time: 1
05 Apr, 2025 22:47:48 - 'Google Main Right Side' scraper is still running.
05 Apr, 2025 22:47:48 - Last modified time: 0
05 Apr, 2025 22:48:51 - 'Google Main Right Side' scraper is still running.
05 Apr, 2025 22:48:51 - Last modified time: 2
05 Apr, 2025 22:49:54 - 'Google Main Right Side' scraper is still running.
05 Apr, 2025 22:49:54 - Last modified time: 6
05 Apr, 2025 22:50:56 - 'Google Main Right Side' scraper is still running.
05 Apr, 2025 22:50:56 - Last modified time: 0
05 Apr, 2025 22:51:59 - 'Google Main Right Side' scraper is still running.
05 Apr, 2025 22:51:59 - Last modified time: 1
05 Apr, 2025 22:53:02 - 'Google Main Right Side' scraper is still running.
05 Apr, 2025 22:53:02 - Last modified time: 1
05 Apr, 2025 22:54:05 - 'Google Main Right Side' scraper is still running.
05 Apr, 2025 22:54:05 - Last modified time: 4
05 Apr, 2025 22:55:08 - 'Google Main Right Side' scraper is still running.
05 Apr, 2025 22:55:08 - Last modified time: 5
05 Apr, 2025 22:56:11 - 'Google Main Right Side' scraper is still running.
05 Apr, 2025 22:56:11 - Last modified time: 1
05 Apr, 2025 22:57:14 - 'Google Main Right Side' scraper is still running.
05 Apr, 2025 22:57:14 - Last modified time: 13
05 Apr, 2025 22:58:16 - 'Google Main Right Side' scraper is still running.
05 Apr, 2025 22:58:16 - Last modified time: 75
05 Apr, 2025 22:59:19 - 'Google Main Right Side' scraper is still running.
05 Apr, 2025 22:59:19 - Last modified time: 43
05 Apr, 2025 23:00:22 - 'Google Main Right Side' scraper is still running.
05 Apr, 2025 23:00:22 - Last modified time: 106
05 Apr, 2025 23:01:26 - 'Google Main Right Side' scraper is still running.
05 Apr, 2025 23:01:26 - Last modified time: 170
05 Apr, 2025 23:02:29 - 'Google Main Right Side' scraper is still running.
05 Apr, 2025 23:02:29 - Last modified time: 233
05 Apr, 2025 23:03:32 - 'Google Main Right Side' scraper is still running.
05 Apr, 2025 23:03:32 - Last modified time: 296
05 Apr, 2025 23:04:36 - 'Google Main Right Side' scraper is still running.
05 Apr, 2025 23:04:36 - Last modified time: 360
05 Apr, 2025 23:05:37 - 'Google Main Right Side' scraper is still running.
05 Apr, 2025 23:05:37 - Last modified time: 421
05 Apr, 2025 23:06:40 - 'Google Main Right Side' scraper is still running.
05 Apr, 2025 23:06:40 - Last modified time: 484
05 Apr, 2025 23:07:44 - 'Google Main Right Side' scraper is still running.
05 Apr, 2025 23:07:44 - Last modified time: 6
05 Apr, 2025 23:08:47 - 'Google Main Right Side' scraper is still running.
05 Apr, 2025 23:08:47 - Last modified time: 12
05 Apr, 2025 23:09:50 - 'Google Main Right Side' scraper is still running.
05 Apr, 2025 23:09:50 - Last modified time: 75
05 Apr, 2025 23:10:53 - 'Google Main Right Side' scraper is still running.
05 Apr, 2025 23:10:53 - Last modified time: 138
05 Apr, 2025 23:11:57 - 'Google Main Right Side' scraper is still running.
05 Apr, 2025 23:11:57 - Last modified time: 202
05 Apr, 2025 23:12:58 - 'Google Main Right Side' scraper is still running.
05 Apr, 2025 23:12:58 - Last modified time: 263
05 Apr, 2025 23:14:02 - 'Google Main Right Side' scraper is still running.
05 Apr, 2025 23:14:02 - Last modified time: 327
05 Apr, 2025 23:15:05 - 'Google Main Right Side' scraper is still running.
05 Apr, 2025 23:15:05 - Last modified time: 390
05 Apr, 2025 23:16:08 - 'Google Main Right Side' scraper is still running.
05 Apr, 2025 23:16:08 - Last modified time: 453
05 Apr, 2025 23:17:11 - 'Google Main Right Side' scraper is still running.
05 Apr, 2025 23:17:11 - Last modified time: 516
05 Apr, 2025 23:18:15 - 'Google Main Right Side' scraper is still running.
05 Apr, 2025 23:18:15 - Last modified time: 580
05 Apr, 2025 23:19:18 - 'Google Main Right Side' scraper is still running.
05 Apr, 2025 23:19:18 - Last modified time: 643
05 Apr, 2025 23:20:21 - 'Google Main Right Side' scraper is still running.
05 Apr, 2025 23:20:21 - Last modified time: 706
05 Apr, 2025 23:21:23 - 'Google Main Right Side' scraper is still running.
05 Apr, 2025 23:21:23 - Last modified time: 768
05 Apr, 2025 23:22:26 - 'Google Main Right Side' scraper is still running.
05 Apr, 2025 23:22:26 - Last modified time: 831
05 Apr, 2025 23:23:30 - 'Google Main Right Side' scraper is still running.
05 Apr, 2025 23:23:30 - Last modified time: 895
05 Apr, 2025 23:24:33 - 'Google Main Right Side' scraper is still running.
05 Apr, 2025 23:24:33 - Last modified time: 958
05 Apr, 2025 23:25:36 - 'Google Main Right Side' scraper is still running.
05 Apr, 2025 23:25:36 - Last modified time: 1021
05 Apr, 2025 23:26:40 - 'Google Main Right Side' scraper is still running.
05 Apr, 2025 23:26:40 - Last modified time: 1085
05 Apr, 2025 23:27:43 - 'Google Main Right Side' scraper is still running.
05 Apr, 2025 23:27:43 - Last modified time: 1148
05 Apr, 2025 23:28:45 - 'Google Main Right Side' scraper is still running.
05 Apr, 2025 23:28:45 - Last modified time: 1210
05 Apr, 2025 23:29:48 - 'Google Main Right Side' scraper is still running.
05 Apr, 2025 23:29:48 - Last modified time: 1273
05 Apr, 2025 23:30:51 - 'Google Main Right Side' scraper is still running.
05 Apr, 2025 23:30:52 - Last modified time: 1337
05 Apr, 2025 23:31:55 - 'Google Main Right Side' scraper is still running.
05 Apr, 2025 23:31:55 - Last modified time: 1400
05 Apr, 2025 23:32:58 - 'Google Main Right Side' scraper is still running.
05 Apr, 2025 23:32:58 - Last modified time: 1463
05 Apr, 2025 23:34:01 - 'Google Main Right Side' scraper is not running. Checking if it is stuck...
05 Apr, 2025 23:34:01 - Process finished. Restarting the process...
05 Apr, 2025 23:34:01 - 'Google Main Right Side' scraper started.
05 Apr, 2025 23:35:05 - 'Google Main Right Side' scraper is still running.
05 Apr, 2025 23:35:05 - Last modified time: 4
05 Apr, 2025 23:36:06 - 'Google Main Right Side' scraper is still running.
05 Apr, 2025 23:36:06 - Last modified time: 1
05 Apr, 2025 23:37:10 - 'Google Main Right Side' scraper is still running.
05 Apr, 2025 23:37:10 - Last modified time: 23
05 Apr, 2025 23:38:13 - 'Google Main Right Side' scraper is still running.
05 Apr, 2025 23:38:13 - Last modified time: 0
05 Apr, 2025 23:39:16 - 'Google Main Right Side' scraper is still running.
05 Apr, 2025 23:39:16 - Last modified time: 1
05 Apr, 2025 23:40:20 - 'Google Main Right Side' scraper is still running.
05 Apr, 2025 23:40:20 - Last modified time: 1
05 Apr, 2025 23:41:23 - 'Google Main Right Side' scraper is still running.
05 Apr, 2025 23:41:23 - Last modified time: 1
05 Apr, 2025 23:42:26 - 'Google Main Right Side' scraper is still running.
05 Apr, 2025 23:42:26 - Last modified time: 0
05 Apr, 2025 23:43:28 - 'Google Main Right Side' scraper is still running.
05 Apr, 2025 23:43:28 - Last modified time: 0
05 Apr, 2025 23:44:31 - 'Google Main Right Side' scraper is still running.
05 Apr, 2025 23:44:31 - Last modified time: 0
05 Apr, 2025 23:45:35 - 'Google Main Right Side' scraper is still running.
05 Apr, 2025 23:45:35 - Last modified time: 1
05 Apr, 2025 23:46:38 - 'Google Main Right Side' scraper is still running.
05 Apr, 2025 23:46:38 - Last modified time: 2
05 Apr, 2025 23:47:41 - 'Google Main Right Side' scraper is still running.
05 Apr, 2025 23:47:41 - Last modified time: 0
05 Apr, 2025 23:48:45 - 'Google Main Right Side' scraper is still running.
05 Apr, 2025 23:48:45 - Last modified time: 2
05 Apr, 2025 23:49:48 - 'Google Main Right Side' scraper is still running.
05 Apr, 2025 23:49:48 - Last modified time: 6
05 Apr, 2025 23:50:52 - 'Google Main Right Side' scraper is still running.
05 Apr, 2025 23:50:52 - Last modified time: 3
05 Apr, 2025 23:51:54 - 'Google Main Right Side' scraper is still running.
05 Apr, 2025 23:51:54 - Last modified time: 6
05 Apr, 2025 23:52:57 - 'Google Main Right Side' scraper is still running.
05 Apr, 2025 23:52:57 - Last modified time: 2
05 Apr, 2025 23:54:00 - 'Google Main Right Side' scraper is still running.
05 Apr, 2025 23:54:00 - Last modified time: 65
05 Apr, 2025 23:55:04 - 'Google Main Right Side' scraper is still running.
05 Apr, 2025 23:55:04 - Last modified time: 129
05 Apr, 2025 23:56:07 - 'Google Main Right Side' scraper is still running.
05 Apr, 2025 23:56:07 - Last modified time: 192
05 Apr, 2025 23:57:10 - 'Google Main Right Side' scraper is still running.
05 Apr, 2025 23:57:10 - Last modified time: 255
05 Apr, 2025 23:58:14 - 'Google Main Right Side' scraper is still running.
05 Apr, 2025 23:58:14 - Last modified time: 319
05 Apr, 2025 23:59:15 - 'Google Main Right Side' scraper is still running.
05 Apr, 2025 23:59:15 - Last modified time: 380
06 Apr, 2025 00:00:19 - 'Google Main Right Side' scraper is still running.
06 Apr, 2025 00:00:19 - Last modified time: 444
06 Apr, 2025 00:01:22 - 'Google Main Right Side' scraper is still running.
06 Apr, 2025 00:01:22 - Last modified time: 10
06 Apr, 2025 00:02:26 - 'Google Main Right Side' scraper is still running.
06 Apr, 2025 00:02:26 - Last modified time: 74
06 Apr, 2025 00:03:29 - 'Google Main Right Side' scraper is still running.
06 Apr, 2025 00:03:29 - Last modified time: 137
06 Apr, 2025 00:04:32 - 'Google Main Right Side' scraper is still running.
06 Apr, 2025 00:04:32 - Last modified time: 200
06 Apr, 2025 00:05:36 - 'Google Main Right Side' scraper is still running.
06 Apr, 2025 00:05:36 - Last modified time: 264
06 Apr, 2025 00:06:37 - 'Google Main Right Side' scraper is still running.
06 Apr, 2025 00:06:37 - Last modified time: 325
06 Apr, 2025 00:07:41 - 'Google Main Right Side' scraper is still running.
06 Apr, 2025 00:07:41 - Last modified time: 389
06 Apr, 2025 00:08:44 - 'Google Main Right Side' scraper is still running.
06 Apr, 2025 00:08:44 - Last modified time: 452
06 Apr, 2025 00:09:48 - 'Google Main Right Side' scraper is still running.
06 Apr, 2025 00:09:48 - Last modified time: 516
06 Apr, 2025 00:10:51 - 'Google Main Right Side' scraper is still running.
06 Apr, 2025 00:10:51 - Last modified time: 579
06 Apr, 2025 00:11:55 - 'Google Main Right Side' scraper is still running.
06 Apr, 2025 00:11:55 - Last modified time: 39
06 Apr, 2025 00:12:58 - 'Google Main Right Side' scraper is still running.
06 Apr, 2025 00:12:58 - Last modified time: 102
06 Apr, 2025 00:14:00 - 'Google Main Right Side' scraper is still running.
06 Apr, 2025 00:14:00 - Last modified time: 164
06 Apr, 2025 00:15:03 - 'Google Main Right Side' scraper is still running.
06 Apr, 2025 00:15:03 - Last modified time: 227
06 Apr, 2025 00:16:06 - 'Google Main Right Side' scraper is still running.
06 Apr, 2025 00:16:06 - Last modified time: 290
06 Apr, 2025 00:17:09 - 'Google Main Right Side' scraper is still running.
06 Apr, 2025 00:17:09 - Last modified time: 353
06 Apr, 2025 00:18:13 - 'Google Main Right Side' scraper is still running.
06 Apr, 2025 00:18:13 - Last modified time: 417
06 Apr, 2025 00:19:16 - 'Google Main Right Side' scraper is still running.
06 Apr, 2025 00:19:16 - Last modified time: 480
06 Apr, 2025 00:20:19 - 'Google Main Right Side' scraper is still running.
06 Apr, 2025 00:20:19 - Last modified time: 543
06 Apr, 2025 00:21:22 - 'Google Main Right Side' scraper is still running.
06 Apr, 2025 00:21:22 - Last modified time: 606
06 Apr, 2025 00:22:24 - 'Google Main Right Side' scraper is still running.
06 Apr, 2025 00:22:24 - Last modified time: 668
06 Apr, 2025 00:23:27 - 'Google Main Right Side' scraper is still running.
06 Apr, 2025 00:23:27 - Last modified time: 731
06 Apr, 2025 00:24:31 - 'Google Main Right Side' scraper is still running.
06 Apr, 2025 00:24:31 - Last modified time: 795
06 Apr, 2025 00:25:34 - 'Google Main Right Side' scraper is still running.
06 Apr, 2025 00:25:34 - Last modified time: 858
06 Apr, 2025 00:26:37 - 'Google Main Right Side' scraper is still running.
06 Apr, 2025 00:26:37 - Last modified time: 921
06 Apr, 2025 00:27:40 - 'Google Main Right Side' scraper is still running.
06 Apr, 2025 00:27:40 - Last modified time: 984
06 Apr, 2025 00:28:44 - 'Google Main Right Side' scraper is still running.
06 Apr, 2025 00:28:44 - Last modified time: 1048
06 Apr, 2025 00:29:45 - 'Google Main Right Side' scraper is still running.
06 Apr, 2025 00:29:45 - Last modified time: 1109
06 Apr, 2025 00:30:49 - 'Google Main Right Side' scraper is still running.
06 Apr, 2025 00:30:49 - Last modified time: 17
06 Apr, 2025 00:31:52 - 'Google Main Right Side' scraper is still running.
06 Apr, 2025 00:31:52 - Last modified time: 80
06 Apr, 2025 00:32:56 - 'Google Main Right Side' scraper is still running.
06 Apr, 2025 00:32:56 - Last modified time: 144
06 Apr, 2025 00:33:59 - 'Google Main Right Side' scraper is still running.
06 Apr, 2025 00:33:59 - Last modified time: 207
06 Apr, 2025 00:35:03 - 'Google Main Right Side' scraper is still running.
06 Apr, 2025 00:35:03 - Last modified time: 45
06 Apr, 2025 00:36:06 - 'Google Main Right Side' scraper is still running.
06 Apr, 2025 00:36:06 - Last modified time: 18
06 Apr, 2025 00:37:08 - 'Google Main Right Side' scraper is still running.
06 Apr, 2025 00:37:08 - Last modified time: 80
06 Apr, 2025 00:38:11 - 'Google Main Right Side' scraper is still running.
06 Apr, 2025 00:38:11 - Last modified time: 143
06 Apr, 2025 00:39:15 - 'Google Main Right Side' scraper is still running.
06 Apr, 2025 00:39:15 - Last modified time: 207
06 Apr, 2025 00:40:18 - 'Google Main Right Side' scraper is still running.
06 Apr, 2025 00:40:18 - Last modified time: 270
06 Apr, 2025 00:41:21 - 'Google Main Right Side' scraper is still running.
06 Apr, 2025 00:41:21 - Last modified time: 29
06 Apr, 2025 00:42:25 - 'Google Main Right Side' scraper is still running.
06 Apr, 2025 00:42:25 - Last modified time: 93
06 Apr, 2025 00:43:28 - 'Google Main Right Side' scraper is still running.
06 Apr, 2025 00:43:28 - Last modified time: 156
06 Apr, 2025 00:44:30 - 'Google Main Right Side' scraper is still running.
06 Apr, 2025 00:44:30 - Last modified time: 218
06 Apr, 2025 00:45:33 - 'Google Main Right Side' scraper is still running.
06 Apr, 2025 00:45:33 - Last modified time: 281
06 Apr, 2025 00:46:37 - 'Google Main Right Side' scraper is still running.
06 Apr, 2025 00:46:37 - Last modified time: 345
06 Apr, 2025 00:47:40 - 'Google Main Right Side' scraper is still running.
06 Apr, 2025 00:47:40 - Last modified time: 408
06 Apr, 2025 00:48:43 - 'Google Main Right Side' scraper is still running.
06 Apr, 2025 00:48:43 - Last modified time: 471
06 Apr, 2025 00:49:47 - 'Google Main Right Side' scraper is still running.
06 Apr, 2025 00:49:47 - Last modified time: 535
06 Apr, 2025 00:50:50 - 'Google Main Right Side' scraper is still running.
06 Apr, 2025 00:50:50 - Last modified time: 598
06 Apr, 2025 00:51:54 - 'Google Main Right Side' scraper is still running.
06 Apr, 2025 00:51:54 - Last modified time: 662
06 Apr, 2025 00:52:55 - 'Google Main Right Side' scraper is not running. Checking if it is stuck...
06 Apr, 2025 00:52:55 - Process finished. Restarting the process...
06 Apr, 2025 00:52:55 - 'Google Main Right Side' scraper started.
06 Apr, 2025 00:53:59 - 'Google Main Right Side' scraper is still running.
06 Apr, 2025 00:53:59 - Last modified time: 3
06 Apr, 2025 00:55:02 - 'Google Main Right Side' scraper is still running.
06 Apr, 2025 00:55:02 - Last modified time: 4
06 Apr, 2025 00:56:06 - 'Google Main Right Side' scraper is still running.
06 Apr, 2025 00:56:06 - Last modified time: 5
06 Apr, 2025 00:57:10 - 'Google Main Right Side' scraper is still running.
06 Apr, 2025 00:57:10 - Last modified time: 1
06 Apr, 2025 00:58:14 - 'Google Main Right Side' scraper is still running.
06 Apr, 2025 00:58:14 - Last modified time: 1
06 Apr, 2025 00:59:17 - 'Google Main Right Side' scraper is still running.
06 Apr, 2025 00:59:17 - Last modified time: 4
06 Apr, 2025 01:00:19 - 'Google Main Right Side' scraper is still running.
06 Apr, 2025 01:00:19 - Last modified time: -1
06 Apr, 2025 01:01:23 - 'Google Main Right Side' scraper is still running.
06 Apr, 2025 01:01:23 - Last modified time: 4
06 Apr, 2025 01:02:26 - 'Google Main Right Side' scraper is still running.
06 Apr, 2025 01:02:26 - Last modified time: 0
06 Apr, 2025 01:03:30 - 'Google Main Right Side' scraper is still running.
06 Apr, 2025 01:03:30 - Last modified time: 2
06 Apr, 2025 01:04:34 - 'Google Main Right Side' scraper is still running.
06 Apr, 2025 01:04:34 - Last modified time: 1
06 Apr, 2025 01:05:37 - 'Google Main Right Side' scraper is still running.
06 Apr, 2025 01:05:37 - Last modified time: 64
06 Apr, 2025 01:06:41 - 'Google Main Right Side' scraper is still running.
06 Apr, 2025 01:06:41 - Last modified time: 128
06 Apr, 2025 01:07:43 - 'Google Main Right Side' scraper is still running.
06 Apr, 2025 01:07:43 - Last modified time: 190
06 Apr, 2025 01:08:46 - 'Google Main Right Side' scraper is still running.
06 Apr, 2025 01:08:46 - Last modified time: 253
06 Apr, 2025 01:09:50 - 'Google Main Right Side' scraper is still running.
06 Apr, 2025 01:09:50 - Last modified time: 317
06 Apr, 2025 01:10:53 - 'Google Main Right Side' scraper is still running.
06 Apr, 2025 01:10:53 - Last modified time: 380
06 Apr, 2025 01:11:57 - 'Google Main Right Side' scraper is still running.
06 Apr, 2025 01:11:57 - Last modified time: 444
06 Apr, 2025 01:13:01 - 'Google Main Right Side' scraper is still running.
06 Apr, 2025 01:13:01 - Last modified time: 508
06 Apr, 2025 01:14:04 - 'Google Main Right Side' scraper is still running.
06 Apr, 2025 01:14:04 - Last modified time: 571
06 Apr, 2025 01:15:08 - 'Google Main Right Side' scraper is still running.
06 Apr, 2025 01:15:08 - Last modified time: 13
06 Apr, 2025 01:16:10 - 'Google Main Right Side' scraper is still running.
06 Apr, 2025 01:16:10 - Last modified time: 75
06 Apr, 2025 01:17:13 - 'Google Main Right Side' scraper is still running.
06 Apr, 2025 01:17:13 - Last modified time: 24
06 Apr, 2025 01:18:17 - 'Google Main Right Side' scraper is still running.
06 Apr, 2025 01:18:17 - Last modified time: 88
06 Apr, 2025 01:19:21 - 'Google Main Right Side' scraper is still running.
06 Apr, 2025 01:19:21 - Last modified time: 152
06 Apr, 2025 01:20:24 - 'Google Main Right Side' scraper is still running.
06 Apr, 2025 01:20:24 - Last modified time: 215
06 Apr, 2025 01:21:28 - 'Google Main Right Side' scraper is still running.
06 Apr, 2025 01:21:28 - Last modified time: 279
06 Apr, 2025 01:22:31 - 'Google Main Right Side' scraper is still running.
06 Apr, 2025 01:22:31 - Last modified time: 342
06 Apr, 2025 01:23:33 - 'Google Main Right Side' scraper is still running.
06 Apr, 2025 01:23:33 - Last modified time: 404
06 Apr, 2025 01:24:36 - 'Google Main Right Side' scraper is still running.
06 Apr, 2025 01:24:36 - Last modified time: 467
06 Apr, 2025 01:25:39 - 'Google Main Right Side' scraper is still running.
06 Apr, 2025 01:25:39 - Last modified time: 530
06 Apr, 2025 01:26:42 - 'Google Main Right Side' scraper is still running.
06 Apr, 2025 01:26:42 - Last modified time: 593
06 Apr, 2025 01:27:45 - 'Google Main Right Side' scraper is still running.
06 Apr, 2025 01:27:45 - Last modified time: 656
06 Apr, 2025 01:28:49 - 'Google Main Right Side' scraper is still running.
06 Apr, 2025 01:28:49 - Last modified time: 720
06 Apr, 2025 01:29:52 - 'Google Main Right Side' scraper is still running.
06 Apr, 2025 01:29:52 - Last modified time: 783
06 Apr, 2025 01:30:54 - 'Google Main Right Side' scraper is still running.
06 Apr, 2025 01:30:54 - Last modified time: 845
06 Apr, 2025 01:31:57 - 'Google Main Right Side' scraper is still running.
06 Apr, 2025 01:31:57 - Last modified time: 908
06 Apr, 2025 01:33:00 - 'Google Main Right Side' scraper is still running.
06 Apr, 2025 01:33:00 - Last modified time: 971
06 Apr, 2025 01:34:04 - 'Google Main Right Side' scraper is still running.
06 Apr, 2025 01:34:04 - Last modified time: 1035
06 Apr, 2025 01:35:07 - 'Google Main Right Side' scraper is still running.
06 Apr, 2025 01:35:07 - Last modified time: 1098
06 Apr, 2025 01:36:10 - 'Google Main Right Side' scraper is still running.
06 Apr, 2025 01:36:10 - Last modified time: 1161
06 Apr, 2025 01:37:14 - 'Google Main Right Side' scraper is still running.
06 Apr, 2025 01:37:14 - Last modified time: 1225
06 Apr, 2025 01:38:16 - 'Google Main Right Side' scraper is still running.
06 Apr, 2025 01:38:16 - Last modified time: 1287
06 Apr, 2025 01:39:19 - 'Google Main Right Side' scraper is still running.
06 Apr, 2025 01:39:19 - Last modified time: 1350
06 Apr, 2025 01:40:23 - 'Google Main Right Side' scraper is still running.
06 Apr, 2025 01:40:23 - Last modified time: 1414
06 Apr, 2025 01:41:27 - 'Google Main Right Side' scraper is still running.
06 Apr, 2025 01:41:27 - Last modified time: 44
06 Apr, 2025 01:42:30 - 'Google Main Right Side' scraper is not running. Checking if it is stuck...
06 Apr, 2025 01:42:30 - Process finished. Restarting the process...
06 Apr, 2025 01:42:30 - 'Google Main Right Side' scraper started.
06 Apr, 2025 01:43:34 - 'Google Main Right Side' scraper is still running.
06 Apr, 2025 01:43:34 - Last modified time: 2
06 Apr, 2025 01:44:38 - 'Google Main Right Side' scraper is still running.
06 Apr, 2025 01:44:38 - Last modified time: 15
06 Apr, 2025 01:45:41 - 'Google Main Right Side' scraper is still running.
06 Apr, 2025 01:45:41 - Last modified time: 1
06 Apr, 2025 01:46:43 - 'Google Main Right Side' scraper is still running.
06 Apr, 2025 01:46:43 - Last modified time: 1
06 Apr, 2025 01:47:46 - 'Google Main Right Side' scraper is still running.
06 Apr, 2025 01:47:46 - Last modified time: 1
06 Apr, 2025 01:48:49 - 'Google Main Right Side' scraper is still running.
06 Apr, 2025 01:48:49 - Last modified time: 2
06 Apr, 2025 01:49:50 - 'Google Main Right Side' scraper is still running.
06 Apr, 2025 01:49:50 - Last modified time: 38
06 Apr, 2025 01:50:52 - 'Google Main Right Side' scraper is still running.
06 Apr, 2025 01:50:52 - Last modified time: 100
06 Apr, 2025 01:51:54 - 'Google Main Right Side' scraper is still running.
06 Apr, 2025 01:51:54 - Last modified time: 162
06 Apr, 2025 01:52:57 - 'Google Main Right Side' scraper is still running.
06 Apr, 2025 01:52:57 - Last modified time: 225
06 Apr, 2025 01:53:58 - 'Google Main Right Side' scraper is still running.
06 Apr, 2025 01:53:58 - Last modified time: 286
06 Apr, 2025 01:55:01 - 'Google Main Right Side' scraper is still running.
06 Apr, 2025 01:55:01 - Last modified time: 349
06 Apr, 2025 01:56:03 - 'Google Main Right Side' scraper is still running.
06 Apr, 2025 01:56:03 - Last modified time: 411
06 Apr, 2025 01:57:06 - 'Google Main Right Side' scraper is still running.
06 Apr, 2025 01:57:06 - Last modified time: 474
06 Apr, 2025 01:58:08 - 'Google Main Right Side' scraper is still running.
06 Apr, 2025 01:58:08 - Last modified time: 536
06 Apr, 2025 01:59:11 - 'Google Main Right Side' scraper is still running.
06 Apr, 2025 01:59:11 - Last modified time: 599
06 Apr, 2025 02:00:13 - 'Google Main Right Side' scraper is still running.
06 Apr, 2025 02:00:13 - Last modified time: 661
06 Apr, 2025 02:01:14 - 'Google Main Right Side' scraper is still running.
06 Apr, 2025 02:01:14 - Last modified time: 19
06 Apr, 2025 02:02:17 - 'Google Main Right Side' scraper is still running.
06 Apr, 2025 02:02:17 - Last modified time: 8
06 Apr, 2025 02:03:20 - 'Google Main Right Side' scraper is still running.
06 Apr, 2025 02:03:20 - Last modified time: 71
06 Apr, 2025 02:04:23 - 'Google Main Right Side' scraper is still running.
06 Apr, 2025 02:04:23 - Last modified time: 134
06 Apr, 2025 02:05:27 - 'Google Main Right Side' scraper is still running.
06 Apr, 2025 02:05:27 - Last modified time: 34
06 Apr, 2025 02:06:30 - 'Google Main Right Side' scraper is still running.
06 Apr, 2025 02:06:30 - Last modified time: 97
06 Apr, 2025 02:07:33 - 'Google Main Right Side' scraper is not running. Checking if it is stuck...
06 Apr, 2025 02:07:33 - Process finished. Restarting the process...
06 Apr, 2025 02:07:33 - 'Google Main Right Side' scraper started.
06 Apr, 2025 02:08:35 - 'Google Main Right Side' scraper is still running.
06 Apr, 2025 02:08:35 - Last modified time: 0
06 Apr, 2025 02:09:38 - 'Google Main Right Side' scraper is still running.
06 Apr, 2025 02:09:39 - Last modified time: 10
06 Apr, 2025 02:10:41 - 'Google Main Right Side' scraper is still running.
06 Apr, 2025 02:10:41 - Last modified time: 0
06 Apr, 2025 02:11:44 - 'Google Main Right Side' scraper is still running.
06 Apr, 2025 02:11:44 - Last modified time: 0
06 Apr, 2025 02:12:47 - 'Google Main Right Side' scraper is still running.
06 Apr, 2025 02:12:47 - Last modified time: 2
06 Apr, 2025 02:13:50 - 'Google Main Right Side' scraper is still running.
06 Apr, 2025 02:13:50 - Last modified time: 4
06 Apr, 2025 02:14:53 - 'Google Main Right Side' scraper is still running.
06 Apr, 2025 02:14:53 - Last modified time: 2
06 Apr, 2025 02:15:56 - 'Google Main Right Side' scraper is still running.
06 Apr, 2025 02:15:56 - Last modified time: 2
06 Apr, 2025 02:16:58 - 'Google Main Right Side' scraper is still running.
06 Apr, 2025 02:16:58 - Last modified time: 2
06 Apr, 2025 02:18:01 - 'Google Main Right Side' scraper is still running.
06 Apr, 2025 02:18:01 - Last modified time: 3
06 Apr, 2025 02:19:04 - 'Google Main Right Side' scraper is still running.
06 Apr, 2025 02:19:04 - Last modified time: 7
06 Apr, 2025 02:20:07 - 'Google Main Right Side' scraper is still running.
06 Apr, 2025 02:20:07 - Last modified time: 3
06 Apr, 2025 02:21:10 - 'Google Main Right Side' scraper is still running.
06 Apr, 2025 02:21:10 - Last modified time: 1
06 Apr, 2025 02:22:13 - 'Google Main Right Side' scraper is still running.
06 Apr, 2025 02:22:13 - Last modified time: 2
06 Apr, 2025 02:23:17 - 'Google Main Right Side' scraper is still running.
06 Apr, 2025 02:23:17 - Last modified time: 29
06 Apr, 2025 02:24:18 - 'Google Main Right Side' scraper is still running.
06 Apr, 2025 02:24:18 - Last modified time: 90
06 Apr, 2025 02:25:22 - 'Google Main Right Side' scraper is still running.
06 Apr, 2025 02:25:22 - Last modified time: 5
06 Apr, 2025 02:26:25 - 'Google Main Right Side' scraper is still running.
06 Apr, 2025 02:26:25 - Last modified time: 68
06 Apr, 2025 02:27:29 - 'Google Main Right Side' scraper is still running.
06 Apr, 2025 02:27:29 - Last modified time: 132
06 Apr, 2025 02:28:33 - 'Google Main Right Side' scraper is still running.
06 Apr, 2025 02:28:33 - Last modified time: 196
06 Apr, 2025 02:29:36 - 'Google Main Right Side' scraper is still running.
06 Apr, 2025 02:29:36 - Last modified time: 259
06 Apr, 2025 02:30:40 - 'Google Main Right Side' scraper is still running.
06 Apr, 2025 02:30:40 - Last modified time: 323
06 Apr, 2025 02:31:42 - 'Google Main Right Side' scraper is still running.
06 Apr, 2025 02:31:42 - Last modified time: 5
06 Apr, 2025 02:32:45 - 'Google Main Right Side' scraper is still running.
06 Apr, 2025 02:32:45 - Last modified time: 68
06 Apr, 2025 02:33:49 - 'Google Main Right Side' scraper is still running.
06 Apr, 2025 02:33:49 - Last modified time: 132
06 Apr, 2025 02:34:52 - 'Google Main Right Side' scraper is still running.
06 Apr, 2025 02:34:52 - Last modified time: 195
06 Apr, 2025 02:35:56 - 'Google Main Right Side' scraper is still running.
06 Apr, 2025 02:35:56 - Last modified time: 259
06 Apr, 2025 02:36:59 - 'Google Main Right Side' scraper is still running.
06 Apr, 2025 02:36:59 - Last modified time: 322
06 Apr, 2025 02:38:03 - 'Google Main Right Side' scraper is still running.
06 Apr, 2025 02:38:03 - Last modified time: 386
06 Apr, 2025 02:39:04 - 'Google Main Right Side' scraper is still running.
06 Apr, 2025 02:39:04 - Last modified time: 447
06 Apr, 2025 02:40:08 - 'Google Main Right Side' scraper is still running.
06 Apr, 2025 02:40:08 - Last modified time: 511
06 Apr, 2025 02:41:11 - 'Google Main Right Side' scraper is still running.
06 Apr, 2025 02:41:11 - Last modified time: 574
06 Apr, 2025 02:42:15 - 'Google Main Right Side' scraper is still running.
06 Apr, 2025 02:42:15 - Last modified time: 638
06 Apr, 2025 02:43:18 - 'Google Main Right Side' scraper is still running.
06 Apr, 2025 02:43:18 - Last modified time: 701
06 Apr, 2025 02:44:21 - 'Google Main Right Side' scraper is still running.
06 Apr, 2025 02:44:22 - Last modified time: 764
06 Apr, 2025 02:45:25 - 'Google Main Right Side' scraper is still running.
06 Apr, 2025 02:45:25 - Last modified time: 828
06 Apr, 2025 02:46:28 - 'Google Main Right Side' scraper is still running.
06 Apr, 2025 02:46:29 - Last modified time: 891
06 Apr, 2025 02:47:30 - 'Google Main Right Side' scraper is still running.
06 Apr, 2025 02:47:30 - Last modified time: 953
06 Apr, 2025 02:48:34 - 'Google Main Right Side' scraper is still running.
06 Apr, 2025 02:48:34 - Last modified time: 1017
06 Apr, 2025 02:49:37 - 'Google Main Right Side' scraper is still running.
06 Apr, 2025 02:49:37 - Last modified time: 1080
06 Apr, 2025 02:50:41 - 'Google Main Right Side' scraper is still running.
06 Apr, 2025 02:50:41 - Last modified time: 1144
06 Apr, 2025 02:51:45 - 'Google Main Right Side' scraper is still running.
06 Apr, 2025 02:51:45 - Last modified time: 1208
06 Apr, 2025 02:52:49 - 'Google Main Right Side' scraper is still running.
06 Apr, 2025 02:52:49 - Last modified time: 1272
06 Apr, 2025 02:53:52 - 'Google Main Right Side' scraper is still running.
06 Apr, 2025 02:53:52 - Last modified time: 1335
06 Apr, 2025 02:54:54 - 'Google Main Right Side' scraper is still running.
06 Apr, 2025 02:54:54 - Last modified time: 1397
06 Apr, 2025 02:55:58 - 'Google Main Right Side' scraper is still running.
06 Apr, 2025 02:55:58 - Last modified time: 1461
06 Apr, 2025 02:57:01 - 'Google Main Right Side' scraper is still running.
06 Apr, 2025 02:57:01 - Last modified time: 1524
06 Apr, 2025 02:58:05 - 'Google Main Right Side' scraper is still running.
06 Apr, 2025 02:58:05 - Last modified time: 1588
06 Apr, 2025 02:59:08 - 'Google Main Right Side' scraper is still running.
06 Apr, 2025 02:59:08 - Last modified time: 1651
06 Apr, 2025 03:00:11 - 'Google Main Right Side' scraper is still running.
06 Apr, 2025 03:00:11 - Last modified time: 1714
06 Apr, 2025 03:01:15 - 'Google Main Right Side' scraper is still running.
06 Apr, 2025 03:01:15 - Last modified time: 1778
06 Apr, 2025 03:02:16 - 'Google Main Right Side' scraper is still running.
06 Apr, 2025 03:02:16 - Last modified time: 1839
06 Apr, 2025 03:02:16 - Log files hasn't been updated in the last 30 minutes. Deleting log directory and rebooting the server...
06 Apr, 2025 03:02:16 - Deleting log directory...
06 Apr, 2025 03:02:16 - Restarting the script: Killing all running processes and relaunching...
06 Apr, 2025 03:02:23 - 'Google Main Right Side' scraper is not running. Starting...
06 Apr, 2025 03:02:23 - 'Google Main Right Side' scraper started.
06 Apr, 2025 03:05:32 - 'Google Main Right Side' scraper is still running.
06 Apr, 2025 03:05:32 - Last modified time: 18
06 Apr, 2025 03:06:36 - 'Google Main Right Side' scraper is still running.
06 Apr, 2025 03:06:36 - Last modified time: 3
06 Apr, 2025 03:07:39 - 'Google Main Right Side' scraper is still running.
06 Apr, 2025 03:07:39 - Last modified time: 3
06 Apr, 2025 03:08:43 - 'Google Main Right Side' scraper is still running.
06 Apr, 2025 03:08:43 - Last modified time: 4
06 Apr, 2025 03:09:46 - 'Google Main Right Side' scraper is still running.
06 Apr, 2025 03:09:46 - Last modified time: 4
06 Apr, 2025 03:10:49 - 'Google Main Right Side' scraper is still running.
06 Apr, 2025 03:10:49 - Last modified time: 5
06 Apr, 2025 03:11:51 - 'Google Main Right Side' scraper is still running.
06 Apr, 2025 03:11:51 - Last modified time: 0
06 Apr, 2025 03:12:54 - 'Google Main Right Side' scraper is still running.
06 Apr, 2025 03:12:54 - Last modified time: 5
06 Apr, 2025 03:13:58 - 'Google Main Right Side' scraper is still running.
06 Apr, 2025 03:13:58 - Last modified time: 0
06 Apr, 2025 03:15:02 - 'Google Main Right Side' scraper is still running.
06 Apr, 2025 03:15:02 - Last modified time: 2
06 Apr, 2025 03:16:05 - 'Google Main Right Side' scraper is still running.
06 Apr, 2025 03:16:05 - Last modified time: 2
06 Apr, 2025 03:17:09 - 'Google Main Right Side' scraper is still running.
06 Apr, 2025 03:17:09 - Last modified time: 6
06 Apr, 2025 03:18:12 - 'Google Main Right Side' scraper is still running.
06 Apr, 2025 03:18:12 - Last modified time: 3
06 Apr, 2025 03:19:14 - 'Google Main Right Side' scraper is still running.
06 Apr, 2025 03:19:14 - Last modified time: 2
06 Apr, 2025 03:20:18 - 'Google Main Right Side' scraper is still running.
06 Apr, 2025 03:20:18 - Last modified time: 0
06 Apr, 2025 03:21:21 - 'Google Main Right Side' scraper is still running.
06 Apr, 2025 03:21:21 - Last modified time: 4
06 Apr, 2025 03:22:25 - 'Google Main Right Side' scraper is still running.
06 Apr, 2025 03:22:25 - Last modified time: 37
06 Apr, 2025 03:23:28 - 'Google Main Right Side' scraper is still running.
06 Apr, 2025 03:23:28 - Last modified time: 100
06 Apr, 2025 03:24:32 - 'Google Main Right Side' scraper is still running.
06 Apr, 2025 03:24:32 - Last modified time: 164
06 Apr, 2025 03:25:35 - 'Google Main Right Side' scraper is still running.
06 Apr, 2025 03:25:35 - Last modified time: 227
06 Apr, 2025 03:26:37 - 'Google Main Right Side' scraper is still running.
06 Apr, 2025 03:26:37 - Last modified time: 50
06 Apr, 2025 03:27:41 - 'Google Main Right Side' scraper is still running.
06 Apr, 2025 03:27:41 - Last modified time: 114
06 Apr, 2025 03:28:44 - 'Google Main Right Side' scraper is still running.
06 Apr, 2025 03:28:44 - Last modified time: 177
06 Apr, 2025 03:29:48 - 'Google Main Right Side' scraper is still running.
06 Apr, 2025 03:29:48 - Last modified time: 241
06 Apr, 2025 03:30:51 - 'Google Main Right Side' scraper is still running.
06 Apr, 2025 03:30:51 - Last modified time: 304
06 Apr, 2025 03:31:55 - 'Google Main Right Side' scraper is still running.
06 Apr, 2025 03:31:55 - Last modified time: 27
06 Apr, 2025 03:32:59 - 'Google Main Right Side' scraper is still running.
06 Apr, 2025 03:32:59 - Last modified time: 91
06 Apr, 2025 03:34:00 - 'Google Main Right Side' scraper is still running.
06 Apr, 2025 03:34:00 - Last modified time: 152
06 Apr, 2025 03:35:04 - 'Google Main Right Side' scraper is still running.
06 Apr, 2025 03:35:04 - Last modified time: 216
06 Apr, 2025 03:36:08 - 'Google Main Right Side' scraper is still running.
06 Apr, 2025 03:36:08 - Last modified time: 280
06 Apr, 2025 03:37:12 - 'Google Main Right Side' scraper is still running.
06 Apr, 2025 03:37:12 - Last modified time: 344
06 Apr, 2025 03:38:15 - 'Google Main Right Side' scraper is still running.
06 Apr, 2025 03:38:15 - Last modified time: 407
06 Apr, 2025 03:39:19 - 'Google Main Right Side' scraper is still running.
06 Apr, 2025 03:39:19 - Last modified time: 471
06 Apr, 2025 03:40:23 - 'Google Main Right Side' scraper is still running.
06 Apr, 2025 03:40:23 - Last modified time: 535
06 Apr, 2025 03:41:27 - 'Google Main Right Side' scraper is not running. Checking if it is stuck...
06 Apr, 2025 03:41:27 - Process finished. Restarting the process...
06 Apr, 2025 03:41:27 - 'Google Main Right Side' scraper started.
06 Apr, 2025 03:42:28 - 'Google Main Right Side' scraper is still running.
06 Apr, 2025 03:42:29 - Last modified time: 1
06 Apr, 2025 03:43:32 - 'Google Main Right Side' scraper is still running.
06 Apr, 2025 03:43:33 - Last modified time: 7
06 Apr, 2025 03:44:36 - 'Google Main Right Side' scraper is still running.
06 Apr, 2025 03:44:36 - Last modified time: 0
06 Apr, 2025 03:45:40 - 'Google Main Right Side' scraper is still running.
06 Apr, 2025 03:45:40 - Last modified time: 1
06 Apr, 2025 03:46:43 - 'Google Main Right Side' scraper is still running.
06 Apr, 2025 03:46:43 - Last modified time: 0
06 Apr, 2025 03:47:47 - 'Google Main Right Side' scraper is still running.
06 Apr, 2025 03:47:47 - Last modified time: 2
06 Apr, 2025 03:48:51 - 'Google Main Right Side' scraper is still running.
06 Apr, 2025 03:48:51 - Last modified time: 5
06 Apr, 2025 03:49:53 - 'Google Main Right Side' scraper is still running.
06 Apr, 2025 03:49:53 - Last modified time: 0
06 Apr, 2025 03:50:56 - 'Google Main Right Side' scraper is still running.
06 Apr, 2025 03:50:56 - Last modified time: 0
06 Apr, 2025 03:52:00 - 'Google Main Right Side' scraper is still running.
06 Apr, 2025 03:52:00 - Last modified time: 1
06 Apr, 2025 03:53:03 - 'Google Main Right Side' scraper is still running.
06 Apr, 2025 03:53:03 - Last modified time: 54
06 Apr, 2025 03:54:07 - 'Google Main Right Side' scraper is still running.
06 Apr, 2025 03:54:07 - Last modified time: 118
06 Apr, 2025 03:55:11 - 'Google Main Right Side' scraper is still running.
06 Apr, 2025 03:55:11 - Last modified time: 182
06 Apr, 2025 03:56:14 - 'Google Main Right Side' scraper is still running.
06 Apr, 2025 03:56:14 - Last modified time: 245
06 Apr, 2025 03:57:16 - 'Google Main Right Side' scraper is still running.
06 Apr, 2025 03:57:16 - Last modified time: 307
06 Apr, 2025 03:58:20 - 'Google Main Right Side' scraper is still running.
06 Apr, 2025 03:58:20 - Last modified time: 371
06 Apr, 2025 03:59:24 - 'Google Main Right Side' scraper is still running.
06 Apr, 2025 03:59:24 - Last modified time: 435
06 Apr, 2025 04:00:28 - 'Google Main Right Side' scraper is still running.
06 Apr, 2025 04:00:28 - Last modified time: 499
06 Apr, 2025 04:01:31 - 'Google Main Right Side' scraper is still running.
06 Apr, 2025 04:01:31 - Last modified time: 562
06 Apr, 2025 04:02:35 - 'Google Main Right Side' scraper is still running.
06 Apr, 2025 04:02:35 - Last modified time: 626
06 Apr, 2025 04:03:39 - 'Google Main Right Side' scraper is still running.
06 Apr, 2025 04:03:39 - Last modified time: 690
06 Apr, 2025 04:04:41 - 'Google Main Right Side' scraper is still running.
06 Apr, 2025 04:04:41 - Last modified time: 752
06 Apr, 2025 04:05:44 - 'Google Main Right Side' scraper is still running.
06 Apr, 2025 04:05:44 - Last modified time: 815
06 Apr, 2025 04:06:48 - 'Google Main Right Side' scraper is still running.
06 Apr, 2025 04:06:48 - Last modified time: 879
06 Apr, 2025 04:07:52 - 'Google Main Right Side' scraper is still running.
06 Apr, 2025 04:07:52 - Last modified time: 943
06 Apr, 2025 04:08:55 - 'Google Main Right Side' scraper is still running.
06 Apr, 2025 04:08:55 - Last modified time: 1006
06 Apr, 2025 04:09:59 - 'Google Main Right Side' scraper is still running.
06 Apr, 2025 04:09:59 - Last modified time: 1070
06 Apr, 2025 04:11:03 - 'Google Main Right Side' scraper is still running.
06 Apr, 2025 04:11:03 - Last modified time: 1134
06 Apr, 2025 04:12:06 - 'Google Main Right Side' scraper is still running.
06 Apr, 2025 04:12:06 - Last modified time: 1197
06 Apr, 2025 04:13:08 - 'Google Main Right Side' scraper is still running.
06 Apr, 2025 04:13:08 - Last modified time: 1259
06 Apr, 2025 04:14:12 - 'Google Main Right Side' scraper is still running.
06 Apr, 2025 04:14:12 - Last modified time: 1323
06 Apr, 2025 04:15:16 - 'Google Main Right Side' scraper is still running.
06 Apr, 2025 04:15:16 - Last modified time: 56
06 Apr, 2025 04:16:19 - 'Google Main Right Side' scraper is still running.
06 Apr, 2025 04:16:19 - Last modified time: 55
06 Apr, 2025 04:17:23 - 'Google Main Right Side' scraper is still running.
06 Apr, 2025 04:17:23 - Last modified time: 119
06 Apr, 2025 04:18:27 - 'Google Main Right Side' scraper is still running.
06 Apr, 2025 04:18:27 - Last modified time: 2
06 Apr, 2025 04:19:31 - 'Google Main Right Side' scraper is still running.
06 Apr, 2025 04:19:31 - Last modified time: 63
06 Apr, 2025 04:20:32 - 'Google Main Right Side' scraper is still running.
06 Apr, 2025 04:20:32 - Last modified time: 124
06 Apr, 2025 04:21:36 - 'Google Main Right Side' scraper is still running.
06 Apr, 2025 04:21:36 - Last modified time: 188
06 Apr, 2025 04:22:40 - 'Google Main Right Side' scraper is still running.
06 Apr, 2025 04:22:40 - Last modified time: 252
06 Apr, 2025 04:23:44 - 'Google Main Right Side' scraper is still running.
06 Apr, 2025 04:23:44 - Last modified time: 316
06 Apr, 2025 04:24:48 - 'Google Main Right Side' scraper is still running.
06 Apr, 2025 04:24:48 - Last modified time: 380
06 Apr, 2025 04:25:52 - 'Google Main Right Side' scraper is not running. Checking if it is stuck...
06 Apr, 2025 04:25:52 - Process finished. Restarting the process...
06 Apr, 2025 04:25:52 - 'Google Main Right Side' scraper started.
06 Apr, 2025 04:26:55 - 'Google Main Right Side' scraper is still running.
06 Apr, 2025 04:26:55 - Last modified time: 3
06 Apr, 2025 04:27:57 - 'Google Main Right Side' scraper is still running.
06 Apr, 2025 04:27:58 - Last modified time: 9
06 Apr, 2025 04:29:01 - 'Google Main Right Side' scraper is still running.
06 Apr, 2025 04:29:01 - Last modified time: 31
06 Apr, 2025 04:30:05 - 'Google Main Right Side' scraper is still running.
06 Apr, 2025 04:30:05 - Last modified time: 0
06 Apr, 2025 04:31:08 - 'Google Main Right Side' scraper is still running.
06 Apr, 2025 04:31:08 - Last modified time: 1
06 Apr, 2025 04:32:11 - 'Google Main Right Side' scraper is still running.
06 Apr, 2025 04:32:11 - Last modified time: 1
06 Apr, 2025 04:33:14 - 'Google Main Right Side' scraper is still running.
06 Apr, 2025 04:33:14 - Last modified time: 1
06 Apr, 2025 04:34:18 - 'Google Main Right Side' scraper is still running.
06 Apr, 2025 04:34:18 - Last modified time: 2
06 Apr, 2025 04:35:21 - 'Google Main Right Side' scraper is still running.
06 Apr, 2025 04:35:21 - Last modified time: 2
06 Apr, 2025 04:36:23 - 'Google Main Right Side' scraper is still running.
06 Apr, 2025 04:36:23 - Last modified time: 6
06 Apr, 2025 04:37:26 - 'Google Main Right Side' scraper is still running.
06 Apr, 2025 04:37:26 - Last modified time: 6
06 Apr, 2025 04:38:30 - 'Google Main Right Side' scraper is still running.
06 Apr, 2025 04:38:30 - Last modified time: 1
06 Apr, 2025 04:39:33 - 'Google Main Right Side' scraper is still running.
06 Apr, 2025 04:39:33 - Last modified time: 6
06 Apr, 2025 04:40:37 - 'Google Main Right Side' scraper is still running.
06 Apr, 2025 04:40:37 - Last modified time: 54
06 Apr, 2025 04:41:40 - 'Google Main Right Side' scraper is still running.
06 Apr, 2025 04:41:40 - Last modified time: 117
06 Apr, 2025 04:42:44 - 'Google Main Right Side' scraper is still running.
06 Apr, 2025 04:42:44 - Last modified time: 181
06 Apr, 2025 04:43:45 - 'Google Main Right Side' scraper is still running.
06 Apr, 2025 04:43:46 - Last modified time: 243
06 Apr, 2025 04:44:49 - 'Google Main Right Side' scraper is still running.
06 Apr, 2025 04:44:49 - Last modified time: 57
06 Apr, 2025 04:45:53 - 'Google Main Right Side' scraper is still running.
06 Apr, 2025 04:45:53 - Last modified time: 121
06 Apr, 2025 04:46:56 - 'Google Main Right Side' scraper is still running.
06 Apr, 2025 04:46:56 - Last modified time: 184
06 Apr, 2025 04:47:58 - 'Google Main Right Side' scraper is still running.
06 Apr, 2025 04:47:58 - Last modified time: 246
06 Apr, 2025 04:49:01 - 'Google Main Right Side' scraper is still running.
06 Apr, 2025 04:49:01 - Last modified time: 309
06 Apr, 2025 04:50:03 - 'Google Main Right Side' scraper is still running.
06 Apr, 2025 04:50:03 - Last modified time: 9
06 Apr, 2025 04:51:06 - 'Google Main Right Side' scraper is still running.
06 Apr, 2025 04:51:06 - Last modified time: 72
06 Apr, 2025 04:52:08 - 'Google Main Right Side' scraper is still running.
06 Apr, 2025 04:52:08 - Last modified time: 35
06 Apr, 2025 04:53:10 - 'Google Main Right Side' scraper is still running.
06 Apr, 2025 04:53:10 - Last modified time: 97
06 Apr, 2025 04:54:13 - 'Google Main Right Side' scraper is still running.
06 Apr, 2025 04:54:13 - Last modified time: 160
06 Apr, 2025 04:55:14 - 'Google Main Right Side' scraper is still running.
06 Apr, 2025 04:55:14 - Last modified time: 221
06 Apr, 2025 04:56:16 - 'Google Main Right Side' scraper is still running.
06 Apr, 2025 04:56:16 - Last modified time: 283
06 Apr, 2025 04:57:19 - 'Google Main Right Side' scraper is still running.
06 Apr, 2025 04:57:19 - Last modified time: 346
06 Apr, 2025 04:58:22 - 'Google Main Right Side' scraper is still running.
06 Apr, 2025 04:58:22 - Last modified time: 409
06 Apr, 2025 04:59:25 - 'Google Main Right Side' scraper is still running.
06 Apr, 2025 04:59:25 - Last modified time: 472
06 Apr, 2025 05:00:28 - 'Google Main Right Side' scraper is still running.
06 Apr, 2025 05:00:28 - Last modified time: 535
06 Apr, 2025 05:01:31 - 'Google Main Right Side' scraper is still running.
06 Apr, 2025 05:01:31 - Last modified time: 25
06 Apr, 2025 05:02:32 - 'Google Main Right Side' scraper is still running.
06 Apr, 2025 05:02:32 - Last modified time: 86
06 Apr, 2025 05:03:35 - 'Google Main Right Side' scraper is still running.
06 Apr, 2025 05:03:35 - Last modified time: 149
06 Apr, 2025 05:04:39 - 'Google Main Right Side' scraper is still running.
06 Apr, 2025 05:04:39 - Last modified time: 24
06 Apr, 2025 05:05:42 - 'Google Main Right Side' scraper is still running.
06 Apr, 2025 05:05:42 - Last modified time: 87
06 Apr, 2025 05:06:45 - 'Google Main Right Side' scraper is still running.
06 Apr, 2025 05:06:45 - Last modified time: 150
06 Apr, 2025 05:07:49 - 'Google Main Right Side' scraper is still running.
06 Apr, 2025 05:07:49 - Last modified time: 214
06 Apr, 2025 05:08:53 - 'Google Main Right Side' scraper is still running.
06 Apr, 2025 05:08:53 - Last modified time: 278
06 Apr, 2025 05:09:55 - 'Google Main Right Side' scraper is still running.
06 Apr, 2025 05:09:55 - Last modified time: 340
06 Apr, 2025 05:10:58 - 'Google Main Right Side' scraper is still running.
06 Apr, 2025 05:10:58 - Last modified time: 403
06 Apr, 2025 05:12:01 - 'Google Main Right Side' scraper is still running.
06 Apr, 2025 05:12:01 - Last modified time: 466
06 Apr, 2025 05:13:05 - 'Google Main Right Side' scraper is still running.
06 Apr, 2025 05:13:05 - Last modified time: 530
06 Apr, 2025 05:14:08 - 'Google Main Right Side' scraper is not running. Checking if it is stuck...
06 Apr, 2025 05:14:08 - Process finished. Restarting the process...
06 Apr, 2025 05:14:08 - 'Google Main Right Side' scraper started.
06 Apr, 2025 05:15:12 - 'Google Main Right Side' scraper is still running.
06 Apr, 2025 05:15:12 - Last modified time: 1
06 Apr, 2025 05:16:16 - 'Google Main Right Side' scraper is still running.
06 Apr, 2025 05:16:16 - Last modified time: 8
06 Apr, 2025 05:17:20 - 'Google Main Right Side' scraper is still running.
06 Apr, 2025 05:17:21 - Last modified time: 31
06 Apr, 2025 05:18:23 - 'Google Main Right Side' scraper is still running.
06 Apr, 2025 05:18:23 - Last modified time: 23
06 Apr, 2025 05:19:26 - 'Google Main Right Side' scraper is still running.
06 Apr, 2025 05:19:26 - Last modified time: 0
06 Apr, 2025 05:20:30 - 'Google Main Right Side' scraper is still running.
06 Apr, 2025 05:20:30 - Last modified time: 1
06 Apr, 2025 05:21:33 - 'Google Main Right Side' scraper is still running.
06 Apr, 2025 05:21:33 - Last modified time: 1
06 Apr, 2025 05:22:36 - 'Google Main Right Side' scraper is still running.
06 Apr, 2025 05:22:36 - Last modified time: 0
06 Apr, 2025 05:23:40 - 'Google Main Right Side' scraper is still running.
06 Apr, 2025 05:23:40 - Last modified time: 2
06 Apr, 2025 05:24:43 - 'Google Main Right Side' scraper is still running.
06 Apr, 2025 05:24:43 - Last modified time: 3
06 Apr, 2025 05:25:45 - 'Google Main Right Side' scraper is still running.
06 Apr, 2025 05:25:45 - Last modified time: 0
06 Apr, 2025 05:26:48 - 'Google Main Right Side' scraper is still running.
06 Apr, 2025 05:26:48 - Last modified time: 3
06 Apr, 2025 05:27:52 - 'Google Main Right Side' scraper is still running.
06 Apr, 2025 05:27:52 - Last modified time: 1
06 Apr, 2025 05:28:55 - 'Google Main Right Side' scraper is still running.
06 Apr, 2025 05:28:55 - Last modified time: 4
06 Apr, 2025 05:29:59 - 'Google Main Right Side' scraper is still running.
06 Apr, 2025 05:29:59 - Last modified time: 1
06 Apr, 2025 05:31:02 - 'Google Main Right Side' scraper is still running.
06 Apr, 2025 05:31:02 - Last modified time: 4
06 Apr, 2025 05:32:06 - 'Google Main Right Side' scraper is still running.
06 Apr, 2025 05:32:06 - Last modified time: 3
06 Apr, 2025 05:33:09 - 'Google Main Right Side' scraper is still running.
06 Apr, 2025 05:33:09 - Last modified time: 3
06 Apr, 2025 05:34:11 - 'Google Main Right Side' scraper is still running.
06 Apr, 2025 05:34:11 - Last modified time: 0
06 Apr, 2025 05:35:15 - 'Google Main Right Side' scraper is still running.
06 Apr, 2025 05:35:15 - Last modified time: 24
06 Apr, 2025 05:36:19 - 'Google Main Right Side' scraper is still running.
06 Apr, 2025 05:36:19 - Last modified time: 88
06 Apr, 2025 05:37:23 - 'Google Main Right Side' scraper is still running.
06 Apr, 2025 05:37:23 - Last modified time: 152
06 Apr, 2025 05:38:26 - 'Google Main Right Side' scraper is still running.
06 Apr, 2025 05:38:26 - Last modified time: 33
06 Apr, 2025 05:39:30 - 'Google Main Right Side' scraper is still running.
06 Apr, 2025 05:39:30 - Last modified time: 97
06 Apr, 2025 05:40:34 - 'Google Main Right Side' scraper is still running.
06 Apr, 2025 05:40:34 - Last modified time: 161
06 Apr, 2025 05:41:36 - 'Google Main Right Side' scraper is still running.
06 Apr, 2025 05:41:36 - Last modified time: 223
06 Apr, 2025 05:42:40 - 'Google Main Right Side' scraper is still running.
06 Apr, 2025 05:42:40 - Last modified time: 287
06 Apr, 2025 05:43:43 - 'Google Main Right Side' scraper is still running.
06 Apr, 2025 05:43:43 - Last modified time: 350
06 Apr, 2025 05:44:47 - 'Google Main Right Side' scraper is still running.
06 Apr, 2025 05:44:47 - Last modified time: 414
06 Apr, 2025 05:45:51 - 'Google Main Right Side' scraper is still running.
06 Apr, 2025 05:45:51 - Last modified time: 478
06 Apr, 2025 05:46:54 - 'Google Main Right Side' scraper is still running.
06 Apr, 2025 05:46:54 - Last modified time: 541
06 Apr, 2025 05:47:58 - 'Google Main Right Side' scraper is still running.
06 Apr, 2025 05:47:58 - Last modified time: 605
06 Apr, 2025 05:49:00 - 'Google Main Right Side' scraper is still running.
06 Apr, 2025 05:49:00 - Last modified time: 0
06 Apr, 2025 05:50:04 - 'Google Main Right Side' scraper is still running.
06 Apr, 2025 05:50:04 - Last modified time: 64
06 Apr, 2025 05:51:07 - 'Google Main Right Side' scraper is still running.
06 Apr, 2025 05:51:07 - Last modified time: 127
06 Apr, 2025 05:52:11 - 'Google Main Right Side' scraper is still running.
06 Apr, 2025 05:52:11 - Last modified time: 191
06 Apr, 2025 05:53:15 - 'Google Main Right Side' scraper is still running.
06 Apr, 2025 05:53:15 - Last modified time: 255
06 Apr, 2025 05:54:19 - 'Google Main Right Side' scraper is still running.
06 Apr, 2025 05:54:19 - Last modified time: 42
06 Apr, 2025 05:55:22 - 'Google Main Right Side' scraper is still running.
06 Apr, 2025 05:55:22 - Last modified time: 105
06 Apr, 2025 05:56:26 - 'Google Main Right Side' scraper is still running.
06 Apr, 2025 05:56:26 - Last modified time: 169
06 Apr, 2025 05:57:28 - 'Google Main Right Side' scraper is still running.
06 Apr, 2025 05:57:28 - Last modified time: 231
06 Apr, 2025 05:58:32 - 'Google Main Right Side' scraper is still running.
06 Apr, 2025 05:58:32 - Last modified time: 295
06 Apr, 2025 05:59:36 - 'Google Main Right Side' scraper is still running.
06 Apr, 2025 05:59:36 - Last modified time: 359
06 Apr, 2025 06:00:40 - 'Google Main Right Side' scraper is still running.
06 Apr, 2025 06:00:40 - Last modified time: 423
06 Apr, 2025 06:01:44 - 'Google Main Right Side' scraper is still running.
06 Apr, 2025 06:01:44 - Last modified time: 61
06 Apr, 2025 06:02:47 - 'Google Main Right Side' scraper is still running.
06 Apr, 2025 06:02:47 - Last modified time: 124
06 Apr, 2025 06:03:51 - 'Google Main Right Side' scraper is still running.
06 Apr, 2025 06:03:51 - Last modified time: 188
06 Apr, 2025 06:04:53 - 'Google Main Right Side' scraper is still running.
06 Apr, 2025 06:04:53 - Last modified time: 250
06 Apr, 2025 06:05:56 - 'Google Main Right Side' scraper is still running.
06 Apr, 2025 06:05:56 - Last modified time: 313
06 Apr, 2025 06:07:00 - 'Google Main Right Side' scraper is still running.
06 Apr, 2025 06:07:00 - Last modified time: 377
06 Apr, 2025 06:08:03 - 'Google Main Right Side' scraper is still running.
06 Apr, 2025 06:08:03 - Last modified time: 440
06 Apr, 2025 06:09:07 - 'Google Main Right Side' scraper is still running.
06 Apr, 2025 06:09:07 - Last modified time: 504
06 Apr, 2025 06:10:11 - 'Google Main Right Side' scraper is still running.
06 Apr, 2025 06:10:11 - Last modified time: 568
06 Apr, 2025 06:11:15 - 'Google Main Right Side' scraper is still running.
06 Apr, 2025 06:11:15 - Last modified time: 31
06 Apr, 2025 06:12:16 - 'Google Main Right Side' scraper is still running.
06 Apr, 2025 06:12:16 - Last modified time: 92
06 Apr, 2025 06:13:20 - 'Google Main Right Side' scraper is still running.
06 Apr, 2025 06:13:20 - Last modified time: 156
06 Apr, 2025 06:14:24 - 'Google Main Right Side' scraper is still running.
06 Apr, 2025 06:14:24 - Last modified time: 220
06 Apr, 2025 06:15:28 - 'Google Main Right Side' scraper is still running.
06 Apr, 2025 06:15:28 - Last modified time: 284
06 Apr, 2025 06:16:32 - 'Google Main Right Side' scraper is still running.
06 Apr, 2025 06:16:32 - Last modified time: 348
06 Apr, 2025 06:17:36 - 'Google Main Right Side' scraper is still running.
06 Apr, 2025 06:17:36 - Last modified time: 412
06 Apr, 2025 06:18:40 - 'Google Main Right Side' scraper is still running.
06 Apr, 2025 06:18:40 - Last modified time: 476
06 Apr, 2025 06:19:42 - 'Google Main Right Side' scraper is still running.
06 Apr, 2025 06:19:42 - Last modified time: 538
06 Apr, 2025 06:20:46 - 'Google Main Right Side' scraper is still running.
06 Apr, 2025 06:20:46 - Last modified time: 602
06 Apr, 2025 06:21:50 - 'Google Main Right Side' scraper is still running.
06 Apr, 2025 06:21:50 - Last modified time: 666
06 Apr, 2025 06:22:54 - 'Google Main Right Side' scraper is still running.
06 Apr, 2025 06:22:54 - Last modified time: 730
06 Apr, 2025 06:23:58 - 'Google Main Right Side' scraper is still running.
06 Apr, 2025 06:23:58 - Last modified time: 794
06 Apr, 2025 06:25:02 - 'Google Main Right Side' scraper is still running.
06 Apr, 2025 06:25:02 - Last modified time: 858
06 Apr, 2025 06:26:06 - 'Google Main Right Side' scraper is still running.
06 Apr, 2025 06:26:06 - Last modified time: 922
06 Apr, 2025 06:27:10 - 'Google Main Right Side' scraper is still running.
06 Apr, 2025 06:27:10 - Last modified time: 986
06 Apr, 2025 06:28:12 - 'Google Main Right Side' scraper is still running.
06 Apr, 2025 06:28:12 - Last modified time: 1048
06 Apr, 2025 06:29:16 - 'Google Main Right Side' scraper is still running.
06 Apr, 2025 06:29:16 - Last modified time: 1112
06 Apr, 2025 06:30:20 - 'Google Main Right Side' scraper is still running.
06 Apr, 2025 06:30:20 - Last modified time: 1176
06 Apr, 2025 06:31:24 - 'Google Main Right Side' scraper is still running.
06 Apr, 2025 06:31:24 - Last modified time: 1240
06 Apr, 2025 06:32:28 - 'Google Main Right Side' scraper is still running.
06 Apr, 2025 06:32:28 - Last modified time: 1304
06 Apr, 2025 06:33:32 - 'Google Main Right Side' scraper is still running.
06 Apr, 2025 06:33:32 - Last modified time: 1368
06 Apr, 2025 06:34:36 - 'Google Main Right Side' scraper is still running.
06 Apr, 2025 06:34:36 - Last modified time: 1432
06 Apr, 2025 06:35:38 - 'Google Main Right Side' scraper is still running.
06 Apr, 2025 06:35:38 - Last modified time: 1494
06 Apr, 2025 06:36:42 - 'Google Main Right Side' scraper is still running.
06 Apr, 2025 06:36:42 - Last modified time: 1558
06 Apr, 2025 06:37:46 - 'Google Main Right Side' scraper is still running.
06 Apr, 2025 06:37:46 - Last modified time: 1622
06 Apr, 2025 06:38:50 - 'Google Main Right Side' scraper is still running.
06 Apr, 2025 06:38:50 - Last modified time: 1686
06 Apr, 2025 06:39:54 - 'Google Main Right Side' scraper is still running.
06 Apr, 2025 06:39:54 - Last modified time: 1750
06 Apr, 2025 06:40:58 - 'Google Main Right Side' scraper is still running.
06 Apr, 2025 06:40:58 - Last modified time: 1814
06 Apr, 2025 06:40:58 - Log files hasn't been updated in the last 30 minutes. Deleting log directory and rebooting the server...
06 Apr, 2025 06:40:58 - Deleting log directory...
06 Apr, 2025 06:40:58 - Restarting the script: Killing all running processes and relaunching...
06 Apr, 2025 06:41:03 - 'Google Main Right Side' scraper is not running. Starting...
06 Apr, 2025 06:41:03 - 'Google Main Right Side' scraper started.
06 Apr, 2025 06:44:13 - 'Google Main Right Side' scraper is still running.
06 Apr, 2025 06:44:13 - Last modified time: -1
06 Apr, 2025 06:45:17 - 'Google Main Right Side' scraper is still running.
06 Apr, 2025 06:45:17 - Last modified time: -1
06 Apr, 2025 06:46:21 - 'Google Main Right Side' scraper is still running.
06 Apr, 2025 06:46:21 - Last modified time: 1
06 Apr, 2025 06:47:25 - 'Google Main Right Side' scraper is still running.
06 Apr, 2025 06:47:25 - Last modified time: 0
06 Apr, 2025 06:48:29 - 'Google Main Right Side' scraper is still running.
06 Apr, 2025 06:48:29 - Last modified time: 0
06 Apr, 2025 06:49:33 - 'Google Main Right Side' scraper is still running.
06 Apr, 2025 06:49:33 - Last modified time: 0
06 Apr, 2025 06:50:37 - 'Google Main Right Side' scraper is still running.
06 Apr, 2025 06:50:37 - Last modified time: 2
06 Apr, 2025 06:51:39 - 'Google Main Right Side' scraper is still running.
06 Apr, 2025 06:51:39 - Last modified time: 0
06 Apr, 2025 06:52:43 - 'Google Main Right Side' scraper is still running.
06 Apr, 2025 06:52:43 - Last modified time: 1
06 Apr, 2025 06:53:47 - 'Google Main Right Side' scraper is still running.
06 Apr, 2025 06:53:47 - Last modified time: 1
06 Apr, 2025 06:54:51 - 'Google Main Right Side' scraper is still running.
06 Apr, 2025 06:54:51 - Last modified time: 4
06 Apr, 2025 06:55:55 - 'Google Main Right Side' scraper is still running.
06 Apr, 2025 06:55:55 - Last modified time: 1
06 Apr, 2025 06:56:59 - 'Google Main Right Side' scraper is still running.
06 Apr, 2025 06:56:59 - Last modified time: 2
06 Apr, 2025 06:58:03 - 'Google Main Right Side' scraper is still running.
06 Apr, 2025 06:58:03 - Last modified time: 2
06 Apr, 2025 06:59:07 - 'Google Main Right Side' scraper is still running.
06 Apr, 2025 06:59:07 - Last modified time: 7
06 Apr, 2025 07:00:09 - 'Google Main Right Side' scraper is still running.
06 Apr, 2025 07:00:09 - Last modified time: 8
06 Apr, 2025 07:01:13 - 'Google Main Right Side' scraper is still running.
06 Apr, 2025 07:01:13 - Last modified time: 72
06 Apr, 2025 07:02:17 - 'Google Main Right Side' scraper is still running.
06 Apr, 2025 07:02:17 - Last modified time: 136
06 Apr, 2025 07:03:21 - 'Google Main Right Side' scraper is still running.
06 Apr, 2025 07:03:21 - Last modified time: 200
06 Apr, 2025 07:04:25 - 'Google Main Right Side' scraper is still running.
06 Apr, 2025 07:04:25 - Last modified time: 28
06 Apr, 2025 07:05:29 - 'Google Main Right Side' scraper is still running.
06 Apr, 2025 07:05:29 - Last modified time: 92
06 Apr, 2025 07:06:33 - 'Google Main Right Side' scraper is still running.
06 Apr, 2025 07:06:33 - Last modified time: 156
06 Apr, 2025 07:07:34 - 'Google Main Right Side' scraper is still running.
06 Apr, 2025 07:07:34 - Last modified time: 217
06 Apr, 2025 07:08:38 - 'Google Main Right Side' scraper is still running.
06 Apr, 2025 07:08:38 - Last modified time: 281
06 Apr, 2025 07:09:42 - 'Google Main Right Side' scraper is still running.
06 Apr, 2025 07:09:42 - Last modified time: 345
06 Apr, 2025 07:10:46 - 'Google Main Right Side' scraper is still running.
06 Apr, 2025 07:10:46 - Last modified time: 409
06 Apr, 2025 07:11:50 - 'Google Main Right Side' scraper is still running.
06 Apr, 2025 07:11:50 - Last modified time: 1
06 Apr, 2025 07:12:53 - 'Google Main Right Side' scraper is still running.
06 Apr, 2025 07:12:53 - Last modified time: 61
06 Apr, 2025 07:13:57 - 'Google Main Right Side' scraper is still running.
06 Apr, 2025 07:13:57 - Last modified time: 17
06 Apr, 2025 07:14:59 - 'Google Main Right Side' scraper is still running.
06 Apr, 2025 07:14:59 - Last modified time: 79
06 Apr, 2025 07:16:03 - 'Google Main Right Side' scraper is still running.
06 Apr, 2025 07:16:03 - Last modified time: 143
06 Apr, 2025 07:17:07 - 'Google Main Right Side' scraper is still running.
06 Apr, 2025 07:17:07 - Last modified time: 207
06 Apr, 2025 07:18:11 - 'Google Main Right Side' scraper is still running.
06 Apr, 2025 07:18:11 - Last modified time: 271
06 Apr, 2025 07:19:15 - 'Google Main Right Side' scraper is still running.
06 Apr, 2025 07:19:15 - Last modified time: 60
06 Apr, 2025 07:20:19 - 'Google Main Right Side' scraper is still running.
06 Apr, 2025 07:20:19 - Last modified time: 124
06 Apr, 2025 07:21:23 - 'Google Main Right Side' scraper is still running.
06 Apr, 2025 07:21:23 - Last modified time: 188
06 Apr, 2025 07:22:26 - 'Google Main Right Side' scraper is still running.
06 Apr, 2025 07:22:27 - Last modified time: 251
06 Apr, 2025 07:23:28 - 'Google Main Right Side' scraper is still running.
06 Apr, 2025 07:23:28 - Last modified time: 313
06 Apr, 2025 07:24:32 - 'Google Main Right Side' scraper is still running.
06 Apr, 2025 07:24:33 - Last modified time: 377
06 Apr, 2025 07:25:37 - 'Google Main Right Side' scraper is still running.
06 Apr, 2025 07:25:37 - Last modified time: 442
06 Apr, 2025 07:26:41 - 'Google Main Right Side' scraper is still running.
06 Apr, 2025 07:26:41 - Last modified time: 506
06 Apr, 2025 07:27:45 - 'Google Main Right Side' scraper is still running.
06 Apr, 2025 07:27:45 - Last modified time: 570
06 Apr, 2025 07:28:49 - 'Google Main Right Side' scraper is still running.
06 Apr, 2025 07:28:49 - Last modified time: 634
06 Apr, 2025 07:29:53 - 'Google Main Right Side' scraper is still running.
06 Apr, 2025 07:29:53 - Last modified time: 698
06 Apr, 2025 07:30:56 - 'Google Main Right Side' scraper is still running.
06 Apr, 2025 07:30:56 - Last modified time: 761
06 Apr, 2025 07:32:00 - 'Google Main Right Side' scraper is still running.
06 Apr, 2025 07:32:00 - Last modified time: 825
06 Apr, 2025 07:33:04 - 'Google Main Right Side' scraper is still running.
06 Apr, 2025 07:33:04 - Last modified time: 889
06 Apr, 2025 07:34:07 - 'Google Main Right Side' scraper is still running.
06 Apr, 2025 07:34:07 - Last modified time: 952
06 Apr, 2025 07:35:11 - 'Google Main Right Side' scraper is still running.
06 Apr, 2025 07:35:11 - Last modified time: 1016
06 Apr, 2025 07:36:15 - 'Google Main Right Side' scraper is still running.
06 Apr, 2025 07:36:15 - Last modified time: 1080
06 Apr, 2025 07:37:19 - 'Google Main Right Side' scraper is still running.
06 Apr, 2025 07:37:19 - Last modified time: 1144
06 Apr, 2025 07:38:21 - 'Google Main Right Side' scraper is still running.
06 Apr, 2025 07:38:21 - Last modified time: 1206
06 Apr, 2025 07:39:24 - 'Google Main Right Side' scraper is still running.
06 Apr, 2025 07:39:24 - Last modified time: 1269
06 Apr, 2025 07:40:28 - 'Google Main Right Side' scraper is still running.
06 Apr, 2025 07:40:28 - Last modified time: 1333
06 Apr, 2025 07:41:32 - 'Google Main Right Side' scraper is still running.
06 Apr, 2025 07:41:32 - Last modified time: 1397
06 Apr, 2025 07:42:36 - 'Google Main Right Side' scraper is still running.
06 Apr, 2025 07:42:36 - Last modified time: 1461
06 Apr, 2025 07:43:40 - 'Google Main Right Side' scraper is still running.
06 Apr, 2025 07:43:40 - Last modified time: 1525
06 Apr, 2025 07:44:44 - 'Google Main Right Side' scraper is still running.
06 Apr, 2025 07:44:44 - Last modified time: 1589
06 Apr, 2025 07:45:46 - 'Google Main Right Side' scraper is still running.
06 Apr, 2025 07:45:46 - Last modified time: 1651
06 Apr, 2025 07:46:50 - 'Google Main Right Side' scraper is still running.
06 Apr, 2025 07:46:50 - Last modified time: 1715
06 Apr, 2025 07:47:54 - 'Google Main Right Side' scraper is still running.
06 Apr, 2025 07:47:54 - Last modified time: 1779
06 Apr, 2025 07:48:58 - 'Google Main Right Side' scraper is still running.
06 Apr, 2025 07:48:58 - Last modified time: 1843
06 Apr, 2025 07:48:58 - Log files hasn't been updated in the last 30 minutes. Deleting log directory and rebooting the server...
06 Apr, 2025 07:48:58 - Deleting log directory...
06 Apr, 2025 07:48:58 - Restarting the script: Killing all running processes and relaunching...
06 Apr, 2025 07:49:03 - 'Google Main Right Side' scraper is not running. Starting...
06 Apr, 2025 07:49:03 - 'Google Main Right Side' scraper started.
06 Apr, 2025 07:52:11 - 'Google Main Right Side' scraper is still running.
06 Apr, 2025 07:52:11 - Last modified time: 26
06 Apr, 2025 07:53:12 - 'Google Main Right Side' scraper is still running.
06 Apr, 2025 07:53:12 - Last modified time: 7
06 Apr, 2025 07:54:13 - 'Google Main Right Side' scraper is still running.
06 Apr, 2025 07:54:13 - Last modified time: 0
06 Apr, 2025 07:55:14 - 'Google Main Right Side' scraper is still running.
06 Apr, 2025 07:55:14 - Last modified time: 0
06 Apr, 2025 07:56:15 - 'Google Main Right Side' scraper is still running.
06 Apr, 2025 07:56:15 - Last modified time: 0
06 Apr, 2025 07:57:16 - 'Google Main Right Side' scraper is still running.
06 Apr, 2025 07:57:16 - Last modified time: 6
06 Apr, 2025 07:58:17 - 'Google Main Right Side' scraper is still running.
06 Apr, 2025 07:58:17 - Last modified time: 4
06 Apr, 2025 07:59:18 - 'Google Main Right Side' scraper is still running.
06 Apr, 2025 07:59:18 - Last modified time: 0
06 Apr, 2025 08:00:19 - 'Google Main Right Side' scraper is still running.
06 Apr, 2025 08:00:19 - Last modified time: 3
06 Apr, 2025 08:01:20 - 'Google Main Right Side' scraper is still running.
06 Apr, 2025 08:01:20 - Last modified time: 11
06 Apr, 2025 08:02:20 - 'Google Main Right Side' scraper is still running.
06 Apr, 2025 08:02:20 - Last modified time: 0
06 Apr, 2025 08:03:21 - 'Google Main Right Side' scraper is still running.
06 Apr, 2025 08:03:21 - Last modified time: 61
06 Apr, 2025 08:04:21 - 'Google Main Right Side' scraper is still running.
06 Apr, 2025 08:04:21 - Last modified time: 121
06 Apr, 2025 08:05:21 - 'Google Main Right Side' scraper is still running.
06 Apr, 2025 08:05:21 - Last modified time: 181
06 Apr, 2025 08:06:21 - 'Google Main Right Side' scraper is still running.
06 Apr, 2025 08:06:21 - Last modified time: 241
06 Apr, 2025 08:07:21 - 'Google Main Right Side' scraper is still running.
06 Apr, 2025 08:07:21 - Last modified time: 39
06 Apr, 2025 08:08:21 - 'Google Main Right Side' scraper is still running.
06 Apr, 2025 08:08:21 - Last modified time: 99
06 Apr, 2025 08:09:21 - 'Google Main Right Side' scraper is still running.
06 Apr, 2025 08:09:21 - Last modified time: 159
06 Apr, 2025 08:10:21 - 'Google Main Right Side' scraper is still running.
06 Apr, 2025 08:10:21 - Last modified time: 219
06 Apr, 2025 08:11:21 - 'Google Main Right Side' scraper is still running.
06 Apr, 2025 08:11:21 - Last modified time: 279
06 Apr, 2025 08:12:21 - 'Google Main Right Side' scraper is still running.
06 Apr, 2025 08:12:21 - Last modified time: 339
06 Apr, 2025 08:13:21 - 'Google Main Right Side' scraper is still running.
06 Apr, 2025 08:13:21 - Last modified time: 399
06 Apr, 2025 08:14:21 - 'Google Main Right Side' scraper is still running.
06 Apr, 2025 08:14:21 - Last modified time: 459
06 Apr, 2025 08:15:21 - 'Google Main Right Side' scraper is still running.
06 Apr, 2025 08:15:21 - Last modified time: 519
06 Apr, 2025 08:16:21 - 'Google Main Right Side' scraper is still running.
06 Apr, 2025 08:16:21 - Last modified time: 579
06 Apr, 2025 08:17:21 - 'Google Main Right Side' scraper is still running.
06 Apr, 2025 08:17:21 - Last modified time: 639
06 Apr, 2025 08:18:21 - 'Google Main Right Side' scraper is still running.
06 Apr, 2025 08:18:21 - Last modified time: 699
06 Apr, 2025 08:19:22 - 'Google Main Right Side' scraper is still running.
06 Apr, 2025 08:19:22 - Last modified time: 760
06 Apr, 2025 08:20:22 - 'Google Main Right Side' scraper is still running.
06 Apr, 2025 08:20:22 - Last modified time: 820
06 Apr, 2025 08:21:22 - 'Google Main Right Side' scraper is still running.
06 Apr, 2025 08:21:22 - Last modified time: 880
06 Apr, 2025 08:22:22 - 'Google Main Right Side' scraper is still running.
06 Apr, 2025 08:22:22 - Last modified time: 940
06 Apr, 2025 08:23:22 - 'Google Main Right Side' scraper is still running.
06 Apr, 2025 08:23:22 - Last modified time: 1000
06 Apr, 2025 08:24:22 - 'Google Main Right Side' scraper is still running.
06 Apr, 2025 08:24:22 - Last modified time: 1060
06 Apr, 2025 08:25:22 - 'Google Main Right Side' scraper is still running.
06 Apr, 2025 08:25:22 - Last modified time: 1
06 Apr, 2025 08:26:22 - 'Google Main Right Side' scraper is still running.
06 Apr, 2025 08:26:22 - Last modified time: 58
06 Apr, 2025 08:27:22 - 'Google Main Right Side' scraper is still running.
06 Apr, 2025 08:27:22 - Last modified time: 118
06 Apr, 2025 08:28:22 - 'Google Main Right Side' scraper is still running.
06 Apr, 2025 08:28:22 - Last modified time: 178
06 Apr, 2025 08:29:22 - 'Google Main Right Side' scraper is still running.
06 Apr, 2025 08:29:22 - Last modified time: 238
06 Apr, 2025 08:30:22 - 'Google Main Right Side' scraper is still running.
06 Apr, 2025 08:30:22 - Last modified time: 298
06 Apr, 2025 08:31:22 - 'Google Main Right Side' scraper is still running.
06 Apr, 2025 08:31:22 - Last modified time: 358
06 Apr, 2025 08:32:22 - 'Google Main Right Side' scraper is still running.
06 Apr, 2025 08:32:22 - Last modified time: 418
06 Apr, 2025 08:33:22 - 'Google Main Right Side' scraper is still running.
06 Apr, 2025 08:33:22 - Last modified time: 478
06 Apr, 2025 08:34:22 - 'Google Main Right Side' scraper is still running.
06 Apr, 2025 08:34:22 - Last modified time: 538
06 Apr, 2025 08:35:23 - 'Google Main Right Side' scraper is still running.
06 Apr, 2025 08:35:23 - Last modified time: 599
06 Apr, 2025 08:36:23 - 'Google Main Right Side' scraper is still running.
06 Apr, 2025 08:36:23 - Last modified time: 659
06 Apr, 2025 08:37:23 - 'Google Main Right Side' scraper is still running.
06 Apr, 2025 08:37:23 - Last modified time: 719
06 Apr, 2025 08:38:23 - 'Google Main Right Side' scraper is still running.
06 Apr, 2025 08:38:23 - Last modified time: 779
06 Apr, 2025 08:39:23 - 'Google Main Right Side' scraper is still running.
06 Apr, 2025 08:39:23 - Last modified time: 839
06 Apr, 2025 08:40:23 - 'Google Main Right Side' scraper is still running.
06 Apr, 2025 08:40:23 - Last modified time: 10
06 Apr, 2025 08:41:23 - 'Google Main Right Side' scraper is not running. Checking if it is stuck...
06 Apr, 2025 08:41:23 - Process finished. Restarting the process...
06 Apr, 2025 08:41:23 - 'Google Main Right Side' scraper started.
06 Apr, 2025 08:42:23 - 'Google Main Right Side' scraper is not running. Checking if it is stuck...
06 Apr, 2025 08:42:23 - Process finished. Restarting the process...
06 Apr, 2025 08:42:23 - 'Google Main Right Side' scraper started.
06 Apr, 2025 08:43:23 - 'Google Main Right Side' scraper is not running. Checking if it is stuck...
06 Apr, 2025 08:43:23 - Process finished. Restarting the process...
06 Apr, 2025 08:43:23 - 'Google Main Right Side' scraper started.
06 Apr, 2025 08:44:23 - 'Google Main Right Side' scraper is still running.
06 Apr, 2025 08:44:23 - Last modified time: 116
06 Apr, 2025 08:45:23 - 'Google Main Right Side' scraper is still running.
06 Apr, 2025 08:45:23 - Last modified time: 176
06 Apr, 2025 08:46:23 - 'Google Main Right Side' scraper is not running. Checking if it is stuck...
06 Apr, 2025 08:46:23 - Process finished. Restarting the process...
06 Apr, 2025 08:46:23 - 'Google Main Right Side' scraper started.
06 Apr, 2025 08:47:23 - 'Google Main Right Side' scraper is still running.
06 Apr, 2025 08:47:23 - Last modified time: 107
06 Apr, 2025 08:48:23 - 'Google Main Right Side' scraper is still running.
06 Apr, 2025 08:48:23 - Last modified time: 167
06 Apr, 2025 08:49:24 - 'Google Main Right Side' scraper is not running. Checking if it is stuck...
06 Apr, 2025 08:49:24 - Process finished. Restarting the process...
06 Apr, 2025 08:49:24 - 'Google Main Right Side' scraper started.
06 Apr, 2025 08:50:24 - 'Google Main Right Side' scraper is still running.
06 Apr, 2025 08:50:24 - Last modified time: 109
06 Apr, 2025 08:51:24 - 'Google Main Right Side' scraper is still running.
06 Apr, 2025 08:51:24 - Last modified time: 169
06 Apr, 2025 08:52:24 - 'Google Main Right Side' scraper is not running. Checking if it is stuck...
06 Apr, 2025 08:52:24 - Process finished. Restarting the process...
06 Apr, 2025 08:52:24 - 'Google Main Right Side' scraper started.
06 Apr, 2025 08:53:24 - 'Google Main Right Side' scraper is still running.
06 Apr, 2025 08:53:24 - Last modified time: 109
06 Apr, 2025 08:54:24 - 'Google Main Right Side' scraper is still running.
06 Apr, 2025 08:54:24 - Last modified time: 169
06 Apr, 2025 08:55:24 - 'Google Main Right Side' scraper is not running. Checking if it is stuck...
06 Apr, 2025 08:55:24 - Process finished. Restarting the process...
06 Apr, 2025 08:55:24 - 'Google Main Right Side' scraper started.
06 Apr, 2025 08:56:24 - 'Google Main Right Side' scraper is still running.
06 Apr, 2025 08:56:24 - Last modified time: 105
06 Apr, 2025 08:57:24 - 'Google Main Right Side' scraper is still running.
06 Apr, 2025 08:57:24 - Last modified time: 165
06 Apr, 2025 08:58:24 - 'Google Main Right Side' scraper is not running. Checking if it is stuck...
06 Apr, 2025 08:58:24 - Process finished. Restarting the process...
06 Apr, 2025 08:58:24 - 'Google Main Right Side' scraper started.
06 Apr, 2025 08:59:24 - 'Google Main Right Side' scraper is still running.
06 Apr, 2025 08:59:24 - Last modified time: 106
06 Apr, 2025 09:00:24 - 'Google Main Right Side' scraper is still running.
06 Apr, 2025 09:00:24 - Last modified time: 166
06 Apr, 2025 09:01:24 - 'Google Main Right Side' scraper is not running. Checking if it is stuck...
06 Apr, 2025 09:01:24 - Process finished. Restarting the process...
06 Apr, 2025 09:01:24 - 'Google Main Right Side' scraper started.
06 Apr, 2025 09:02:24 - 'Google Main Right Side' scraper is still running.
06 Apr, 2025 09:02:24 - Last modified time: 107
06 Apr, 2025 09:03:25 - 'Google Main Right Side' scraper is still running.
06 Apr, 2025 09:03:25 - Last modified time: 168
06 Apr, 2025 09:04:25 - 'Google Main Right Side' scraper is not running. Checking if it is stuck...
06 Apr, 2025 09:04:25 - Process finished. Restarting the process...
06 Apr, 2025 09:04:25 - 'Google Main Right Side' scraper started.
06 Apr, 2025 09:05:25 - 'Google Main Right Side' scraper is still running.
06 Apr, 2025 09:05:25 - Last modified time: 108
06 Apr, 2025 09:06:25 - 'Google Main Right Side' scraper is still running.
06 Apr, 2025 09:06:25 - Last modified time: 168
06 Apr, 2025 09:07:25 - 'Google Main Right Side' scraper is not running. Checking if it is stuck...
06 Apr, 2025 09:07:25 - Process finished. Restarting the process...
06 Apr, 2025 09:07:25 - 'Google Main Right Side' scraper started.
06 Apr, 2025 09:08:25 - 'Google Main Right Side' scraper is still running.
06 Apr, 2025 09:08:25 - Last modified time: 109
06 Apr, 2025 09:09:25 - 'Google Main Right Side' scraper is still running.
06 Apr, 2025 09:09:25 - Last modified time: 169
06 Apr, 2025 09:10:25 - 'Google Main Right Side' scraper is not running. Checking if it is stuck...
06 Apr, 2025 09:10:25 - Process finished. Restarting the process...
06 Apr, 2025 09:10:25 - 'Google Main Right Side' scraper started.
06 Apr, 2025 09:11:25 - 'Google Main Right Side' scraper is still running.
06 Apr, 2025 09:11:25 - Last modified time: 105
06 Apr, 2025 09:12:25 - 'Google Main Right Side' scraper is still running.
06 Apr, 2025 09:12:25 - Last modified time: 165
06 Apr, 2025 09:13:25 - 'Google Main Right Side' scraper is not running. Checking if it is stuck...
06 Apr, 2025 09:13:25 - Process finished. Restarting the process...
06 Apr, 2025 09:13:25 - 'Google Main Right Side' scraper started.
06 Apr, 2025 09:14:25 - 'Google Main Right Side' scraper is still running.
06 Apr, 2025 09:14:25 - Last modified time: 106
06 Apr, 2025 09:15:25 - 'Google Main Right Side' scraper is still running.
06 Apr, 2025 09:15:25 - Last modified time: 166
06 Apr, 2025 09:16:25 - 'Google Main Right Side' scraper is not running. Checking if it is stuck...
06 Apr, 2025 09:16:26 - Process finished. Restarting the process...
06 Apr, 2025 09:16:26 - 'Google Main Right Side' scraper started.
06 Apr, 2025 09:17:26 - 'Google Main Right Side' scraper is still running.
06 Apr, 2025 09:17:26 - Last modified time: 107
06 Apr, 2025 09:18:26 - 'Google Main Right Side' scraper is still running.
06 Apr, 2025 09:18:26 - Last modified time: 167
06 Apr, 2025 09:19:26 - 'Google Main Right Side' scraper is not running. Checking if it is stuck...
06 Apr, 2025 09:19:26 - Process finished. Restarting the process...
06 Apr, 2025 09:19:26 - 'Google Main Right Side' scraper started.
06 Apr, 2025 09:20:26 - 'Google Main Right Side' scraper is still running.
06 Apr, 2025 09:20:26 - Last modified time: 108
06 Apr, 2025 09:21:26 - 'Google Main Right Side' scraper is still running.
06 Apr, 2025 09:21:26 - Last modified time: 168
06 Apr, 2025 09:22:26 - 'Google Main Right Side' scraper is not running. Checking if it is stuck...
06 Apr, 2025 09:22:26 - Process finished. Restarting the process...
06 Apr, 2025 09:22:26 - 'Google Main Right Side' scraper started.
06 Apr, 2025 09:23:26 - 'Google Main Right Side' scraper is still running.
06 Apr, 2025 09:23:26 - Last modified time: 109
06 Apr, 2025 09:24:26 - 'Google Main Right Side' scraper is still running.
06 Apr, 2025 09:24:26 - Last modified time: 169
06 Apr, 2025 09:25:26 - 'Google Main Right Side' scraper is not running. Checking if it is stuck...
06 Apr, 2025 09:25:26 - Process finished. Restarting the process...
06 Apr, 2025 09:25:26 - 'Google Main Right Side' scraper started.
06 Apr, 2025 09:26:26 - 'Google Main Right Side' scraper is still running.
06 Apr, 2025 09:26:26 - Last modified time: 105
06 Apr, 2025 09:27:26 - 'Google Main Right Side' scraper is still running.
06 Apr, 2025 09:27:26 - Last modified time: 165
06 Apr, 2025 09:28:26 - 'Google Main Right Side' scraper is not running. Checking if it is stuck...
06 Apr, 2025 09:28:26 - Process finished. Restarting the process...
06 Apr, 2025 09:28:26 - 'Google Main Right Side' scraper started.
06 Apr, 2025 09:29:26 - 'Google Main Right Side' scraper is still running.
06 Apr, 2025 09:29:26 - Last modified time: 106
06 Apr, 2025 09:30:26 - 'Google Main Right Side' scraper is still running.
06 Apr, 2025 09:30:26 - Last modified time: 166
06 Apr, 2025 09:31:27 - 'Google Main Right Side' scraper is not running. Checking if it is stuck...
06 Apr, 2025 09:31:27 - Process finished. Restarting the process...
06 Apr, 2025 09:31:27 - 'Google Main Right Side' scraper started.
06 Apr, 2025 09:32:27 - 'Google Main Right Side' scraper is still running.
06 Apr, 2025 09:32:27 - Last modified time: 107
06 Apr, 2025 09:33:27 - 'Google Main Right Side' scraper is still running.
06 Apr, 2025 09:33:27 - Last modified time: 167
06 Apr, 2025 09:34:27 - 'Google Main Right Side' scraper is not running. Checking if it is stuck...
06 Apr, 2025 09:34:27 - Process finished. Restarting the process...
06 Apr, 2025 09:34:27 - 'Google Main Right Side' scraper started.
06 Apr, 2025 09:35:27 - 'Google Main Right Side' scraper is still running.
06 Apr, 2025 09:35:27 - Last modified time: 108
06 Apr, 2025 09:36:27 - 'Google Main Right Side' scraper is still running.
06 Apr, 2025 09:36:27 - Last modified time: 168
06 Apr, 2025 09:37:27 - 'Google Main Right Side' scraper is not running. Checking if it is stuck...
06 Apr, 2025 09:37:27 - Process finished. Restarting the process...
06 Apr, 2025 09:37:27 - 'Google Main Right Side' scraper started.
06 Apr, 2025 09:38:27 - 'Google Main Right Side' scraper is still running.
06 Apr, 2025 09:38:27 - Last modified time: 109
06 Apr, 2025 09:39:27 - 'Google Main Right Side' scraper is still running.
06 Apr, 2025 09:39:27 - Last modified time: 169
06 Apr, 2025 09:40:27 - 'Google Main Right Side' scraper is not running. Checking if it is stuck...
06 Apr, 2025 09:40:27 - Process finished. Restarting the process...
06 Apr, 2025 09:40:27 - 'Google Main Right Side' scraper started.
06 Apr, 2025 09:41:27 - 'Google Main Right Side' scraper is still running.
06 Apr, 2025 09:41:27 - Last modified time: 105
06 Apr, 2025 09:42:27 - 'Google Main Right Side' scraper is still running.
06 Apr, 2025 09:42:27 - Last modified time: 165
06 Apr, 2025 09:43:27 - 'Google Main Right Side' scraper is not running. Checking if it is stuck...
06 Apr, 2025 09:43:27 - Process finished. Restarting the process...
06 Apr, 2025 09:43:27 - 'Google Main Right Side' scraper started.
06 Apr, 2025 09:44:27 - 'Google Main Right Side' scraper is still running.
06 Apr, 2025 09:44:27 - Last modified time: 105
06 Apr, 2025 09:45:28 - 'Google Main Right Side' scraper is still running.
06 Apr, 2025 09:45:28 - Last modified time: 166
06 Apr, 2025 09:46:28 - 'Google Main Right Side' scraper is not running. Checking if it is stuck...
06 Apr, 2025 09:46:28 - Process finished. Restarting the process...
06 Apr, 2025 09:46:28 - 'Google Main Right Side' scraper started.
06 Apr, 2025 09:47:28 - 'Google Main Right Side' scraper is still running.
06 Apr, 2025 09:47:28 - Last modified time: 107
06 Apr, 2025 09:48:28 - 'Google Main Right Side' scraper is still running.
06 Apr, 2025 09:48:28 - Last modified time: 167
06 Apr, 2025 09:49:28 - 'Google Main Right Side' scraper is not running. Checking if it is stuck...
06 Apr, 2025 09:49:28 - Process finished. Restarting the process...
06 Apr, 2025 09:49:28 - 'Google Main Right Side' scraper started.
06 Apr, 2025 09:50:28 - 'Google Main Right Side' scraper is still running.
06 Apr, 2025 09:50:28 - Last modified time: 108
06 Apr, 2025 09:51:28 - 'Google Main Right Side' scraper is still running.
06 Apr, 2025 09:51:28 - Last modified time: 168
06 Apr, 2025 09:52:28 - 'Google Main Right Side' scraper is not running. Checking if it is stuck...
06 Apr, 2025 09:52:28 - Process finished. Restarting the process...
06 Apr, 2025 09:52:28 - 'Google Main Right Side' scraper started.
06 Apr, 2025 09:53:28 - 'Google Main Right Side' scraper is still running.
06 Apr, 2025 09:53:28 - Last modified time: 109
06 Apr, 2025 09:54:28 - 'Google Main Right Side' scraper is still running.
06 Apr, 2025 09:54:28 - Last modified time: 169
06 Apr, 2025 09:55:28 - 'Google Main Right Side' scraper is not running. Checking if it is stuck...
06 Apr, 2025 09:55:28 - Process finished. Restarting the process...
06 Apr, 2025 09:55:28 - 'Google Main Right Side' scraper started.
06 Apr, 2025 09:56:28 - 'Google Main Right Side' scraper is still running.
06 Apr, 2025 09:56:28 - Last modified time: 105
06 Apr, 2025 09:57:28 - 'Google Main Right Side' scraper is still running.
06 Apr, 2025 09:57:28 - Last modified time: 165
06 Apr, 2025 09:58:28 - 'Google Main Right Side' scraper is not running. Checking if it is stuck...
06 Apr, 2025 09:58:29 - Process finished. Restarting the process...
06 Apr, 2025 09:58:29 - 'Google Main Right Side' scraper started.
06 Apr, 2025 09:59:29 - 'Google Main Right Side' scraper is still running.
06 Apr, 2025 09:59:29 - Last modified time: 106
06 Apr, 2025 10:00:29 - 'Google Main Right Side' scraper is still running.
06 Apr, 2025 10:00:29 - Last modified time: 166
06 Apr, 2025 10:01:29 - 'Google Main Right Side' scraper is not running. Checking if it is stuck...
06 Apr, 2025 10:01:29 - Process finished. Restarting the process...
06 Apr, 2025 10:01:29 - 'Google Main Right Side' scraper started.
06 Apr, 2025 10:02:29 - 'Google Main Right Side' scraper is still running.
06 Apr, 2025 10:02:29 - Last modified time: 107
06 Apr, 2025 10:03:29 - 'Google Main Right Side' scraper is still running.
06 Apr, 2025 10:03:29 - Last modified time: 167
06 Apr, 2025 10:04:29 - 'Google Main Right Side' scraper is not running. Checking if it is stuck...
06 Apr, 2025 10:04:29 - Process finished. Restarting the process...
06 Apr, 2025 10:04:29 - 'Google Main Right Side' scraper started.
06 Apr, 2025 10:05:29 - 'Google Main Right Side' scraper is still running.
06 Apr, 2025 10:05:29 - Last modified time: 108
06 Apr, 2025 10:06:29 - 'Google Main Right Side' scraper is still running.
06 Apr, 2025 10:06:29 - Last modified time: 168
06 Apr, 2025 10:07:29 - 'Google Main Right Side' scraper is not running. Checking if it is stuck...
06 Apr, 2025 10:07:29 - Process finished. Restarting the process...
06 Apr, 2025 10:07:29 - 'Google Main Right Side' scraper started.
06 Apr, 2025 10:08:29 - 'Google Main Right Side' scraper is still running.
06 Apr, 2025 10:08:29 - Last modified time: 109
06 Apr, 2025 10:09:29 - 'Google Main Right Side' scraper is still running.
06 Apr, 2025 10:09:29 - Last modified time: 169
06 Apr, 2025 10:10:29 - 'Google Main Right Side' scraper is not running. Checking if it is stuck...
06 Apr, 2025 10:10:29 - Process finished. Restarting the process...
06 Apr, 2025 10:10:29 - 'Google Main Right Side' scraper started.
06 Apr, 2025 10:11:29 - 'Google Main Right Side' scraper is still running.
06 Apr, 2025 10:11:29 - Last modified time: 104
06 Apr, 2025 10:12:29 - 'Google Main Right Side' scraper is still running.
06 Apr, 2025 10:12:30 - Last modified time: 165
06 Apr, 2025 10:13:30 - 'Google Main Right Side' scraper is not running. Checking if it is stuck...
06 Apr, 2025 10:13:30 - Process finished. Restarting the process...
06 Apr, 2025 10:13:30 - 'Google Main Right Side' scraper started.
06 Apr, 2025 10:14:30 - 'Google Main Right Side' scraper is still running.
06 Apr, 2025 10:14:30 - Last modified time: 106
06 Apr, 2025 10:15:30 - 'Google Main Right Side' scraper is still running.
06 Apr, 2025 10:15:30 - Last modified time: 166
06 Apr, 2025 10:16:30 - 'Google Main Right Side' scraper is not running. Checking if it is stuck...
06 Apr, 2025 10:16:30 - Process finished. Restarting the process...
06 Apr, 2025 10:16:30 - 'Google Main Right Side' scraper started.
06 Apr, 2025 10:17:30 - 'Google Main Right Side' scraper is still running.
06 Apr, 2025 10:17:30 - Last modified time: 107
06 Apr, 2025 10:18:30 - 'Google Main Right Side' scraper is still running.
06 Apr, 2025 10:18:30 - Last modified time: 167
06 Apr, 2025 10:19:30 - 'Google Main Right Side' scraper is not running. Checking if it is stuck...
06 Apr, 2025 10:19:30 - Process finished. Restarting the process...
06 Apr, 2025 10:19:30 - 'Google Main Right Side' scraper started.
06 Apr, 2025 10:20:30 - 'Google Main Right Side' scraper is still running.
06 Apr, 2025 10:20:30 - Last modified time: 108
06 Apr, 2025 10:21:30 - 'Google Main Right Side' scraper is still running.
06 Apr, 2025 10:21:30 - Last modified time: 168
06 Apr, 2025 10:22:30 - 'Google Main Right Side' scraper is not running. Checking if it is stuck...
06 Apr, 2025 10:22:30 - Process finished. Restarting the process...
06 Apr, 2025 10:22:30 - 'Google Main Right Side' scraper started.
06 Apr, 2025 10:23:30 - 'Google Main Right Side' scraper is still running.
06 Apr, 2025 10:23:30 - Last modified time: 109
06 Apr, 2025 10:24:30 - 'Google Main Right Side' scraper is still running.
06 Apr, 2025 10:24:30 - Last modified time: 169
06 Apr, 2025 10:25:30 - 'Google Main Right Side' scraper is not running. Checking if it is stuck...
06 Apr, 2025 10:25:30 - Process finished. Restarting the process...
06 Apr, 2025 10:25:30 - 'Google Main Right Side' scraper started.
06 Apr, 2025 10:26:31 - 'Google Main Right Side' scraper is still running.
06 Apr, 2025 10:26:31 - Last modified time: 105
06 Apr, 2025 10:27:31 - 'Google Main Right Side' scraper is still running.
06 Apr, 2025 10:27:31 - Last modified time: 165
06 Apr, 2025 10:28:31 - 'Google Main Right Side' scraper is not running. Checking if it is stuck...
06 Apr, 2025 10:28:31 - Process finished. Restarting the process...
06 Apr, 2025 10:28:31 - 'Google Main Right Side' scraper started.
06 Apr, 2025 10:29:31 - 'Google Main Right Side' scraper is still running.
06 Apr, 2025 10:29:31 - Last modified time: 106
06 Apr, 2025 10:30:31 - 'Google Main Right Side' scraper is still running.
06 Apr, 2025 10:30:31 - Last modified time: 166
06 Apr, 2025 10:31:31 - 'Google Main Right Side' scraper is not running. Checking if it is stuck...
06 Apr, 2025 10:31:31 - Process finished. Restarting the process...
06 Apr, 2025 10:31:31 - 'Google Main Right Side' scraper started.
06 Apr, 2025 10:32:31 - 'Google Main Right Side' scraper is still running.
06 Apr, 2025 10:32:31 - Last modified time: 107
06 Apr, 2025 10:33:31 - 'Google Main Right Side' scraper is still running.
06 Apr, 2025 10:33:31 - Last modified time: 167
06 Apr, 2025 10:34:31 - 'Google Main Right Side' scraper is not running. Checking if it is stuck...
06 Apr, 2025 10:34:31 - Process finished. Restarting the process...
06 Apr, 2025 10:34:31 - 'Google Main Right Side' scraper started.
06 Apr, 2025 10:35:31 - 'Google Main Right Side' scraper is still running.
06 Apr, 2025 10:35:31 - Last modified time: 108
06 Apr, 2025 10:36:31 - 'Google Main Right Side' scraper is still running.
06 Apr, 2025 10:36:31 - Last modified time: 168
06 Apr, 2025 10:37:31 - 'Google Main Right Side' scraper is not running. Checking if it is stuck...
06 Apr, 2025 10:37:31 - Process finished. Restarting the process...
06 Apr, 2025 10:37:31 - 'Google Main Right Side' scraper started.
06 Apr, 2025 10:38:31 - 'Google Main Right Side' scraper is still running.
06 Apr, 2025 10:38:31 - Last modified time: 108
06 Apr, 2025 10:39:31 - 'Google Main Right Side' scraper is still running.
06 Apr, 2025 10:39:31 - Last modified time: 168
06 Apr, 2025 10:40:31 - 'Google Main Right Side' scraper is not running. Checking if it is stuck...
06 Apr, 2025 10:40:32 - Process finished. Restarting the process...
06 Apr, 2025 10:40:32 - 'Google Main Right Side' scraper started.
06 Apr, 2025 10:41:32 - 'Google Main Right Side' scraper is still running.
06 Apr, 2025 10:41:32 - Last modified time: 105
06 Apr, 2025 10:42:32 - 'Google Main Right Side' scraper is still running.
06 Apr, 2025 10:42:32 - Last modified time: 165
06 Apr, 2025 10:43:32 - 'Google Main Right Side' scraper is not running. Checking if it is stuck...
06 Apr, 2025 10:43:32 - Process finished. Restarting the process...
06 Apr, 2025 10:43:32 - 'Google Main Right Side' scraper started.
06 Apr, 2025 10:44:32 - 'Google Main Right Side' scraper is still running.
06 Apr, 2025 10:44:32 - Last modified time: 106
06 Apr, 2025 10:45:32 - 'Google Main Right Side' scraper is still running.
06 Apr, 2025 10:45:32 - Last modified time: 166
06 Apr, 2025 10:46:32 - 'Google Main Right Side' scraper is not running. Checking if it is stuck...
06 Apr, 2025 10:46:32 - Process finished. Restarting the process...
06 Apr, 2025 10:46:32 - 'Google Main Right Side' scraper started.
06 Apr, 2025 10:47:32 - 'Google Main Right Side' scraper is still running.
06 Apr, 2025 10:47:32 - Last modified time: 107
06 Apr, 2025 10:48:32 - 'Google Main Right Side' scraper is still running.
06 Apr, 2025 10:48:32 - Last modified time: 167
06 Apr, 2025 10:49:32 - 'Google Main Right Side' scraper is not running. Checking if it is stuck...
06 Apr, 2025 10:49:32 - Process finished. Restarting the process...
06 Apr, 2025 10:49:32 - 'Google Main Right Side' scraper started.
06 Apr, 2025 10:50:32 - 'Google Main Right Side' scraper is still running.
06 Apr, 2025 10:50:32 - Last modified time: 108
06 Apr, 2025 10:51:32 - 'Google Main Right Side' scraper is still running.
06 Apr, 2025 10:51:32 - Last modified time: 168
06 Apr, 2025 10:52:32 - 'Google Main Right Side' scraper is not running. Checking if it is stuck...
06 Apr, 2025 10:52:32 - Process finished. Restarting the process...
06 Apr, 2025 10:52:32 - 'Google Main Right Side' scraper started.
06 Apr, 2025 10:53:32 - 'Google Main Right Side' scraper is still running.
06 Apr, 2025 10:53:32 - Last modified time: 108
06 Apr, 2025 10:54:32 - 'Google Main Right Side' scraper is still running.
06 Apr, 2025 10:54:33 - Last modified time: 169
06 Apr, 2025 10:55:33 - 'Google Main Right Side' scraper is not running. Checking if it is stuck...
06 Apr, 2025 10:55:33 - Process finished. Restarting the process...
06 Apr, 2025 10:55:33 - 'Google Main Right Side' scraper started.
06 Apr, 2025 10:56:33 - 'Google Main Right Side' scraper is still running.
06 Apr, 2025 10:56:33 - Last modified time: 105
06 Apr, 2025 10:57:33 - 'Google Main Right Side' scraper is still running.
06 Apr, 2025 10:57:33 - Last modified time: 165
06 Apr, 2025 10:58:33 - 'Google Main Right Side' scraper is not running. Checking if it is stuck...
06 Apr, 2025 10:58:33 - Process finished. Restarting the process...
06 Apr, 2025 10:58:33 - 'Google Main Right Side' scraper started.
06 Apr, 2025 10:59:33 - 'Google Main Right Side' scraper is still running.
06 Apr, 2025 10:59:33 - Last modified time: 106
06 Apr, 2025 11:00:33 - 'Google Main Right Side' scraper is still running.
06 Apr, 2025 11:00:33 - Last modified time: 166
06 Apr, 2025 11:01:33 - 'Google Main Right Side' scraper is not running. Checking if it is stuck...
06 Apr, 2025 11:01:33 - Process finished. Restarting the process...
06 Apr, 2025 11:01:33 - 'Google Main Right Side' scraper started.
06 Apr, 2025 11:02:33 - 'Google Main Right Side' scraper is still running.
06 Apr, 2025 11:02:33 - Last modified time: 107
06 Apr, 2025 11:03:33 - 'Google Main Right Side' scraper is still running.
06 Apr, 2025 11:03:33 - Last modified time: 167
06 Apr, 2025 11:04:33 - 'Google Main Right Side' scraper is not running. Checking if it is stuck...
06 Apr, 2025 11:04:33 - Process finished. Restarting the process...
06 Apr, 2025 11:04:33 - 'Google Main Right Side' scraper started.
06 Apr, 2025 11:05:33 - 'Google Main Right Side' scraper is still running.
06 Apr, 2025 11:05:33 - Last modified time: 107
06 Apr, 2025 11:06:33 - 'Google Main Right Side' scraper is still running.
06 Apr, 2025 11:06:33 - Last modified time: 167
06 Apr, 2025 11:07:33 - 'Google Main Right Side' scraper is not running. Checking if it is stuck...
06 Apr, 2025 11:07:33 - Process finished. Restarting the process...
06 Apr, 2025 11:07:33 - 'Google Main Right Side' scraper started.
06 Apr, 2025 11:08:34 - 'Google Main Right Side' scraper is still running.
06 Apr, 2025 11:08:34 - Last modified time: 109
06 Apr, 2025 11:09:34 - 'Google Main Right Side' scraper is still running.
06 Apr, 2025 11:09:34 - Last modified time: 169
06 Apr, 2025 11:10:34 - 'Google Main Right Side' scraper is not running. Checking if it is stuck...
06 Apr, 2025 11:10:34 - Process finished. Restarting the process...
06 Apr, 2025 11:10:34 - 'Google Main Right Side' scraper started.
06 Apr, 2025 11:11:34 - 'Google Main Right Side' scraper is still running.
06 Apr, 2025 11:11:34 - Last modified time: 105
06 Apr, 2025 11:12:34 - 'Google Main Right Side' scraper is still running.
06 Apr, 2025 11:12:34 - Last modified time: 165
06 Apr, 2025 11:13:34 - 'Google Main Right Side' scraper is not running. Checking if it is stuck...
06 Apr, 2025 11:13:34 - Process finished. Restarting the process...
06 Apr, 2025 11:13:34 - 'Google Main Right Side' scraper started.
06 Apr, 2025 11:14:34 - 'Google Main Right Side' scraper is still running.
06 Apr, 2025 11:14:34 - Last modified time: 106
06 Apr, 2025 11:15:34 - 'Google Main Right Side' scraper is still running.
06 Apr, 2025 11:15:34 - Last modified time: 166
06 Apr, 2025 11:16:34 - 'Google Main Right Side' scraper is not running. Checking if it is stuck...
06 Apr, 2025 11:16:34 - Process finished. Restarting the process...
06 Apr, 2025 11:16:34 - 'Google Main Right Side' scraper started.
06 Apr, 2025 11:17:34 - 'Google Main Right Side' scraper is still running.
06 Apr, 2025 11:17:34 - Last modified time: 107
06 Apr, 2025 11:18:34 - 'Google Main Right Side' scraper is still running.
06 Apr, 2025 11:18:34 - Last modified time: 167
06 Apr, 2025 11:19:34 - 'Google Main Right Side' scraper is not running. Checking if it is stuck...
06 Apr, 2025 11:19:34 - Process finished. Restarting the process...
06 Apr, 2025 11:19:34 - 'Google Main Right Side' scraper started.
06 Apr, 2025 11:20:34 - 'Google Main Right Side' scraper is still running.
06 Apr, 2025 11:20:34 - Last modified time: 107
06 Apr, 2025 11:21:34 - 'Google Main Right Side' scraper is still running.
06 Apr, 2025 11:21:34 - Last modified time: 167
06 Apr, 2025 11:22:35 - 'Google Main Right Side' scraper is not running. Checking if it is stuck...
06 Apr, 2025 11:22:35 - Process finished. Restarting the process...
06 Apr, 2025 11:22:35 - 'Google Main Right Side' scraper started.
06 Apr, 2025 11:23:35 - 'Google Main Right Side' scraper is still running.
06 Apr, 2025 11:23:35 - Last modified time: 109
06 Apr, 2025 11:24:35 - 'Google Main Right Side' scraper is still running.
06 Apr, 2025 11:24:35 - Last modified time: 169
06 Apr, 2025 11:25:35 - 'Google Main Right Side' scraper is not running. Checking if it is stuck...
06 Apr, 2025 11:25:35 - Process finished. Restarting the process...
06 Apr, 2025 11:25:35 - 'Google Main Right Side' scraper started.
06 Apr, 2025 11:26:35 - 'Google Main Right Side' scraper is still running.
06 Apr, 2025 11:26:35 - Last modified time: 105
06 Apr, 2025 11:27:35 - 'Google Main Right Side' scraper is still running.
06 Apr, 2025 11:27:35 - Last modified time: 165
06 Apr, 2025 11:28:35 - 'Google Main Right Side' scraper is not running. Checking if it is stuck...
06 Apr, 2025 11:28:35 - Process finished. Restarting the process...
06 Apr, 2025 11:28:35 - 'Google Main Right Side' scraper started.
06 Apr, 2025 11:29:35 - 'Google Main Right Side' scraper is still running.
06 Apr, 2025 11:29:35 - Last modified time: 106
06 Apr, 2025 11:30:35 - 'Google Main Right Side' scraper is still running.
06 Apr, 2025 11:30:35 - Last modified time: 166
06 Apr, 2025 11:31:35 - 'Google Main Right Side' scraper is not running. Checking if it is stuck...
06 Apr, 2025 11:31:35 - Process finished. Restarting the process...
06 Apr, 2025 11:31:35 - 'Google Main Right Side' scraper started.
06 Apr, 2025 11:32:35 - 'Google Main Right Side' scraper is still running.
06 Apr, 2025 11:32:35 - Last modified time: 106
06 Apr, 2025 11:33:35 - 'Google Main Right Side' scraper is still running.
06 Apr, 2025 11:33:35 - Last modified time: 166
06 Apr, 2025 11:34:35 - 'Google Main Right Side' scraper is not running. Checking if it is stuck...
06 Apr, 2025 11:34:35 - Process finished. Restarting the process...
06 Apr, 2025 11:34:35 - 'Google Main Right Side' scraper started.
06 Apr, 2025 11:35:35 - 'Google Main Right Side' scraper is still running.
06 Apr, 2025 11:35:35 - Last modified time: 107
06 Apr, 2025 11:36:36 - 'Google Main Right Side' scraper is still running.
06 Apr, 2025 11:36:36 - Last modified time: 168
06 Apr, 2025 11:37:36 - 'Google Main Right Side' scraper is not running. Checking if it is stuck...
06 Apr, 2025 11:37:36 - Process finished. Restarting the process...
06 Apr, 2025 11:37:36 - 'Google Main Right Side' scraper started.
06 Apr, 2025 11:38:36 - 'Google Main Right Side' scraper is still running.
06 Apr, 2025 11:38:36 - Last modified time: 109
06 Apr, 2025 11:39:36 - 'Google Main Right Side' scraper is still running.
06 Apr, 2025 11:39:36 - Last modified time: 169
06 Apr, 2025 11:40:36 - 'Google Main Right Side' scraper is not running. Checking if it is stuck...
06 Apr, 2025 11:40:36 - Process finished. Restarting the process...
06 Apr, 2025 11:40:36 - 'Google Main Right Side' scraper started.
06 Apr, 2025 11:41:36 - 'Google Main Right Side' scraper is still running.
06 Apr, 2025 11:41:36 - Last modified time: 105
06 Apr, 2025 11:42:36 - 'Google Main Right Side' scraper is still running.
06 Apr, 2025 11:42:36 - Last modified time: 165
06 Apr, 2025 11:43:36 - 'Google Main Right Side' scraper is not running. Checking if it is stuck...
06 Apr, 2025 11:43:36 - Process finished. Restarting the process...
06 Apr, 2025 11:43:36 - 'Google Main Right Side' scraper started.
06 Apr, 2025 11:44:36 - 'Google Main Right Side' scraper is still running.
06 Apr, 2025 11:44:36 - Last modified time: 105
06 Apr, 2025 11:45:36 - 'Google Main Right Side' scraper is still running.
06 Apr, 2025 11:45:36 - Last modified time: 165
06 Apr, 2025 11:46:36 - 'Google Main Right Side' scraper is not running. Checking if it is stuck...
06 Apr, 2025 11:46:36 - Process finished. Restarting the process...
06 Apr, 2025 11:46:36 - 'Google Main Right Side' scraper started.
06 Apr, 2025 11:47:36 - 'Google Main Right Side' scraper is still running.
06 Apr, 2025 11:47:36 - Last modified time: 106
06 Apr, 2025 11:48:36 - 'Google Main Right Side' scraper is still running.
06 Apr, 2025 11:48:36 - Last modified time: 166
06 Apr, 2025 11:49:36 - 'Google Main Right Side' scraper is not running. Checking if it is stuck...
06 Apr, 2025 11:49:36 - Process finished. Restarting the process...
06 Apr, 2025 11:49:36 - 'Google Main Right Side' scraper started.
06 Apr, 2025 11:50:37 - 'Google Main Right Side' scraper is still running.
06 Apr, 2025 11:50:37 - Last modified time: 108
06 Apr, 2025 11:51:37 - 'Google Main Right Side' scraper is still running.
06 Apr, 2025 11:51:37 - Last modified time: 168
06 Apr, 2025 11:52:37 - 'Google Main Right Side' scraper is not running. Checking if it is stuck...
06 Apr, 2025 11:52:37 - Process finished. Restarting the process...
06 Apr, 2025 11:52:37 - 'Google Main Right Side' scraper started.
06 Apr, 2025 11:53:37 - 'Google Main Right Side' scraper is still running.
06 Apr, 2025 11:53:37 - Last modified time: 104
06 Apr, 2025 11:54:37 - 'Google Main Right Side' scraper is still running.
06 Apr, 2025 11:54:37 - Last modified time: 164
06 Apr, 2025 11:55:37 - 'Google Main Right Side' scraper is not running. Checking if it is stuck...
06 Apr, 2025 11:55:37 - Process finished. Restarting the process...
06 Apr, 2025 11:55:37 - 'Google Main Right Side' scraper started.
06 Apr, 2025 11:56:37 - 'Google Main Right Side' scraper is still running.
06 Apr, 2025 11:56:37 - Last modified time: 105
06 Apr, 2025 11:57:37 - 'Google Main Right Side' scraper is still running.
06 Apr, 2025 11:57:37 - Last modified time: 165
06 Apr, 2025 11:58:37 - 'Google Main Right Side' scraper is not running. Checking if it is stuck...
06 Apr, 2025 11:58:37 - Process finished. Restarting the process...
06 Apr, 2025 11:58:37 - 'Google Main Right Side' scraper started.
06 Apr, 2025 11:59:37 - 'Google Main Right Side' scraper is still running.
06 Apr, 2025 11:59:37 - Last modified time: 105
06 Apr, 2025 12:00:37 - 'Google Main Right Side' scraper is still running.
06 Apr, 2025 12:00:37 - Last modified time: 165
06 Apr, 2025 12:01:37 - 'Google Main Right Side' scraper is not running. Checking if it is stuck...
06 Apr, 2025 12:01:37 - Process finished. Restarting the process...
06 Apr, 2025 12:01:37 - 'Google Main Right Side' scraper started.
06 Apr, 2025 12:02:37 - 'Google Main Right Side' scraper is still running.
06 Apr, 2025 12:02:37 - Last modified time: 106
06 Apr, 2025 12:03:37 - 'Google Main Right Side' scraper is still running.
06 Apr, 2025 12:03:37 - Last modified time: 166
06 Apr, 2025 12:04:38 - 'Google Main Right Side' scraper is not running. Checking if it is stuck...
06 Apr, 2025 12:04:38 - Process finished. Restarting the process...
06 Apr, 2025 12:04:38 - 'Google Main Right Side' scraper started.
06 Apr, 2025 12:05:38 - 'Google Main Right Side' scraper is still running.
06 Apr, 2025 12:05:38 - Last modified time: 108
06 Apr, 2025 12:06:38 - 'Google Main Right Side' scraper is still running.
06 Apr, 2025 12:06:38 - Last modified time: 168
06 Apr, 2025 12:07:38 - 'Google Main Right Side' scraper is not running. Checking if it is stuck...
06 Apr, 2025 12:07:38 - Process finished. Restarting the process...
06 Apr, 2025 12:07:38 - 'Google Main Right Side' scraper started.
06 Apr, 2025 12:08:38 - 'Google Main Right Side' scraper is still running.
06 Apr, 2025 12:08:38 - Last modified time: 109
06 Apr, 2025 12:09:38 - 'Google Main Right Side' scraper is still running.
06 Apr, 2025 12:09:38 - Last modified time: 169
06 Apr, 2025 12:10:38 - 'Google Main Right Side' scraper is not running. Checking if it is stuck...
06 Apr, 2025 12:10:38 - Process finished. Restarting the process...
06 Apr, 2025 12:10:38 - 'Google Main Right Side' scraper started.
06 Apr, 2025 12:11:38 - 'Google Main Right Side' scraper is still running.
06 Apr, 2025 12:11:38 - Last modified time: 104
06 Apr, 2025 12:12:38 - 'Google Main Right Side' scraper is still running.
06 Apr, 2025 12:12:38 - Last modified time: 164
06 Apr, 2025 12:13:38 - 'Google Main Right Side' scraper is not running. Checking if it is stuck...
06 Apr, 2025 12:13:38 - Process finished. Restarting the process...
06 Apr, 2025 12:13:38 - 'Google Main Right Side' scraper started.
06 Apr, 2025 12:14:38 - 'Google Main Right Side' scraper is still running.
06 Apr, 2025 12:14:38 - Last modified time: 105
06 Apr, 2025 12:15:38 - 'Google Main Right Side' scraper is still running.
06 Apr, 2025 12:15:38 - Last modified time: 165
06 Apr, 2025 12:16:38 - 'Google Main Right Side' scraper is not running. Checking if it is stuck...
06 Apr, 2025 12:16:38 - Process finished. Restarting the process...
06 Apr, 2025 12:16:38 - 'Google Main Right Side' scraper started.
06 Apr, 2025 12:17:38 - 'Google Main Right Side' scraper is still running.
06 Apr, 2025 12:17:39 - Last modified time: 107
06 Apr, 2025 12:18:39 - 'Google Main Right Side' scraper is still running.
06 Apr, 2025 12:18:39 - Last modified time: 167
06 Apr, 2025 12:19:39 - 'Google Main Right Side' scraper is not running. Checking if it is stuck...
06 Apr, 2025 12:19:39 - Process finished. Restarting the process...
06 Apr, 2025 12:19:39 - 'Google Main Right Side' scraper started.
06 Apr, 2025 12:20:39 - 'Google Main Right Side' scraper is still running.
06 Apr, 2025 12:20:39 - Last modified time: 108
06 Apr, 2025 12:21:39 - 'Google Main Right Side' scraper is still running.
06 Apr, 2025 12:21:39 - Last modified time: 168
06 Apr, 2025 12:22:39 - 'Google Main Right Side' scraper is not running. Checking if it is stuck...
06 Apr, 2025 12:22:39 - Process finished. Restarting the process...
06 Apr, 2025 12:22:39 - 'Google Main Right Side' scraper started.
06 Apr, 2025 12:23:39 - 'Google Main Right Side' scraper is still running.
06 Apr, 2025 12:23:39 - Last modified time: 109
06 Apr, 2025 12:24:39 - 'Google Main Right Side' scraper is still running.
06 Apr, 2025 12:24:39 - Last modified time: 169
06 Apr, 2025 12:25:39 - 'Google Main Right Side' scraper is not running. Checking if it is stuck...
06 Apr, 2025 12:25:39 - Process finished. Restarting the process...
06 Apr, 2025 12:25:39 - 'Google Main Right Side' scraper started.
06 Apr, 2025 12:26:39 - 'Google Main Right Side' scraper is still running.
06 Apr, 2025 12:26:39 - Last modified time: 104
06 Apr, 2025 12:27:39 - 'Google Main Right Side' scraper is still running.
06 Apr, 2025 12:27:39 - Last modified time: 164
06 Apr, 2025 12:28:39 - 'Google Main Right Side' scraper is not running. Checking if it is stuck...
06 Apr, 2025 12:28:39 - Process finished. Restarting the process...
06 Apr, 2025 12:28:39 - 'Google Main Right Side' scraper started.
06 Apr, 2025 12:29:39 - 'Google Main Right Side' scraper is still running.
06 Apr, 2025 12:29:39 - Last modified time: 105
06 Apr, 2025 12:30:39 - 'Google Main Right Side' scraper is still running.
06 Apr, 2025 12:30:39 - Last modified time: 165
06 Apr, 2025 12:31:40 - 'Google Main Right Side' scraper is not running. Checking if it is stuck...
06 Apr, 2025 12:31:40 - Process finished. Restarting the process...
06 Apr, 2025 12:31:40 - 'Google Main Right Side' scraper started.
06 Apr, 2025 12:32:40 - 'Google Main Right Side' scraper is still running.
06 Apr, 2025 12:32:40 - Last modified time: 107
06 Apr, 2025 12:33:40 - 'Google Main Right Side' scraper is still running.
06 Apr, 2025 12:33:40 - Last modified time: 167
06 Apr, 2025 12:34:40 - 'Google Main Right Side' scraper is not running. Checking if it is stuck...
06 Apr, 2025 12:34:40 - Process finished. Restarting the process...
06 Apr, 2025 12:34:40 - 'Google Main Right Side' scraper started.
06 Apr, 2025 12:35:40 - 'Google Main Right Side' scraper is still running.
06 Apr, 2025 12:35:40 - Last modified time: 108
06 Apr, 2025 12:36:40 - 'Google Main Right Side' scraper is still running.
06 Apr, 2025 12:36:40 - Last modified time: 168
06 Apr, 2025 12:37:40 - 'Google Main Right Side' scraper is not running. Checking if it is stuck...
06 Apr, 2025 12:37:40 - Process finished. Restarting the process...
06 Apr, 2025 12:37:40 - 'Google Main Right Side' scraper started.
06 Apr, 2025 12:38:40 - 'Google Main Right Side' scraper is still running.
06 Apr, 2025 12:38:40 - Last modified time: 109
06 Apr, 2025 12:39:40 - 'Google Main Right Side' scraper is still running.
06 Apr, 2025 12:39:40 - Last modified time: 169
06 Apr, 2025 12:40:40 - 'Google Main Right Side' scraper is not running. Checking if it is stuck...
06 Apr, 2025 12:40:40 - Process finished. Restarting the process...
06 Apr, 2025 12:40:40 - 'Google Main Right Side' scraper started.
06 Apr, 2025 12:41:40 - 'Google Main Right Side' scraper is still running.
06 Apr, 2025 12:41:40 - Last modified time: 104
06 Apr, 2025 12:42:40 - 'Google Main Right Side' scraper is still running.
06 Apr, 2025 12:42:40 - Last modified time: 164
06 Apr, 2025 12:43:40 - 'Google Main Right Side' scraper is not running. Checking if it is stuck...
06 Apr, 2025 12:43:40 - Process finished. Restarting the process...
06 Apr, 2025 12:43:40 - 'Google Main Right Side' scraper started.
06 Apr, 2025 12:44:41 - 'Google Main Right Side' scraper is still running.
06 Apr, 2025 12:44:41 - Last modified time: 106
06 Apr, 2025 12:45:41 - 'Google Main Right Side' scraper is still running.
06 Apr, 2025 12:45:41 - Last modified time: 166
06 Apr, 2025 12:46:41 - 'Google Main Right Side' scraper is not running. Checking if it is stuck...
06 Apr, 2025 12:46:41 - Process finished. Restarting the process...
06 Apr, 2025 12:46:41 - 'Google Main Right Side' scraper started.
06 Apr, 2025 12:47:41 - 'Google Main Right Side' scraper is still running.
06 Apr, 2025 12:47:41 - Last modified time: 107
06 Apr, 2025 12:48:41 - 'Google Main Right Side' scraper is still running.
06 Apr, 2025 12:48:41 - Last modified time: 167
06 Apr, 2025 12:49:41 - 'Google Main Right Side' scraper is not running. Checking if it is stuck...
06 Apr, 2025 12:49:41 - Process finished. Restarting the process...
06 Apr, 2025 12:49:41 - 'Google Main Right Side' scraper started.
06 Apr, 2025 12:50:41 - 'Google Main Right Side' scraper is still running.
06 Apr, 2025 12:50:41 - Last modified time: 108
06 Apr, 2025 12:51:41 - 'Google Main Right Side' scraper is still running.
06 Apr, 2025 12:51:41 - Last modified time: 168
06 Apr, 2025 12:52:41 - 'Google Main Right Side' scraper is not running. Checking if it is stuck...
06 Apr, 2025 12:52:41 - Process finished. Restarting the process...
06 Apr, 2025 12:52:41 - 'Google Main Right Side' scraper started.
06 Apr, 2025 12:53:41 - 'Google Main Right Side' scraper is still running.
06 Apr, 2025 12:53:41 - Last modified time: 108
06 Apr, 2025 12:54:41 - 'Google Main Right Side' scraper is still running.
06 Apr, 2025 12:54:41 - Last modified time: 168
06 Apr, 2025 12:55:41 - 'Google Main Right Side' scraper is not running. Checking if it is stuck...
06 Apr, 2025 12:55:41 - Process finished. Restarting the process...
06 Apr, 2025 12:55:41 - 'Google Main Right Side' scraper started.
06 Apr, 2025 12:56:41 - 'Google Main Right Side' scraper is still running.
06 Apr, 2025 12:56:41 - Last modified time: 104
06 Apr, 2025 12:57:41 - 'Google Main Right Side' scraper is still running.
06 Apr, 2025 12:57:41 - Last modified time: 164
06 Apr, 2025 12:58:42 - 'Google Main Right Side' scraper is not running. Checking if it is stuck...
06 Apr, 2025 12:58:42 - Process finished. Restarting the process...
06 Apr, 2025 12:58:42 - 'Google Main Right Side' scraper started.
06 Apr, 2025 12:59:42 - 'Google Main Right Side' scraper is still running.
06 Apr, 2025 12:59:42 - Last modified time: 106
06 Apr, 2025 13:00:42 - 'Google Main Right Side' scraper is still running.
06 Apr, 2025 13:00:42 - Last modified time: 166
06 Apr, 2025 13:01:42 - 'Google Main Right Side' scraper is not running. Checking if it is stuck...
06 Apr, 2025 13:01:42 - Process finished. Restarting the process...
06 Apr, 2025 13:01:42 - 'Google Main Right Side' scraper started.
06 Apr, 2025 13:02:42 - 'Google Main Right Side' scraper is still running.
06 Apr, 2025 13:02:42 - Last modified time: 107
06 Apr, 2025 13:03:42 - 'Google Main Right Side' scraper is still running.
06 Apr, 2025 13:03:42 - Last modified time: 167
06 Apr, 2025 13:04:42 - 'Google Main Right Side' scraper is not running. Checking if it is stuck...
06 Apr, 2025 13:04:42 - Process finished. Restarting the process...
06 Apr, 2025 13:04:42 - 'Google Main Right Side' scraper started.
06 Apr, 2025 13:05:42 - 'Google Main Right Side' scraper is still running.
06 Apr, 2025 13:05:42 - Last modified time: 107
06 Apr, 2025 13:06:42 - 'Google Main Right Side' scraper is still running.
06 Apr, 2025 13:06:42 - Last modified time: 167
06 Apr, 2025 13:07:42 - 'Google Main Right Side' scraper is not running. Checking if it is stuck...
06 Apr, 2025 13:07:42 - Process finished. Restarting the process...
06 Apr, 2025 13:07:42 - 'Google Main Right Side' scraper started.
06 Apr, 2025 13:08:42 - 'Google Main Right Side' scraper is still running.
06 Apr, 2025 13:08:42 - Last modified time: 108
06 Apr, 2025 13:09:42 - 'Google Main Right Side' scraper is still running.
06 Apr, 2025 13:09:42 - Last modified time: 168
06 Apr, 2025 13:10:42 - 'Google Main Right Side' scraper is not running. Checking if it is stuck...
06 Apr, 2025 13:10:42 - Process finished. Restarting the process...
06 Apr, 2025 13:10:42 - 'Google Main Right Side' scraper started.
06 Apr, 2025 13:11:42 - 'Google Main Right Side' scraper is still running.
06 Apr, 2025 13:11:42 - Last modified time: 104
06 Apr, 2025 13:12:42 - 'Google Main Right Side' scraper is still running.
06 Apr, 2025 13:12:43 - Last modified time: 164
06 Apr, 2025 13:13:43 - 'Google Main Right Side' scraper is not running. Checking if it is stuck...
06 Apr, 2025 13:13:43 - Process finished. Restarting the process...
06 Apr, 2025 13:13:43 - 'Google Main Right Side' scraper started.
06 Apr, 2025 13:14:43 - 'Google Main Right Side' scraper is still running.
06 Apr, 2025 13:14:43 - Last modified time: 106
06 Apr, 2025 13:15:43 - 'Google Main Right Side' scraper is still running.
06 Apr, 2025 13:15:43 - Last modified time: 166
06 Apr, 2025 13:16:43 - 'Google Main Right Side' scraper is not running. Checking if it is stuck...
06 Apr, 2025 13:16:43 - Process finished. Restarting the process...
06 Apr, 2025 13:16:43 - 'Google Main Right Side' scraper started.
06 Apr, 2025 13:17:43 - 'Google Main Right Side' scraper is still running.
06 Apr, 2025 13:17:43 - Last modified time: 107
06 Apr, 2025 13:18:43 - 'Google Main Right Side' scraper is still running.
06 Apr, 2025 13:18:43 - Last modified time: 167
06 Apr, 2025 13:19:43 - 'Google Main Right Side' scraper is not running. Checking if it is stuck...
06 Apr, 2025 13:19:43 - Process finished. Restarting the process...
06 Apr, 2025 13:19:43 - 'Google Main Right Side' scraper started.
06 Apr, 2025 13:20:43 - 'Google Main Right Side' scraper is still running.
06 Apr, 2025 13:20:43 - Last modified time: 107
06 Apr, 2025 13:21:43 - 'Google Main Right Side' scraper is still running.
06 Apr, 2025 13:21:43 - Last modified time: 167
06 Apr, 2025 13:22:43 - 'Google Main Right Side' scraper is not running. Checking if it is stuck...
06 Apr, 2025 13:22:43 - Process finished. Restarting the process...
06 Apr, 2025 13:22:43 - 'Google Main Right Side' scraper started.
06 Apr, 2025 13:23:43 - 'Google Main Right Side' scraper is still running.
06 Apr, 2025 13:23:43 - Last modified time: 108
06 Apr, 2025 13:24:43 - 'Google Main Right Side' scraper is still running.
06 Apr, 2025 13:24:43 - Last modified time: 168
06 Apr, 2025 13:25:43 - 'Google Main Right Side' scraper is not running. Checking if it is stuck...
06 Apr, 2025 13:25:43 - Process finished. Restarting the process...
06 Apr, 2025 13:25:43 - 'Google Main Right Side' scraper started.
06 Apr, 2025 13:26:43 - 'Google Main Right Side' scraper is still running.
06 Apr, 2025 13:26:43 - Last modified time: 104
06 Apr, 2025 13:27:44 - 'Google Main Right Side' scraper is still running.
06 Apr, 2025 13:27:44 - Last modified time: 165
06 Apr, 2025 13:28:44 - 'Google Main Right Side' scraper is not running. Checking if it is stuck...
06 Apr, 2025 13:28:44 - Process finished. Restarting the process...
06 Apr, 2025 13:28:44 - 'Google Main Right Side' scraper started.
06 Apr, 2025 13:29:44 - 'Google Main Right Side' scraper is still running.
06 Apr, 2025 13:29:44 - Last modified time: 106
06 Apr, 2025 13:30:44 - 'Google Main Right Side' scraper is still running.
06 Apr, 2025 13:30:44 - Last modified time: 166
06 Apr, 2025 13:31:44 - 'Google Main Right Side' scraper is not running. Checking if it is stuck...
06 Apr, 2025 13:31:44 - Process finished. Restarting the process...
06 Apr, 2025 13:31:44 - 'Google Main Right Side' scraper started.
06 Apr, 2025 13:32:44 - 'Google Main Right Side' scraper is still running.
06 Apr, 2025 13:32:44 - Last modified time: 106
06 Apr, 2025 13:33:44 - 'Google Main Right Side' scraper is still running.
06 Apr, 2025 13:33:44 - Last modified time: 166
06 Apr, 2025 13:34:44 - 'Google Main Right Side' scraper is not running. Checking if it is stuck...
06 Apr, 2025 13:34:44 - Process finished. Restarting the process...
06 Apr, 2025 13:34:44 - 'Google Main Right Side' scraper started.
06 Apr, 2025 13:35:44 - 'Google Main Right Side' scraper is still running.
06 Apr, 2025 13:35:44 - Last modified time: 107
06 Apr, 2025 13:36:44 - 'Google Main Right Side' scraper is still running.
06 Apr, 2025 13:36:44 - Last modified time: 167
06 Apr, 2025 13:37:44 - 'Google Main Right Side' scraper is not running. Checking if it is stuck...
06 Apr, 2025 13:37:44 - Process finished. Restarting the process...
06 Apr, 2025 13:37:44 - 'Google Main Right Side' scraper started.
06 Apr, 2025 13:38:44 - 'Google Main Right Side' scraper is still running.
06 Apr, 2025 13:38:44 - Last modified time: 108
06 Apr, 2025 13:39:44 - 'Google Main Right Side' scraper is still running.
06 Apr, 2025 13:39:44 - Last modified time: 168
06 Apr, 2025 13:40:45 - 'Google Main Right Side' scraper is not running. Checking if it is stuck...
06 Apr, 2025 13:40:45 - Process finished. Restarting the process...
06 Apr, 2025 13:40:45 - 'Google Main Right Side' scraper started.
06 Apr, 2025 13:41:45 - 'Google Main Right Side' scraper is still running.
06 Apr, 2025 13:41:45 - Last modified time: 110
06 Apr, 2025 13:42:45 - 'Google Main Right Side' scraper is still running.
06 Apr, 2025 13:42:45 - Last modified time: 170
06 Apr, 2025 13:43:45 - 'Google Main Right Side' scraper is not running. Checking if it is stuck...
06 Apr, 2025 13:43:45 - Process finished. Restarting the process...
06 Apr, 2025 13:43:45 - 'Google Main Right Side' scraper started.
06 Apr, 2025 13:44:45 - 'Google Main Right Side' scraper is still running.
06 Apr, 2025 13:44:45 - Last modified time: 106
06 Apr, 2025 13:45:45 - 'Google Main Right Side' scraper is still running.
06 Apr, 2025 13:45:45 - Last modified time: 166
06 Apr, 2025 13:46:45 - 'Google Main Right Side' scraper is not running. Checking if it is stuck...
06 Apr, 2025 13:46:45 - Process finished. Restarting the process...
06 Apr, 2025 13:46:45 - 'Google Main Right Side' scraper started.
06 Apr, 2025 13:47:45 - 'Google Main Right Side' scraper is still running.
06 Apr, 2025 13:47:45 - Last modified time: 106
06 Apr, 2025 13:48:45 - 'Google Main Right Side' scraper is still running.
06 Apr, 2025 13:48:45 - Last modified time: 166
06 Apr, 2025 13:49:45 - 'Google Main Right Side' scraper is not running. Checking if it is stuck...
06 Apr, 2025 13:49:45 - Process finished. Restarting the process...
06 Apr, 2025 13:49:45 - 'Google Main Right Side' scraper started.
06 Apr, 2025 13:50:45 - 'Google Main Right Side' scraper is still running.
06 Apr, 2025 13:50:45 - Last modified time: 107
06 Apr, 2025 13:51:45 - 'Google Main Right Side' scraper is still running.
06 Apr, 2025 13:51:45 - Last modified time: 167
06 Apr, 2025 13:52:45 - 'Google Main Right Side' scraper is not running. Checking if it is stuck...
06 Apr, 2025 13:52:45 - Process finished. Restarting the process...
06 Apr, 2025 13:52:45 - 'Google Main Right Side' scraper started.
06 Apr, 2025 13:53:45 - 'Google Main Right Side' scraper is still running.
06 Apr, 2025 13:53:45 - Last modified time: 108
06 Apr, 2025 13:54:46 - 'Google Main Right Side' scraper is still running.
06 Apr, 2025 13:54:46 - Last modified time: 169
06 Apr, 2025 13:55:46 - 'Google Main Right Side' scraper is not running. Checking if it is stuck...
06 Apr, 2025 13:55:46 - Process finished. Restarting the process...
06 Apr, 2025 13:55:46 - 'Google Main Right Side' scraper started.
06 Apr, 2025 13:56:46 - 'Google Main Right Side' scraper is still running.
06 Apr, 2025 13:56:46 - Last modified time: 110
06 Apr, 2025 13:57:46 - 'Google Main Right Side' scraper is still running.
06 Apr, 2025 13:57:46 - Last modified time: 170
06 Apr, 2025 13:58:46 - 'Google Main Right Side' scraper is not running. Checking if it is stuck...
06 Apr, 2025 13:58:46 - Process finished. Restarting the process...
06 Apr, 2025 13:58:46 - 'Google Main Right Side' scraper started.
06 Apr, 2025 13:59:46 - 'Google Main Right Side' scraper is still running.
06 Apr, 2025 13:59:46 - Last modified time: 105
06 Apr, 2025 14:00:46 - 'Google Main Right Side' scraper is still running.
06 Apr, 2025 14:00:46 - Last modified time: 165
06 Apr, 2025 14:01:46 - 'Google Main Right Side' scraper is not running. Checking if it is stuck...
06 Apr, 2025 14:01:46 - Process finished. Restarting the process...
06 Apr, 2025 14:01:46 - 'Google Main Right Side' scraper started.
06 Apr, 2025 14:02:46 - 'Google Main Right Side' scraper is still running.
06 Apr, 2025 14:02:46 - Last modified time: 106
06 Apr, 2025 14:03:46 - 'Google Main Right Side' scraper is still running.
06 Apr, 2025 14:03:46 - Last modified time: 166
06 Apr, 2025 14:04:46 - 'Google Main Right Side' scraper is not running. Checking if it is stuck...
06 Apr, 2025 14:04:46 - Process finished. Restarting the process...
06 Apr, 2025 14:04:46 - 'Google Main Right Side' scraper started.
06 Apr, 2025 14:05:46 - 'Google Main Right Side' scraper is still running.
06 Apr, 2025 14:05:46 - Last modified time: 107
06 Apr, 2025 14:06:46 - 'Google Main Right Side' scraper is still running.
06 Apr, 2025 14:06:46 - Last modified time: 167
06 Apr, 2025 14:07:46 - 'Google Main Right Side' scraper is not running. Checking if it is stuck...
06 Apr, 2025 14:07:46 - Process finished. Restarting the process...
06 Apr, 2025 14:07:47 - 'Google Main Right Side' scraper started.
06 Apr, 2025 14:08:47 - 'Google Main Right Side' scraper is still running.
06 Apr, 2025 14:08:47 - Last modified time: 109
06 Apr, 2025 14:09:47 - 'Google Main Right Side' scraper is still running.
06 Apr, 2025 14:09:47 - Last modified time: 169
06 Apr, 2025 14:10:47 - 'Google Main Right Side' scraper is not running. Checking if it is stuck...
06 Apr, 2025 14:10:47 - Process finished. Restarting the process...
06 Apr, 2025 14:10:47 - 'Google Main Right Side' scraper started.
06 Apr, 2025 14:11:47 - 'Google Main Right Side' scraper is still running.
06 Apr, 2025 14:11:47 - Last modified time: 110
06 Apr, 2025 14:12:47 - 'Google Main Right Side' scraper is still running.
06 Apr, 2025 14:12:47 - Last modified time: 170
06 Apr, 2025 14:13:47 - 'Google Main Right Side' scraper is not running. Checking if it is stuck...
06 Apr, 2025 14:13:47 - Process finished. Restarting the process...
06 Apr, 2025 14:13:47 - 'Google Main Right Side' scraper started.
06 Apr, 2025 14:14:47 - 'Google Main Right Side' scraper is still running.
06 Apr, 2025 14:14:47 - Last modified time: 105
06 Apr, 2025 14:15:47 - 'Google Main Right Side' scraper is still running.
06 Apr, 2025 14:15:47 - Last modified time: 165
06 Apr, 2025 14:16:47 - 'Google Main Right Side' scraper is not running. Checking if it is stuck...
06 Apr, 2025 14:16:47 - Process finished. Restarting the process...
06 Apr, 2025 14:16:47 - 'Google Main Right Side' scraper started.
06 Apr, 2025 14:17:47 - 'Google Main Right Side' scraper is still running.
06 Apr, 2025 14:17:47 - Last modified time: 106
06 Apr, 2025 14:18:47 - 'Google Main Right Side' scraper is still running.
06 Apr, 2025 14:18:47 - Last modified time: 166
06 Apr, 2025 14:19:47 - 'Google Main Right Side' scraper is not running. Checking if it is stuck...
06 Apr, 2025 14:19:47 - Process finished. Restarting the process...
06 Apr, 2025 14:19:47 - 'Google Main Right Side' scraper started.
06 Apr, 2025 14:20:47 - 'Google Main Right Side' scraper is still running.
06 Apr, 2025 14:20:47 - Last modified time: 107
06 Apr, 2025 14:21:47 - 'Google Main Right Side' scraper is still running.
06 Apr, 2025 14:21:48 - Last modified time: 168
06 Apr, 2025 14:22:48 - 'Google Main Right Side' scraper is not running. Checking if it is stuck...
06 Apr, 2025 14:22:48 - Process finished. Restarting the process...
06 Apr, 2025 14:22:48 - 'Google Main Right Side' scraper started.
06 Apr, 2025 14:23:48 - 'Google Main Right Side' scraper is still running.
06 Apr, 2025 14:23:48 - Last modified time: 109
06 Apr, 2025 14:24:48 - 'Google Main Right Side' scraper is still running.
06 Apr, 2025 14:24:48 - Last modified time: 169
06 Apr, 2025 14:25:48 - 'Google Main Right Side' scraper is not running. Checking if it is stuck...
06 Apr, 2025 14:25:48 - Process finished. Restarting the process...
06 Apr, 2025 14:25:48 - 'Google Main Right Side' scraper started.
06 Apr, 2025 14:26:48 - 'Google Main Right Side' scraper is still running.
06 Apr, 2025 14:26:48 - Last modified time: 109
06 Apr, 2025 14:27:48 - 'Google Main Right Side' scraper is still running.
06 Apr, 2025 14:27:48 - Last modified time: 169
06 Apr, 2025 14:28:48 - 'Google Main Right Side' scraper is not running. Checking if it is stuck...
06 Apr, 2025 14:28:48 - Process finished. Restarting the process...
06 Apr, 2025 14:28:48 - 'Google Main Right Side' scraper started.
06 Apr, 2025 14:29:48 - 'Google Main Right Side' scraper is still running.
06 Apr, 2025 14:29:48 - Last modified time: 105
06 Apr, 2025 14:30:48 - 'Google Main Right Side' scraper is still running.
06 Apr, 2025 14:30:48 - Last modified time: 165
06 Apr, 2025 14:31:48 - 'Google Main Right Side' scraper is not running. Checking if it is stuck...
06 Apr, 2025 14:31:48 - Process finished. Restarting the process...
06 Apr, 2025 14:31:48 - 'Google Main Right Side' scraper started.
06 Apr, 2025 14:32:48 - 'Google Main Right Side' scraper is still running.
06 Apr, 2025 14:32:48 - Last modified time: 106
06 Apr, 2025 14:33:48 - 'Google Main Right Side' scraper is still running.
06 Apr, 2025 14:33:48 - Last modified time: 166
06 Apr, 2025 14:34:48 - 'Google Main Right Side' scraper is not running. Checking if it is stuck...
06 Apr, 2025 14:34:48 - Process finished. Restarting the process...
06 Apr, 2025 14:34:48 - 'Google Main Right Side' scraper started.
06 Apr, 2025 14:35:48 - 'Google Main Right Side' scraper is still running.
06 Apr, 2025 14:35:48 - Last modified time: 107
06 Apr, 2025 14:36:49 - 'Google Main Right Side' scraper is still running.
06 Apr, 2025 14:36:49 - Last modified time: 168
06 Apr, 2025 14:37:49 - 'Google Main Right Side' scraper is not running. Checking if it is stuck...
06 Apr, 2025 14:37:49 - Process finished. Restarting the process...
06 Apr, 2025 14:37:49 - 'Google Main Right Side' scraper started.
06 Apr, 2025 14:38:49 - 'Google Main Right Side' scraper is still running.
06 Apr, 2025 14:38:49 - Last modified time: 109
06 Apr, 2025 14:39:49 - 'Google Main Right Side' scraper is still running.
06 Apr, 2025 14:39:49 - Last modified time: 169
06 Apr, 2025 14:40:49 - 'Google Main Right Side' scraper is not running. Checking if it is stuck...
06 Apr, 2025 14:40:49 - Process finished. Restarting the process...
06 Apr, 2025 14:40:49 - 'Google Main Right Side' scraper started.
06 Apr, 2025 14:41:49 - 'Google Main Right Side' scraper is still running.
06 Apr, 2025 14:41:49 - Last modified time: 109
06 Apr, 2025 14:42:49 - 'Google Main Right Side' scraper is still running.
06 Apr, 2025 14:42:49 - Last modified time: 169
06 Apr, 2025 14:43:49 - 'Google Main Right Side' scraper is not running. Checking if it is stuck...
06 Apr, 2025 14:43:49 - Process finished. Restarting the process...
06 Apr, 2025 14:43:49 - 'Google Main Right Side' scraper started.
06 Apr, 2025 14:44:49 - 'Google Main Right Side' scraper is still running.
06 Apr, 2025 14:44:49 - Last modified time: 105
06 Apr, 2025 14:45:49 - 'Google Main Right Side' scraper is still running.
06 Apr, 2025 14:45:49 - Last modified time: 165
06 Apr, 2025 14:46:49 - 'Google Main Right Side' scraper is not running. Checking if it is stuck...
06 Apr, 2025 14:46:49 - Process finished. Restarting the process...
06 Apr, 2025 14:46:49 - 'Google Main Right Side' scraper started.
06 Apr, 2025 14:47:49 - 'Google Main Right Side' scraper is still running.
06 Apr, 2025 14:47:49 - Last modified time: 106
06 Apr, 2025 14:48:49 - 'Google Main Right Side' scraper is still running.
06 Apr, 2025 14:48:49 - Last modified time: 166
06 Apr, 2025 14:49:49 - 'Google Main Right Side' scraper is not running. Checking if it is stuck...
06 Apr, 2025 14:49:49 - Process finished. Restarting the process...
06 Apr, 2025 14:49:50 - 'Google Main Right Side' scraper started.
06 Apr, 2025 14:50:50 - 'Google Main Right Side' scraper is still running.
06 Apr, 2025 14:50:50 - Last modified time: 108
06 Apr, 2025 14:51:50 - 'Google Main Right Side' scraper is still running.
06 Apr, 2025 14:51:50 - Last modified time: 168
06 Apr, 2025 14:52:50 - 'Google Main Right Side' scraper is not running. Checking if it is stuck...
06 Apr, 2025 14:52:50 - Process finished. Restarting the process...
06 Apr, 2025 14:52:50 - 'Google Main Right Side' scraper started.
06 Apr, 2025 14:53:50 - 'Google Main Right Side' scraper is still running.
06 Apr, 2025 14:53:50 - Last modified time: 108
06 Apr, 2025 14:54:50 - 'Google Main Right Side' scraper is still running.
06 Apr, 2025 14:54:50 - Last modified time: 168
06 Apr, 2025 14:55:50 - 'Google Main Right Side' scraper is not running. Checking if it is stuck...
06 Apr, 2025 14:55:50 - Process finished. Restarting the process...
06 Apr, 2025 14:55:50 - 'Google Main Right Side' scraper started.
06 Apr, 2025 14:56:50 - 'Google Main Right Side' scraper is still running.
06 Apr, 2025 14:56:50 - Last modified time: 109
06 Apr, 2025 14:57:50 - 'Google Main Right Side' scraper is still running.
06 Apr, 2025 14:57:50 - Last modified time: 169
06 Apr, 2025 14:58:50 - 'Google Main Right Side' scraper is not running. Checking if it is stuck...
06 Apr, 2025 14:58:50 - Process finished. Restarting the process...
06 Apr, 2025 14:58:50 - 'Google Main Right Side' scraper started.
06 Apr, 2025 14:59:50 - 'Google Main Right Side' scraper is still running.
06 Apr, 2025 14:59:50 - Last modified time: 105
06 Apr, 2025 15:00:50 - 'Google Main Right Side' scraper is still running.
06 Apr, 2025 15:00:50 - Last modified time: 165
06 Apr, 2025 15:01:50 - 'Google Main Right Side' scraper is not running. Checking if it is stuck...
06 Apr, 2025 15:01:50 - Process finished. Restarting the process...
06 Apr, 2025 15:01:50 - 'Google Main Right Side' scraper started.
06 Apr, 2025 15:02:50 - 'Google Main Right Side' scraper is still running.
06 Apr, 2025 15:02:50 - Last modified time: 106
06 Apr, 2025 15:03:51 - 'Google Main Right Side' scraper is still running.
06 Apr, 2025 15:03:51 - Last modified time: 167
06 Apr, 2025 15:04:51 - 'Google Main Right Side' scraper is not running. Checking if it is stuck...
06 Apr, 2025 15:04:51 - Process finished. Restarting the process...
06 Apr, 2025 15:04:51 - 'Google Main Right Side' scraper started.
06 Apr, 2025 15:05:51 - 'Google Main Right Side' scraper is still running.
06 Apr, 2025 15:05:51 - Last modified time: 108
06 Apr, 2025 15:06:51 - 'Google Main Right Side' scraper is still running.
06 Apr, 2025 15:06:51 - Last modified time: 168
06 Apr, 2025 15:07:51 - 'Google Main Right Side' scraper is not running. Checking if it is stuck...
06 Apr, 2025 15:07:51 - Process finished. Restarting the process...
06 Apr, 2025 15:07:51 - 'Google Main Right Side' scraper started.
06 Apr, 2025 15:08:51 - 'Google Main Right Side' scraper is still running.
06 Apr, 2025 15:08:51 - Last modified time: 108
06 Apr, 2025 15:09:51 - 'Google Main Right Side' scraper is still running.
06 Apr, 2025 15:09:51 - Last modified time: 168
06 Apr, 2025 15:10:51 - 'Google Main Right Side' scraper is not running. Checking if it is stuck...
06 Apr, 2025 15:10:51 - Process finished. Restarting the process...
06 Apr, 2025 15:10:51 - 'Google Main Right Side' scraper started.
06 Apr, 2025 15:11:51 - 'Google Main Right Side' scraper is still running.
06 Apr, 2025 15:11:51 - Last modified time: 109
06 Apr, 2025 15:12:51 - 'Google Main Right Side' scraper is still running.
06 Apr, 2025 15:12:51 - Last modified time: 169
06 Apr, 2025 15:13:51 - 'Google Main Right Side' scraper is not running. Checking if it is stuck...
06 Apr, 2025 15:13:51 - Process finished. Restarting the process...
06 Apr, 2025 15:13:51 - 'Google Main Right Side' scraper started.
06 Apr, 2025 15:14:51 - 'Google Main Right Side' scraper is still running.
06 Apr, 2025 15:14:51 - Last modified time: 105
06 Apr, 2025 15:15:51 - 'Google Main Right Side' scraper is still running.
06 Apr, 2025 15:15:51 - Last modified time: 165
06 Apr, 2025 15:16:51 - 'Google Main Right Side' scraper is not running. Checking if it is stuck...
06 Apr, 2025 15:16:52 - Process finished. Restarting the process...
06 Apr, 2025 15:16:52 - 'Google Main Right Side' scraper started.
06 Apr, 2025 15:17:52 - 'Google Main Right Side' scraper is still running.
06 Apr, 2025 15:17:52 - Last modified time: 107
06 Apr, 2025 15:18:52 - 'Google Main Right Side' scraper is still running.
06 Apr, 2025 15:18:52 - Last modified time: 167
06 Apr, 2025 15:19:52 - 'Google Main Right Side' scraper is not running. Checking if it is stuck...
06 Apr, 2025 15:19:52 - Process finished. Restarting the process...
06 Apr, 2025 15:19:52 - 'Google Main Right Side' scraper started.
06 Apr, 2025 15:20:52 - 'Google Main Right Side' scraper is still running.
06 Apr, 2025 15:20:52 - Last modified time: 107
06 Apr, 2025 15:21:52 - 'Google Main Right Side' scraper is still running.
06 Apr, 2025 15:21:52 - Last modified time: 167
06 Apr, 2025 15:22:52 - 'Google Main Right Side' scraper is not running. Checking if it is stuck...
06 Apr, 2025 15:22:52 - Process finished. Restarting the process...
06 Apr, 2025 15:22:52 - 'Google Main Right Side' scraper started.
06 Apr, 2025 15:23:52 - 'Google Main Right Side' scraper is still running.
06 Apr, 2025 15:23:52 - Last modified time: 108
06 Apr, 2025 15:24:52 - 'Google Main Right Side' scraper is still running.
06 Apr, 2025 15:24:52 - Last modified time: 168
06 Apr, 2025 15:25:52 - 'Google Main Right Side' scraper is not running. Checking if it is stuck...
06 Apr, 2025 15:25:52 - Process finished. Restarting the process...
06 Apr, 2025 15:25:52 - 'Google Main Right Side' scraper started.
06 Apr, 2025 15:26:52 - 'Google Main Right Side' scraper is still running.
06 Apr, 2025 15:26:52 - Last modified time: 109
06 Apr, 2025 15:27:52 - 'Google Main Right Side' scraper is still running.
06 Apr, 2025 15:27:52 - Last modified time: 169
06 Apr, 2025 15:28:52 - 'Google Main Right Side' scraper is not running. Checking if it is stuck...
06 Apr, 2025 15:28:52 - Process finished. Restarting the process...
06 Apr, 2025 15:28:52 - 'Google Main Right Side' scraper started.
06 Apr, 2025 15:29:52 - 'Google Main Right Side' scraper is still running.
06 Apr, 2025 15:29:52 - Last modified time: 105
06 Apr, 2025 15:30:53 - 'Google Main Right Side' scraper is still running.
06 Apr, 2025 15:30:53 - Last modified time: 166
06 Apr, 2025 15:31:53 - 'Google Main Right Side' scraper is not running. Checking if it is stuck...
06 Apr, 2025 15:31:53 - Process finished. Restarting the process...
06 Apr, 2025 15:31:53 - 'Google Main Right Side' scraper started.
06 Apr, 2025 15:32:53 - 'Google Main Right Side' scraper is still running.
06 Apr, 2025 15:32:53 - Last modified time: 106
06 Apr, 2025 15:33:53 - 'Google Main Right Side' scraper is still running.
06 Apr, 2025 15:33:53 - Last modified time: 166
06 Apr, 2025 15:34:53 - 'Google Main Right Side' scraper is not running. Checking if it is stuck...
06 Apr, 2025 15:34:53 - Process finished. Restarting the process...
06 Apr, 2025 15:34:53 - 'Google Main Right Side' scraper started.
06 Apr, 2025 15:35:53 - 'Google Main Right Side' scraper is still running.
06 Apr, 2025 15:35:53 - Last modified time: 107
06 Apr, 2025 15:36:53 - 'Google Main Right Side' scraper is still running.
06 Apr, 2025 15:36:53 - Last modified time: 167
06 Apr, 2025 15:37:53 - 'Google Main Right Side' scraper is not running. Checking if it is stuck...
06 Apr, 2025 15:37:53 - Process finished. Restarting the process...
06 Apr, 2025 15:37:53 - 'Google Main Right Side' scraper started.
06 Apr, 2025 15:38:53 - 'Google Main Right Side' scraper is still running.
06 Apr, 2025 15:38:53 - Last modified time: 108
06 Apr, 2025 15:39:53 - 'Google Main Right Side' scraper is still running.
06 Apr, 2025 15:39:53 - Last modified time: 168
06 Apr, 2025 15:40:53 - 'Google Main Right Side' scraper is not running. Checking if it is stuck...
06 Apr, 2025 15:40:53 - Process finished. Restarting the process...
06 Apr, 2025 15:40:53 - 'Google Main Right Side' scraper started.
06 Apr, 2025 15:41:53 - 'Google Main Right Side' scraper is still running.
06 Apr, 2025 15:41:53 - Last modified time: 109
06 Apr, 2025 15:42:53 - 'Google Main Right Side' scraper is still running.
06 Apr, 2025 15:42:53 - Last modified time: 169
06 Apr, 2025 15:43:53 - 'Google Main Right Side' scraper is not running. Checking if it is stuck...
06 Apr, 2025 15:43:53 - Process finished. Restarting the process...
06 Apr, 2025 15:43:54 - 'Google Main Right Side' scraper started.
06 Apr, 2025 15:44:54 - 'Google Main Right Side' scraper is still running.
06 Apr, 2025 15:44:54 - Last modified time: 106
06 Apr, 2025 15:45:54 - 'Google Main Right Side' scraper is still running.
06 Apr, 2025 15:45:54 - Last modified time: 166
06 Apr, 2025 15:46:54 - 'Google Main Right Side' scraper is not running. Checking if it is stuck...
06 Apr, 2025 15:46:54 - Process finished. Restarting the process...
06 Apr, 2025 15:46:54 - 'Google Main Right Side' scraper started.
06 Apr, 2025 15:47:54 - 'Google Main Right Side' scraper is still running.
06 Apr, 2025 15:47:54 - Last modified time: 106
06 Apr, 2025 15:48:54 - 'Google Main Right Side' scraper is still running.
06 Apr, 2025 15:48:54 - Last modified time: 166
06 Apr, 2025 15:49:54 - 'Google Main Right Side' scraper is not running. Checking if it is stuck...
06 Apr, 2025 15:49:54 - Process finished. Restarting the process...
06 Apr, 2025 15:49:54 - 'Google Main Right Side' scraper started.
06 Apr, 2025 15:50:54 - 'Google Main Right Side' scraper is still running.
06 Apr, 2025 15:50:54 - Last modified time: 107
06 Apr, 2025 15:51:54 - 'Google Main Right Side' scraper is still running.
06 Apr, 2025 15:51:54 - Last modified time: 167
06 Apr, 2025 15:52:54 - 'Google Main Right Side' scraper is not running. Checking if it is stuck...
06 Apr, 2025 15:52:54 - Process finished. Restarting the process...
06 Apr, 2025 15:52:54 - 'Google Main Right Side' scraper started.
06 Apr, 2025 15:53:54 - 'Google Main Right Side' scraper is still running.
06 Apr, 2025 15:53:54 - Last modified time: 108
06 Apr, 2025 15:54:54 - 'Google Main Right Side' scraper is still running.
06 Apr, 2025 15:54:54 - Last modified time: 168
06 Apr, 2025 15:55:54 - 'Google Main Right Side' scraper is not running. Checking if it is stuck...
06 Apr, 2025 15:55:54 - Process finished. Restarting the process...
06 Apr, 2025 15:55:54 - 'Google Main Right Side' scraper started.
06 Apr, 2025 15:56:54 - 'Google Main Right Side' scraper is still running.
06 Apr, 2025 15:56:54 - Last modified time: 109
06 Apr, 2025 15:57:55 - 'Google Main Right Side' scraper is still running.
06 Apr, 2025 15:57:55 - Last modified time: 170
06 Apr, 2025 15:58:55 - 'Google Main Right Side' scraper is not running. Checking if it is stuck...
06 Apr, 2025 15:58:55 - Process finished. Restarting the process...
06 Apr, 2025 15:58:55 - 'Google Main Right Side' scraper started.
06 Apr, 2025 15:59:55 - 'Google Main Right Side' scraper is still running.
06 Apr, 2025 15:59:55 - Last modified time: 105
06 Apr, 2025 16:00:55 - 'Google Main Right Side' scraper is still running.
06 Apr, 2025 16:00:55 - Last modified time: 165
06 Apr, 2025 16:01:55 - 'Google Main Right Side' scraper is not running. Checking if it is stuck...
06 Apr, 2025 16:01:55 - Process finished. Restarting the process...
06 Apr, 2025 16:01:55 - 'Google Main Right Side' scraper started.
06 Apr, 2025 16:02:55 - 'Google Main Right Side' scraper is still running.
06 Apr, 2025 16:02:55 - Last modified time: 106
06 Apr, 2025 16:03:55 - 'Google Main Right Side' scraper is still running.
06 Apr, 2025 16:03:55 - Last modified time: 166
06 Apr, 2025 16:04:55 - 'Google Main Right Side' scraper is not running. Checking if it is stuck...
06 Apr, 2025 16:04:55 - Process finished. Restarting the process...
06 Apr, 2025 16:04:55 - 'Google Main Right Side' scraper started.
06 Apr, 2025 16:05:55 - 'Google Main Right Side' scraper is still running.
06 Apr, 2025 16:05:55 - Last modified time: 107
06 Apr, 2025 16:06:55 - 'Google Main Right Side' scraper is still running.
06 Apr, 2025 16:06:55 - Last modified time: 167
06 Apr, 2025 16:07:55 - 'Google Main Right Side' scraper is not running. Checking if it is stuck...
06 Apr, 2025 16:07:55 - Process finished. Restarting the process...
06 Apr, 2025 16:07:55 - 'Google Main Right Side' scraper started.
06 Apr, 2025 16:08:55 - 'Google Main Right Side' scraper is still running.
06 Apr, 2025 16:08:55 - Last modified time: 108
06 Apr, 2025 16:09:55 - 'Google Main Right Side' scraper is still running.
06 Apr, 2025 16:09:55 - Last modified time: 168
06 Apr, 2025 16:10:55 - 'Google Main Right Side' scraper is not running. Checking if it is stuck...
06 Apr, 2025 16:10:56 - Process finished. Restarting the process...
06 Apr, 2025 16:10:56 - 'Google Main Right Side' scraper started.
06 Apr, 2025 16:11:56 - 'Google Main Right Side' scraper is still running.
06 Apr, 2025 16:11:56 - Last modified time: 110
06 Apr, 2025 16:12:56 - 'Google Main Right Side' scraper is still running.
06 Apr, 2025 16:12:56 - Last modified time: 170
06 Apr, 2025 16:13:56 - 'Google Main Right Side' scraper is not running. Checking if it is stuck...
06 Apr, 2025 16:13:56 - Process finished. Restarting the process...
06 Apr, 2025 16:13:56 - 'Google Main Right Side' scraper started.
06 Apr, 2025 16:14:56 - 'Google Main Right Side' scraper is still running.
06 Apr, 2025 16:14:56 - Last modified time: 105
06 Apr, 2025 16:15:56 - 'Google Main Right Side' scraper is still running.
06 Apr, 2025 16:15:56 - Last modified time: 165
06 Apr, 2025 16:16:56 - 'Google Main Right Side' scraper is not running. Checking if it is stuck...
06 Apr, 2025 16:16:56 - Process finished. Restarting the process...
06 Apr, 2025 16:16:56 - 'Google Main Right Side' scraper started.
06 Apr, 2025 16:17:56 - 'Google Main Right Side' scraper is still running.
06 Apr, 2025 16:17:56 - Last modified time: 106
06 Apr, 2025 16:18:56 - 'Google Main Right Side' scraper is still running.
06 Apr, 2025 16:18:56 - Last modified time: 166
06 Apr, 2025 16:19:56 - 'Google Main Right Side' scraper is not running. Checking if it is stuck...
06 Apr, 2025 16:19:56 - Process finished. Restarting the process...
06 Apr, 2025 16:19:56 - 'Google Main Right Side' scraper started.
06 Apr, 2025 16:20:56 - 'Google Main Right Side' scraper is still running.
06 Apr, 2025 16:20:56 - Last modified time: 107
06 Apr, 2025 16:21:56 - 'Google Main Right Side' scraper is still running.
06 Apr, 2025 16:21:56 - Last modified time: 167
06 Apr, 2025 16:22:56 - 'Google Main Right Side' scraper is not running. Checking if it is stuck...
06 Apr, 2025 16:22:56 - Process finished. Restarting the process...
06 Apr, 2025 16:22:56 - 'Google Main Right Side' scraper started.
06 Apr, 2025 16:23:56 - 'Google Main Right Side' scraper is still running.
06 Apr, 2025 16:23:57 - Last modified time: 108
06 Apr, 2025 16:24:57 - 'Google Main Right Side' scraper is still running.
06 Apr, 2025 16:24:57 - Last modified time: 169
06 Apr, 2025 16:25:57 - 'Google Main Right Side' scraper is not running. Checking if it is stuck...
06 Apr, 2025 16:25:57 - Process finished. Restarting the process...
06 Apr, 2025 16:25:57 - 'Google Main Right Side' scraper started.
06 Apr, 2025 16:26:57 - 'Google Main Right Side' scraper is still running.
06 Apr, 2025 16:26:57 - Last modified time: 109
06 Apr, 2025 16:27:57 - 'Google Main Right Side' scraper is still running.
06 Apr, 2025 16:27:57 - Last modified time: 169
06 Apr, 2025 16:28:57 - 'Google Main Right Side' scraper is not running. Checking if it is stuck...
06 Apr, 2025 16:28:57 - Process finished. Restarting the process...
06 Apr, 2025 16:28:57 - 'Google Main Right Side' scraper started.
06 Apr, 2025 16:29:57 - 'Google Main Right Side' scraper is still running.
06 Apr, 2025 16:29:57 - Last modified time: 105
06 Apr, 2025 16:30:57 - 'Google Main Right Side' scraper is still running.
06 Apr, 2025 16:30:57 - Last modified time: 165
06 Apr, 2025 16:31:57 - 'Google Main Right Side' scraper is not running. Checking if it is stuck...
06 Apr, 2025 16:31:57 - Process finished. Restarting the process...
06 Apr, 2025 16:31:57 - 'Google Main Right Side' scraper started.
06 Apr, 2025 16:32:57 - 'Google Main Right Side' scraper is still running.
06 Apr, 2025 16:32:57 - Last modified time: 106
06 Apr, 2025 16:33:57 - 'Google Main Right Side' scraper is still running.
06 Apr, 2025 16:33:57 - Last modified time: 166
06 Apr, 2025 16:34:57 - 'Google Main Right Side' scraper is not running. Checking if it is stuck...
06 Apr, 2025 16:34:57 - Process finished. Restarting the process...
06 Apr, 2025 16:34:57 - 'Google Main Right Side' scraper started.
06 Apr, 2025 16:35:57 - 'Google Main Right Side' scraper is still running.
06 Apr, 2025 16:35:57 - Last modified time: 107
06 Apr, 2025 16:36:57 - 'Google Main Right Side' scraper is still running.
06 Apr, 2025 16:36:57 - Last modified time: 167
06 Apr, 2025 16:37:58 - 'Google Main Right Side' scraper is not running. Checking if it is stuck...
06 Apr, 2025 16:37:58 - Process finished. Restarting the process...
06 Apr, 2025 16:37:58 - 'Google Main Right Side' scraper started.
06 Apr, 2025 16:38:58 - 'Google Main Right Side' scraper is still running.
06 Apr, 2025 16:38:58 - Last modified time: 109
06 Apr, 2025 16:39:58 - 'Google Main Right Side' scraper is still running.
06 Apr, 2025 16:39:58 - Last modified time: 169
06 Apr, 2025 16:40:58 - 'Google Main Right Side' scraper is not running. Checking if it is stuck...
06 Apr, 2025 16:40:58 - Process finished. Restarting the process...
06 Apr, 2025 16:40:58 - 'Google Main Right Side' scraper started.
06 Apr, 2025 16:41:58 - 'Google Main Right Side' scraper is still running.
06 Apr, 2025 16:41:58 - Last modified time: 109
06 Apr, 2025 16:42:58 - 'Google Main Right Side' scraper is still running.
06 Apr, 2025 16:42:58 - Last modified time: 169
06 Apr, 2025 16:43:58 - 'Google Main Right Side' scraper is not running. Checking if it is stuck...
06 Apr, 2025 16:43:58 - Process finished. Restarting the process...
06 Apr, 2025 16:43:58 - 'Google Main Right Side' scraper started.
06 Apr, 2025 16:44:58 - 'Google Main Right Side' scraper is still running.
06 Apr, 2025 16:44:58 - Last modified time: 105
06 Apr, 2025 16:45:58 - 'Google Main Right Side' scraper is still running.
06 Apr, 2025 16:45:58 - Last modified time: 165
06 Apr, 2025 16:46:58 - 'Google Main Right Side' scraper is not running. Checking if it is stuck...
06 Apr, 2025 16:46:58 - Process finished. Restarting the process...
06 Apr, 2025 16:46:58 - 'Google Main Right Side' scraper started.
06 Apr, 2025 16:47:58 - 'Google Main Right Side' scraper is still running.
06 Apr, 2025 16:47:58 - Last modified time: 106
06 Apr, 2025 16:48:58 - 'Google Main Right Side' scraper is still running.
06 Apr, 2025 16:48:58 - Last modified time: 166
06 Apr, 2025 16:49:58 - 'Google Main Right Side' scraper is not running. Checking if it is stuck...
06 Apr, 2025 16:49:58 - Process finished. Restarting the process...
06 Apr, 2025 16:49:58 - 'Google Main Right Side' scraper started.
06 Apr, 2025 16:50:58 - 'Google Main Right Side' scraper is still running.
06 Apr, 2025 16:50:59 - Last modified time: 107
06 Apr, 2025 16:51:59 - 'Google Main Right Side' scraper is still running.
06 Apr, 2025 16:51:59 - Last modified time: 168
06 Apr, 2025 16:52:59 - 'Google Main Right Side' scraper is not running. Checking if it is stuck...
06 Apr, 2025 16:52:59 - Process finished. Restarting the process...
06 Apr, 2025 16:52:59 - 'Google Main Right Side' scraper started.
06 Apr, 2025 16:53:59 - 'Google Main Right Side' scraper is still running.
06 Apr, 2025 16:53:59 - Last modified time: 109
06 Apr, 2025 16:54:59 - 'Google Main Right Side' scraper is still running.
06 Apr, 2025 16:54:59 - Last modified time: 169
06 Apr, 2025 16:55:59 - 'Google Main Right Side' scraper is not running. Checking if it is stuck...
06 Apr, 2025 16:55:59 - Process finished. Restarting the process...
06 Apr, 2025 16:55:59 - 'Google Main Right Side' scraper started.
06 Apr, 2025 16:56:59 - 'Google Main Right Side' scraper is still running.
06 Apr, 2025 16:56:59 - Last modified time: 109
06 Apr, 2025 16:57:59 - 'Google Main Right Side' scraper is still running.
06 Apr, 2025 16:57:59 - Last modified time: 169
06 Apr, 2025 16:58:59 - 'Google Main Right Side' scraper is not running. Checking if it is stuck...
06 Apr, 2025 16:58:59 - Process finished. Restarting the process...
06 Apr, 2025 16:58:59 - 'Google Main Right Side' scraper started.
06 Apr, 2025 16:59:59 - 'Google Main Right Side' scraper is still running.
06 Apr, 2025 16:59:59 - Last modified time: 105
06 Apr, 2025 17:00:59 - 'Google Main Right Side' scraper is still running.
06 Apr, 2025 17:00:59 - Last modified time: 165
06 Apr, 2025 17:01:59 - 'Google Main Right Side' scraper is not running. Checking if it is stuck...
06 Apr, 2025 17:01:59 - Process finished. Restarting the process...
06 Apr, 2025 17:01:59 - 'Google Main Right Side' scraper started.
06 Apr, 2025 17:02:59 - 'Google Main Right Side' scraper is still running.
06 Apr, 2025 17:02:59 - Last modified time: 106
06 Apr, 2025 17:03:59 - 'Google Main Right Side' scraper is still running.
06 Apr, 2025 17:04:00 - Last modified time: 166
06 Apr, 2025 17:05:00 - 'Google Main Right Side' scraper is not running. Checking if it is stuck...
06 Apr, 2025 17:05:00 - Process finished. Restarting the process...
06 Apr, 2025 17:05:00 - 'Google Main Right Side' scraper started.
06 Apr, 2025 17:06:00 - 'Google Main Right Side' scraper is still running.
06 Apr, 2025 17:06:00 - Last modified time: 108
06 Apr, 2025 17:07:00 - 'Google Main Right Side' scraper is still running.
06 Apr, 2025 17:07:00 - Last modified time: 168
06 Apr, 2025 17:08:00 - 'Google Main Right Side' scraper is not running. Checking if it is stuck...
06 Apr, 2025 17:08:00 - Process finished. Restarting the process...
06 Apr, 2025 17:08:00 - 'Google Main Right Side' scraper started.
06 Apr, 2025 17:09:00 - 'Google Main Right Side' scraper is still running.
06 Apr, 2025 17:09:00 - Last modified time: 108
06 Apr, 2025 17:10:00 - 'Google Main Right Side' scraper is still running.
06 Apr, 2025 17:10:00 - Last modified time: 168
06 Apr, 2025 17:11:00 - 'Google Main Right Side' scraper is not running. Checking if it is stuck...
06 Apr, 2025 17:11:00 - Process finished. Restarting the process...
06 Apr, 2025 17:11:00 - 'Google Main Right Side' scraper started.
06 Apr, 2025 17:12:00 - 'Google Main Right Side' scraper is still running.
06 Apr, 2025 17:12:00 - Last modified time: 109
06 Apr, 2025 17:13:00 - 'Google Main Right Side' scraper is still running.
06 Apr, 2025 17:13:00 - Last modified time: 169
06 Apr, 2025 17:14:00 - 'Google Main Right Side' scraper is not running. Checking if it is stuck...
06 Apr, 2025 17:14:00 - Process finished. Restarting the process...
06 Apr, 2025 17:14:00 - 'Google Main Right Side' scraper started.
06 Apr, 2025 17:15:00 - 'Google Main Right Side' scraper is still running.
06 Apr, 2025 17:15:00 - Last modified time: 105
06 Apr, 2025 17:16:00 - 'Google Main Right Side' scraper is still running.
06 Apr, 2025 17:16:00 - Last modified time: 165
06 Apr, 2025 17:17:01 - 'Google Main Right Side' scraper is not running. Checking if it is stuck...
06 Apr, 2025 17:17:01 - Process finished. Restarting the process...
06 Apr, 2025 17:17:01 - 'Google Main Right Side' scraper started.
06 Apr, 2025 17:18:01 - 'Google Main Right Side' scraper is still running.
06 Apr, 2025 17:18:01 - Last modified time: 107
06 Apr, 2025 17:19:01 - 'Google Main Right Side' scraper is still running.
06 Apr, 2025 17:19:01 - Last modified time: 167
06 Apr, 2025 17:20:01 - 'Google Main Right Side' scraper is not running. Checking if it is stuck...
06 Apr, 2025 17:20:01 - Process finished. Restarting the process...
06 Apr, 2025 17:20:01 - 'Google Main Right Side' scraper started.
06 Apr, 2025 17:21:01 - 'Google Main Right Side' scraper is still running.
06 Apr, 2025 17:21:01 - Last modified time: 107
06 Apr, 2025 17:22:01 - 'Google Main Right Side' scraper is still running.
06 Apr, 2025 17:22:01 - Last modified time: 167
06 Apr, 2025 17:23:01 - 'Google Main Right Side' scraper is not running. Checking if it is stuck...
06 Apr, 2025 17:23:01 - Process finished. Restarting the process...
06 Apr, 2025 17:23:01 - 'Google Main Right Side' scraper started.
06 Apr, 2025 17:24:01 - 'Google Main Right Side' scraper is still running.
06 Apr, 2025 17:24:01 - Last modified time: 108
06 Apr, 2025 17:25:01 - 'Google Main Right Side' scraper is still running.
06 Apr, 2025 17:25:01 - Last modified time: 168
06 Apr, 2025 17:26:01 - 'Google Main Right Side' scraper is not running. Checking if it is stuck...
06 Apr, 2025 17:26:01 - Process finished. Restarting the process...
06 Apr, 2025 17:26:01 - 'Google Main Right Side' scraper started.
06 Apr, 2025 17:27:01 - 'Google Main Right Side' scraper is still running.
06 Apr, 2025 17:27:01 - Last modified time: 109
06 Apr, 2025 17:28:01 - 'Google Main Right Side' scraper is still running.
06 Apr, 2025 17:28:01 - Last modified time: 169
06 Apr, 2025 17:29:01 - 'Google Main Right Side' scraper is not running. Checking if it is stuck...
06 Apr, 2025 17:29:01 - Process finished. Restarting the process...
06 Apr, 2025 17:29:01 - 'Google Main Right Side' scraper started.
06 Apr, 2025 17:30:02 - 'Google Main Right Side' scraper is still running.
06 Apr, 2025 17:30:02 - Last modified time: 106
06 Apr, 2025 17:31:02 - 'Google Main Right Side' scraper is still running.
06 Apr, 2025 17:31:02 - Last modified time: 166
06 Apr, 2025 17:32:02 - 'Google Main Right Side' scraper is not running. Checking if it is stuck...
06 Apr, 2025 17:32:02 - Process finished. Restarting the process...
06 Apr, 2025 17:32:02 - 'Google Main Right Side' scraper started.
06 Apr, 2025 17:33:02 - 'Google Main Right Side' scraper is still running.
06 Apr, 2025 17:33:02 - Last modified time: 106
06 Apr, 2025 17:34:02 - 'Google Main Right Side' scraper is still running.
06 Apr, 2025 17:34:02 - Last modified time: 166
06 Apr, 2025 17:35:02 - 'Google Main Right Side' scraper is not running. Checking if it is stuck...
06 Apr, 2025 17:35:02 - Process finished. Restarting the process...
06 Apr, 2025 17:35:02 - 'Google Main Right Side' scraper started.
06 Apr, 2025 17:36:02 - 'Google Main Right Side' scraper is still running.
06 Apr, 2025 17:36:02 - Last modified time: 107
06 Apr, 2025 17:37:02 - 'Google Main Right Side' scraper is still running.
06 Apr, 2025 17:37:02 - Last modified time: 167
06 Apr, 2025 17:38:03 - 'Google Main Right Side' scraper is not running. Checking if it is stuck...
06 Apr, 2025 17:38:03 - Process finished. Restarting the process...
06 Apr, 2025 17:38:03 - 'Google Main Right Side' scraper started.
06 Apr, 2025 17:39:03 - 'Google Main Right Side' scraper is still running.
06 Apr, 2025 17:39:03 - Last modified time: 109
06 Apr, 2025 17:40:03 - 'Google Main Right Side' scraper is still running.
06 Apr, 2025 17:40:03 - Last modified time: 169
06 Apr, 2025 17:41:03 - 'Google Main Right Side' scraper is not running. Checking if it is stuck...
06 Apr, 2025 17:41:03 - Process finished. Restarting the process...
06 Apr, 2025 17:41:03 - 'Google Main Right Side' scraper started.
06 Apr, 2025 17:42:03 - 'Google Main Right Side' scraper is still running.
06 Apr, 2025 17:42:03 - Last modified time: 110
06 Apr, 2025 17:43:03 - 'Google Main Right Side' scraper is still running.
06 Apr, 2025 17:43:03 - Last modified time: 170
06 Apr, 2025 17:44:03 - 'Google Main Right Side' scraper is not running. Checking if it is stuck...
06 Apr, 2025 17:44:03 - Process finished. Restarting the process...
06 Apr, 2025 17:44:03 - 'Google Main Right Side' scraper started.
06 Apr, 2025 17:45:03 - 'Google Main Right Side' scraper is still running.
06 Apr, 2025 17:45:03 - Last modified time: 105
06 Apr, 2025 17:46:03 - 'Google Main Right Side' scraper is still running.
06 Apr, 2025 17:46:03 - Last modified time: 165
06 Apr, 2025 17:47:03 - 'Google Main Right Side' scraper is not running. Checking if it is stuck...
06 Apr, 2025 17:47:03 - Process finished. Restarting the process...
06 Apr, 2025 17:47:03 - 'Google Main Right Side' scraper started.
06 Apr, 2025 17:48:03 - 'Google Main Right Side' scraper is still running.
06 Apr, 2025 17:48:03 - Last modified time: 106
06 Apr, 2025 17:49:03 - 'Google Main Right Side' scraper is still running.
06 Apr, 2025 17:49:03 - Last modified time: 166
06 Apr, 2025 17:50:03 - 'Google Main Right Side' scraper is not running. Checking if it is stuck...
06 Apr, 2025 17:50:04 - Process finished. Restarting the process...
06 Apr, 2025 17:50:04 - 'Google Main Right Side' scraper started.
06 Apr, 2025 17:51:04 - 'Google Main Right Side' scraper is still running.
06 Apr, 2025 17:51:04 - Last modified time: 108
06 Apr, 2025 17:52:04 - 'Google Main Right Side' scraper is still running.
06 Apr, 2025 17:52:04 - Last modified time: 168
06 Apr, 2025 17:53:04 - 'Google Main Right Side' scraper is not running. Checking if it is stuck...
06 Apr, 2025 17:53:04 - Process finished. Restarting the process...
06 Apr, 2025 17:53:04 - 'Google Main Right Side' scraper started.
06 Apr, 2025 17:54:04 - 'Google Main Right Side' scraper is still running.
06 Apr, 2025 17:54:04 - Last modified time: 109
06 Apr, 2025 17:55:04 - 'Google Main Right Side' scraper is still running.
06 Apr, 2025 17:55:04 - Last modified time: 169
06 Apr, 2025 17:56:04 - 'Google Main Right Side' scraper is not running. Checking if it is stuck...
06 Apr, 2025 17:56:04 - Process finished. Restarting the process...
06 Apr, 2025 17:56:04 - 'Google Main Right Side' scraper started.
06 Apr, 2025 17:57:04 - 'Google Main Right Side' scraper is still running.
06 Apr, 2025 17:57:04 - Last modified time: 109
06 Apr, 2025 17:58:04 - 'Google Main Right Side' scraper is still running.
06 Apr, 2025 17:58:04 - Last modified time: 169
06 Apr, 2025 17:59:04 - 'Google Main Right Side' scraper is not running. Checking if it is stuck...
06 Apr, 2025 17:59:04 - Process finished. Restarting the process...
06 Apr, 2025 17:59:04 - 'Google Main Right Side' scraper started.
06 Apr, 2025 18:00:04 - 'Google Main Right Side' scraper is still running.
06 Apr, 2025 18:00:04 - Last modified time: 105
06 Apr, 2025 18:01:04 - 'Google Main Right Side' scraper is still running.
06 Apr, 2025 18:01:04 - Last modified time: 165
06 Apr, 2025 18:02:04 - 'Google Main Right Side' scraper is not running. Checking if it is stuck...
06 Apr, 2025 18:02:04 - Process finished. Restarting the process...
06 Apr, 2025 18:02:04 - 'Google Main Right Side' scraper started.
06 Apr, 2025 18:03:04 - 'Google Main Right Side' scraper is still running.
06 Apr, 2025 18:03:04 - Last modified time: 106
06 Apr, 2025 18:04:05 - 'Google Main Right Side' scraper is still running.
06 Apr, 2025 18:04:05 - Last modified time: 167
06 Apr, 2025 18:05:05 - 'Google Main Right Side' scraper is not running. Checking if it is stuck...
06 Apr, 2025 18:05:05 - Process finished. Restarting the process...
06 Apr, 2025 18:05:05 - 'Google Main Right Side' scraper started.
06 Apr, 2025 18:06:05 - 'Google Main Right Side' scraper is still running.
06 Apr, 2025 18:06:05 - Last modified time: 108
06 Apr, 2025 18:07:05 - 'Google Main Right Side' scraper is still running.
06 Apr, 2025 18:07:05 - Last modified time: 168
06 Apr, 2025 18:08:05 - 'Google Main Right Side' scraper is not running. Checking if it is stuck...
06 Apr, 2025 18:08:05 - Process finished. Restarting the process...
06 Apr, 2025 18:08:05 - 'Google Main Right Side' scraper started.
06 Apr, 2025 18:09:05 - 'Google Main Right Side' scraper is still running.
06 Apr, 2025 18:09:05 - Last modified time: 108
06 Apr, 2025 18:10:05 - 'Google Main Right Side' scraper is still running.
06 Apr, 2025 18:10:05 - Last modified time: 168
06 Apr, 2025 18:11:05 - 'Google Main Right Side' scraper is not running. Checking if it is stuck...
06 Apr, 2025 18:11:05 - Process finished. Restarting the process...
06 Apr, 2025 18:11:05 - 'Google Main Right Side' scraper started.
06 Apr, 2025 18:12:05 - 'Google Main Right Side' scraper is still running.
06 Apr, 2025 18:12:05 - Last modified time: 109
06 Apr, 2025 18:13:05 - 'Google Main Right Side' scraper is still running.
06 Apr, 2025 18:13:05 - Last modified time: 169
06 Apr, 2025 18:14:05 - 'Google Main Right Side' scraper is not running. Checking if it is stuck...
06 Apr, 2025 18:14:05 - Process finished. Restarting the process...
06 Apr, 2025 18:14:05 - 'Google Main Right Side' scraper started.
06 Apr, 2025 18:15:05 - 'Google Main Right Side' scraper is still running.
06 Apr, 2025 18:15:05 - Last modified time: 105
06 Apr, 2025 18:16:05 - 'Google Main Right Side' scraper is still running.
06 Apr, 2025 18:16:05 - Last modified time: 165
06 Apr, 2025 18:17:05 - 'Google Main Right Side' scraper is not running. Checking if it is stuck...
06 Apr, 2025 18:17:06 - Process finished. Restarting the process...
06 Apr, 2025 18:17:06 - 'Google Main Right Side' scraper started.
06 Apr, 2025 18:18:06 - 'Google Main Right Side' scraper is still running.
06 Apr, 2025 18:18:06 - Last modified time: 107
06 Apr, 2025 18:19:06 - 'Google Main Right Side' scraper is still running.
06 Apr, 2025 18:19:06 - Last modified time: 167
06 Apr, 2025 18:20:06 - 'Google Main Right Side' scraper is not running. Checking if it is stuck...
06 Apr, 2025 18:20:06 - Process finished. Restarting the process...
06 Apr, 2025 18:20:06 - 'Google Main Right Side' scraper started.
06 Apr, 2025 18:21:06 - 'Google Main Right Side' scraper is still running.
06 Apr, 2025 18:21:06 - Last modified time: 107
06 Apr, 2025 18:22:06 - 'Google Main Right Side' scraper is still running.
06 Apr, 2025 18:22:06 - Last modified time: 167
06 Apr, 2025 18:23:06 - 'Google Main Right Side' scraper is not running. Checking if it is stuck...
06 Apr, 2025 18:23:06 - Process finished. Restarting the process...
06 Apr, 2025 18:23:06 - 'Google Main Right Side' scraper started.
06 Apr, 2025 18:24:06 - 'Google Main Right Side' scraper is still running.
06 Apr, 2025 18:24:06 - Last modified time: 108
06 Apr, 2025 18:25:06 - 'Google Main Right Side' scraper is still running.
06 Apr, 2025 18:25:06 - Last modified time: 168
06 Apr, 2025 18:26:06 - 'Google Main Right Side' scraper is not running. Checking if it is stuck...
06 Apr, 2025 18:26:06 - Process finished. Restarting the process...
06 Apr, 2025 18:26:06 - 'Google Main Right Side' scraper started.
06 Apr, 2025 18:27:06 - 'Google Main Right Side' scraper is still running.
06 Apr, 2025 18:27:06 - Last modified time: 109
06 Apr, 2025 18:28:06 - 'Google Main Right Side' scraper is still running.
06 Apr, 2025 18:28:06 - Last modified time: 169
06 Apr, 2025 18:29:06 - 'Google Main Right Side' scraper is not running. Checking if it is stuck...
06 Apr, 2025 18:29:06 - Process finished. Restarting the process...
06 Apr, 2025 18:29:06 - 'Google Main Right Side' scraper started.
06 Apr, 2025 18:30:06 - 'Google Main Right Side' scraper is still running.
06 Apr, 2025 18:30:06 - Last modified time: 105
06 Apr, 2025 18:31:07 - 'Google Main Right Side' scraper is still running.
06 Apr, 2025 18:31:07 - Last modified time: 166
06 Apr, 2025 18:32:07 - 'Google Main Right Side' scraper is not running. Checking if it is stuck...
06 Apr, 2025 18:32:07 - Process finished. Restarting the process...
06 Apr, 2025 18:32:07 - 'Google Main Right Side' scraper started.
06 Apr, 2025 18:33:07 - 'Google Main Right Side' scraper is still running.
06 Apr, 2025 18:33:07 - Last modified time: 107
06 Apr, 2025 18:34:07 - 'Google Main Right Side' scraper is still running.
06 Apr, 2025 18:34:07 - Last modified time: 167
06 Apr, 2025 18:35:07 - 'Google Main Right Side' scraper is not running. Checking if it is stuck...
06 Apr, 2025 18:35:07 - Process finished. Restarting the process...
06 Apr, 2025 18:35:07 - 'Google Main Right Side' scraper started.
06 Apr, 2025 18:36:07 - 'Google Main Right Side' scraper is still running.
06 Apr, 2025 18:36:07 - Last modified time: 107
06 Apr, 2025 18:37:07 - 'Google Main Right Side' scraper is still running.
06 Apr, 2025 18:37:07 - Last modified time: 167
06 Apr, 2025 18:38:07 - 'Google Main Right Side' scraper is not running. Checking if it is stuck...
06 Apr, 2025 18:38:07 - Process finished. Restarting the process...
06 Apr, 2025 18:38:07 - 'Google Main Right Side' scraper started.
06 Apr, 2025 18:39:07 - 'Google Main Right Side' scraper is still running.
06 Apr, 2025 18:39:07 - Last modified time: 108
06 Apr, 2025 18:40:07 - 'Google Main Right Side' scraper is still running.
06 Apr, 2025 18:40:07 - Last modified time: 168
06 Apr, 2025 18:41:07 - 'Google Main Right Side' scraper is not running. Checking if it is stuck...
06 Apr, 2025 18:41:07 - Process finished. Restarting the process...
06 Apr, 2025 18:41:07 - 'Google Main Right Side' scraper started.
06 Apr, 2025 18:42:07 - 'Google Main Right Side' scraper is still running.
06 Apr, 2025 18:42:07 - Last modified time: 109
06 Apr, 2025 18:43:07 - 'Google Main Right Side' scraper is still running.
06 Apr, 2025 18:43:07 - Last modified time: 169
06 Apr, 2025 18:44:07 - 'Google Main Right Side' scraper is not running. Checking if it is stuck...
06 Apr, 2025 18:44:08 - Process finished. Restarting the process...
06 Apr, 2025 18:44:08 - 'Google Main Right Side' scraper started.
06 Apr, 2025 18:45:08 - 'Google Main Right Side' scraper is still running.
06 Apr, 2025 18:45:08 - Last modified time: 106
06 Apr, 2025 18:46:08 - 'Google Main Right Side' scraper is still running.
06 Apr, 2025 18:46:08 - Last modified time: 166
06 Apr, 2025 18:47:08 - 'Google Main Right Side' scraper is not running. Checking if it is stuck...
06 Apr, 2025 18:47:08 - Process finished. Restarting the process...
06 Apr, 2025 18:47:08 - 'Google Main Right Side' scraper started.
06 Apr, 2025 18:48:08 - 'Google Main Right Side' scraper is still running.
06 Apr, 2025 18:48:08 - Last modified time: 107
06 Apr, 2025 18:49:08 - 'Google Main Right Side' scraper is still running.
06 Apr, 2025 18:49:08 - Last modified time: 167
06 Apr, 2025 18:50:08 - 'Google Main Right Side' scraper is not running. Checking if it is stuck...
06 Apr, 2025 18:50:08 - Process finished. Restarting the process...
06 Apr, 2025 18:50:08 - 'Google Main Right Side' scraper started.
06 Apr, 2025 18:51:08 - 'Google Main Right Side' scraper is still running.
06 Apr, 2025 18:51:08 - Last modified time: 107
06 Apr, 2025 18:52:08 - 'Google Main Right Side' scraper is still running.
06 Apr, 2025 18:52:08 - Last modified time: 167
06 Apr, 2025 18:53:08 - 'Google Main Right Side' scraper is not running. Checking if it is stuck...
06 Apr, 2025 18:53:08 - Process finished. Restarting the process...
06 Apr, 2025 18:53:08 - 'Google Main Right Side' scraper started.
06 Apr, 2025 18:54:08 - 'Google Main Right Side' scraper is still running.
06 Apr, 2025 18:54:08 - Last modified time: 108
06 Apr, 2025 18:55:08 - 'Google Main Right Side' scraper is still running.
06 Apr, 2025 18:55:08 - Last modified time: 168
06 Apr, 2025 18:56:08 - 'Google Main Right Side' scraper is not running. Checking if it is stuck...
06 Apr, 2025 18:56:08 - Process finished. Restarting the process...
06 Apr, 2025 18:56:08 - 'Google Main Right Side' scraper started.
06 Apr, 2025 18:57:08 - 'Google Main Right Side' scraper is still running.
06 Apr, 2025 18:57:08 - Last modified time: 109
06 Apr, 2025 18:58:08 - 'Google Main Right Side' scraper is still running.
06 Apr, 2025 18:58:09 - Last modified time: 170
06 Apr, 2025 18:59:09 - 'Google Main Right Side' scraper is not running. Checking if it is stuck...
06 Apr, 2025 18:59:09 - Process finished. Restarting the process...
06 Apr, 2025 18:59:09 - 'Google Main Right Side' scraper started.
06 Apr, 2025 19:00:09 - 'Google Main Right Side' scraper is still running.
06 Apr, 2025 19:00:09 - Last modified time: 106
06 Apr, 2025 19:01:09 - 'Google Main Right Side' scraper is still running.
06 Apr, 2025 19:01:09 - Last modified time: 166
06 Apr, 2025 19:02:09 - 'Google Main Right Side' scraper is not running. Checking if it is stuck...
06 Apr, 2025 19:02:09 - Process finished. Restarting the process...
06 Apr, 2025 19:02:09 - 'Google Main Right Side' scraper started.
06 Apr, 2025 19:03:09 - 'Google Main Right Side' scraper is still running.
06 Apr, 2025 19:03:09 - Last modified time: 106
06 Apr, 2025 19:04:09 - 'Google Main Right Side' scraper is still running.
06 Apr, 2025 19:04:09 - Last modified time: 166
06 Apr, 2025 19:05:09 - 'Google Main Right Side' scraper is not running. Checking if it is stuck...
06 Apr, 2025 19:05:09 - Process finished. Restarting the process...
06 Apr, 2025 19:05:09 - 'Google Main Right Side' scraper started.
06 Apr, 2025 19:06:09 - 'Google Main Right Side' scraper is still running.
06 Apr, 2025 19:06:09 - Last modified time: 107
06 Apr, 2025 19:07:09 - 'Google Main Right Side' scraper is still running.
06 Apr, 2025 19:07:09 - Last modified time: 167
06 Apr, 2025 19:08:09 - 'Google Main Right Side' scraper is not running. Checking if it is stuck...
06 Apr, 2025 19:08:09 - Process finished. Restarting the process...
06 Apr, 2025 19:08:09 - 'Google Main Right Side' scraper started.
06 Apr, 2025 19:09:09 - 'Google Main Right Side' scraper is still running.
06 Apr, 2025 19:09:09 - Last modified time: 108
06 Apr, 2025 19:10:09 - 'Google Main Right Side' scraper is still running.
06 Apr, 2025 19:10:09 - Last modified time: 168
06 Apr, 2025 19:11:09 - 'Google Main Right Side' scraper is not running. Checking if it is stuck...
06 Apr, 2025 19:11:09 - Process finished. Restarting the process...
06 Apr, 2025 19:11:09 - 'Google Main Right Side' scraper started.
06 Apr, 2025 19:12:10 - 'Google Main Right Side' scraper is still running.
06 Apr, 2025 19:12:10 - Last modified time: 110
06 Apr, 2025 19:13:10 - 'Google Main Right Side' scraper is still running.
06 Apr, 2025 19:13:10 - Last modified time: 170
06 Apr, 2025 19:14:10 - 'Google Main Right Side' scraper is not running. Checking if it is stuck...
06 Apr, 2025 19:14:10 - Process finished. Restarting the process...
06 Apr, 2025 19:14:10 - 'Google Main Right Side' scraper started.
06 Apr, 2025 19:15:10 - 'Google Main Right Side' scraper is still running.
06 Apr, 2025 19:15:10 - Last modified time: 105
06 Apr, 2025 19:16:10 - 'Google Main Right Side' scraper is still running.
06 Apr, 2025 19:16:10 - Last modified time: 165
06 Apr, 2025 19:17:10 - 'Google Main Right Side' scraper is not running. Checking if it is stuck...
06 Apr, 2025 19:17:10 - Process finished. Restarting the process...
06 Apr, 2025 19:17:10 - 'Google Main Right Side' scraper started.
06 Apr, 2025 19:18:10 - 'Google Main Right Side' scraper is still running.
06 Apr, 2025 19:18:10 - Last modified time: 106
06 Apr, 2025 19:19:10 - 'Google Main Right Side' scraper is still running.
06 Apr, 2025 19:19:10 - Last modified time: 166
06 Apr, 2025 19:20:10 - 'Google Main Right Side' scraper is not running. Checking if it is stuck...
06 Apr, 2025 19:20:10 - Process finished. Restarting the process...
06 Apr, 2025 19:20:10 - 'Google Main Right Side' scraper started.
06 Apr, 2025 19:21:10 - 'Google Main Right Side' scraper is still running.
06 Apr, 2025 19:21:10 - Last modified time: 107
06 Apr, 2025 19:22:11 - 'Google Main Right Side' scraper is still running.
06 Apr, 2025 19:22:11 - Last modified time: 168
06 Apr, 2025 19:23:11 - 'Google Main Right Side' scraper is not running. Checking if it is stuck...
06 Apr, 2025 19:23:11 - Process finished. Restarting the process...
06 Apr, 2025 19:23:11 - 'Google Main Right Side' scraper started.
06 Apr, 2025 19:24:11 - 'Google Main Right Side' scraper is still running.
06 Apr, 2025 19:24:11 - Last modified time: 108
06 Apr, 2025 19:25:11 - 'Google Main Right Side' scraper is still running.
06 Apr, 2025 19:25:11 - Last modified time: 168
06 Apr, 2025 19:26:11 - 'Google Main Right Side' scraper is not running. Checking if it is stuck...
06 Apr, 2025 19:26:11 - Process finished. Restarting the process...
06 Apr, 2025 19:26:11 - 'Google Main Right Side' scraper started.
06 Apr, 2025 19:27:12 - 'Google Main Right Side' scraper is still running.
06 Apr, 2025 19:27:12 - Last modified time: 110
06 Apr, 2025 19:28:12 - 'Google Main Right Side' scraper is still running.
06 Apr, 2025 19:28:12 - Last modified time: 170
06 Apr, 2025 19:29:12 - 'Google Main Right Side' scraper is not running. Checking if it is stuck...
06 Apr, 2025 19:29:12 - Process finished. Restarting the process...
06 Apr, 2025 19:29:12 - 'Google Main Right Side' scraper started.
06 Apr, 2025 19:30:12 - 'Google Main Right Side' scraper is still running.
06 Apr, 2025 19:30:12 - Last modified time: 105
06 Apr, 2025 19:31:12 - 'Google Main Right Side' scraper is still running.
06 Apr, 2025 19:31:12 - Last modified time: 165
06 Apr, 2025 19:32:13 - 'Google Main Right Side' scraper is not running. Checking if it is stuck...
06 Apr, 2025 19:32:13 - Process finished. Restarting the process...
06 Apr, 2025 19:32:13 - 'Google Main Right Side' scraper started.
06 Apr, 2025 19:33:14 - 'Google Main Right Side' scraper is still running.
06 Apr, 2025 19:33:14 - Last modified time: 108
06 Apr, 2025 19:34:15 - 'Google Main Right Side' scraper is still running.
06 Apr, 2025 19:34:15 - Last modified time: 169
06 Apr, 2025 19:35:16 - 'Google Main Right Side' scraper is not running. Checking if it is stuck...
06 Apr, 2025 19:35:16 - Process finished. Restarting the process...
06 Apr, 2025 19:35:16 - 'Google Main Right Side' scraper started.
06 Apr, 2025 19:36:16 - 'Google Main Right Side' scraper is still running.
06 Apr, 2025 19:36:16 - Last modified time: 108
06 Apr, 2025 19:37:17 - 'Google Main Right Side' scraper is still running.
06 Apr, 2025 19:37:17 - Last modified time: 169
06 Apr, 2025 19:38:18 - 'Google Main Right Side' scraper is not running. Checking if it is stuck...
06 Apr, 2025 19:38:18 - Process finished. Restarting the process...
06 Apr, 2025 19:38:18 - 'Google Main Right Side' scraper started.
06 Apr, 2025 19:39:19 - 'Google Main Right Side' scraper is still running.
06 Apr, 2025 19:39:19 - Last modified time: 110
06 Apr, 2025 19:40:20 - 'Google Main Right Side' scraper is still running.
06 Apr, 2025 19:40:20 - Last modified time: 171
06 Apr, 2025 19:41:21 - 'Google Main Right Side' scraper is not running. Checking if it is stuck...
06 Apr, 2025 19:41:21 - Process finished. Restarting the process...
06 Apr, 2025 19:41:21 - 'Google Main Right Side' scraper started.
06 Apr, 2025 19:42:22 - 'Google Main Right Side' scraper is still running.
06 Apr, 2025 19:42:22 - Last modified time: 111
06 Apr, 2025 19:43:23 - 'Google Main Right Side' scraper is still running.
06 Apr, 2025 19:43:23 - Last modified time: 172
06 Apr, 2025 19:44:24 - 'Google Main Right Side' scraper is not running. Checking if it is stuck...
06 Apr, 2025 19:44:24 - Process finished. Restarting the process...
06 Apr, 2025 19:44:24 - 'Google Main Right Side' scraper started.
06 Apr, 2025 19:45:25 - 'Google Main Right Side' scraper is still running.
06 Apr, 2025 19:45:25 - Last modified time: 106
06 Apr, 2025 19:46:26 - 'Google Main Right Side' scraper is still running.
06 Apr, 2025 19:46:26 - Last modified time: 167
06 Apr, 2025 19:47:27 - 'Google Main Right Side' scraper is not running. Checking if it is stuck...
06 Apr, 2025 19:47:27 - Process finished. Restarting the process...
06 Apr, 2025 19:47:27 - 'Google Main Right Side' scraper started.
06 Apr, 2025 19:48:28 - 'Google Main Right Side' scraper is still running.
06 Apr, 2025 19:48:28 - Last modified time: 108
06 Apr, 2025 19:49:29 - 'Google Main Right Side' scraper is still running.
06 Apr, 2025 19:49:29 - Last modified time: 169
06 Apr, 2025 19:50:30 - 'Google Main Right Side' scraper is not running. Checking if it is stuck...
06 Apr, 2025 19:50:30 - Process finished. Restarting the process...
06 Apr, 2025 19:50:30 - 'Google Main Right Side' scraper started.
06 Apr, 2025 19:51:31 - 'Google Main Right Side' scraper is still running.
06 Apr, 2025 19:51:31 - Last modified time: 109
06 Apr, 2025 19:52:32 - 'Google Main Right Side' scraper is still running.
06 Apr, 2025 19:52:32 - Last modified time: 170
06 Apr, 2025 19:53:33 - 'Google Main Right Side' scraper is not running. Checking if it is stuck...
06 Apr, 2025 19:53:33 - Process finished. Restarting the process...
06 Apr, 2025 19:53:33 - 'Google Main Right Side' scraper started.
06 Apr, 2025 19:54:34 - 'Google Main Right Side' scraper is still running.
06 Apr, 2025 19:54:34 - Last modified time: 110
06 Apr, 2025 19:55:35 - 'Google Main Right Side' scraper is still running.
06 Apr, 2025 19:55:35 - Last modified time: 171
06 Apr, 2025 19:56:36 - 'Google Main Right Side' scraper is not running. Checking if it is stuck...
06 Apr, 2025 19:56:37 - Process finished. Restarting the process...
06 Apr, 2025 19:56:37 - 'Google Main Right Side' scraper started.
06 Apr, 2025 19:57:38 - 'Google Main Right Side' scraper is still running.
06 Apr, 2025 19:57:38 - Last modified time: 112
06 Apr, 2025 19:58:38 - 'Google Main Right Side' scraper is still running.
06 Apr, 2025 19:58:38 - Last modified time: 172
06 Apr, 2025 19:59:39 - 'Google Main Right Side' scraper is not running. Checking if it is stuck...
06 Apr, 2025 19:59:40 - Process finished. Restarting the process...
06 Apr, 2025 19:59:40 - 'Google Main Right Side' scraper started.
06 Apr, 2025 20:00:41 - 'Google Main Right Side' scraper is still running.
06 Apr, 2025 20:00:41 - Last modified time: 107
06 Apr, 2025 20:01:42 - 'Google Main Right Side' scraper is still running.
06 Apr, 2025 20:01:42 - Last modified time: 168
06 Apr, 2025 20:02:43 - 'Google Main Right Side' scraper is not running. Checking if it is stuck...
06 Apr, 2025 20:02:43 - Process finished. Restarting the process...
06 Apr, 2025 20:02:43 - 'Google Main Right Side' scraper started.
06 Apr, 2025 20:03:44 - 'Google Main Right Side' scraper is still running.
06 Apr, 2025 20:03:44 - Last modified time: 108
06 Apr, 2025 20:04:45 - 'Google Main Right Side' scraper is still running.
06 Apr, 2025 20:04:45 - Last modified time: 169
06 Apr, 2025 20:05:46 - 'Google Main Right Side' scraper is not running. Checking if it is stuck...
06 Apr, 2025 20:05:46 - Process finished. Restarting the process...
06 Apr, 2025 20:05:46 - 'Google Main Right Side' scraper started.
06 Apr, 2025 20:06:47 - 'Google Main Right Side' scraper is still running.
06 Apr, 2025 20:06:47 - Last modified time: 109
06 Apr, 2025 20:07:48 - 'Google Main Right Side' scraper is still running.
06 Apr, 2025 20:07:48 - Last modified time: 170
06 Apr, 2025 20:08:50 - 'Google Main Right Side' scraper is not running. Checking if it is stuck...
06 Apr, 2025 20:08:50 - Process finished. Restarting the process...
06 Apr, 2025 20:08:50 - 'Google Main Right Side' scraper started.
06 Apr, 2025 20:09:50 - 'Google Main Right Side' scraper is still running.
06 Apr, 2025 20:09:50 - Last modified time: 110
06 Apr, 2025 20:10:51 - 'Google Main Right Side' scraper is still running.
06 Apr, 2025 20:10:51 - Last modified time: 171
06 Apr, 2025 20:11:53 - 'Google Main Right Side' scraper is not running. Checking if it is stuck...
06 Apr, 2025 20:11:53 - Process finished. Restarting the process...
06 Apr, 2025 20:11:53 - 'Google Main Right Side' scraper started.
06 Apr, 2025 20:12:54 - 'Google Main Right Side' scraper is still running.
06 Apr, 2025 20:12:54 - Last modified time: 111
06 Apr, 2025 20:13:55 - 'Google Main Right Side' scraper is still running.
06 Apr, 2025 20:13:55 - Last modified time: 172
06 Apr, 2025 20:14:56 - 'Google Main Right Side' scraper is not running. Checking if it is stuck...
06 Apr, 2025 20:14:56 - Process finished. Restarting the process...
06 Apr, 2025 20:14:56 - 'Google Main Right Side' scraper started.
06 Apr, 2025 20:15:57 - 'Google Main Right Side' scraper is still running.
06 Apr, 2025 20:15:57 - Last modified time: 107
06 Apr, 2025 20:16:58 - 'Google Main Right Side' scraper is still running.
06 Apr, 2025 20:16:58 - Last modified time: 168
06 Apr, 2025 20:17:59 - 'Google Main Right Side' scraper is not running. Checking if it is stuck...
06 Apr, 2025 20:17:59 - Process finished. Restarting the process...
06 Apr, 2025 20:17:59 - 'Google Main Right Side' scraper started.
06 Apr, 2025 20:19:00 - 'Google Main Right Side' scraper is still running.
06 Apr, 2025 20:19:00 - Last modified time: 108
06 Apr, 2025 20:20:01 - 'Google Main Right Side' scraper is still running.
06 Apr, 2025 20:20:01 - Last modified time: 169
06 Apr, 2025 20:21:02 - 'Google Main Right Side' scraper is not running. Checking if it is stuck...
06 Apr, 2025 20:21:02 - Process finished. Restarting the process...
06 Apr, 2025 20:21:02 - 'Google Main Right Side' scraper started.
06 Apr, 2025 20:22:03 - 'Google Main Right Side' scraper is still running.
06 Apr, 2025 20:22:03 - Last modified time: 109
06 Apr, 2025 20:23:05 - 'Google Main Right Side' scraper is still running.
06 Apr, 2025 20:23:05 - Last modified time: 171
06 Apr, 2025 20:24:06 - 'Google Main Right Side' scraper is not running. Checking if it is stuck...
06 Apr, 2025 20:24:06 - Process finished. Restarting the process...
06 Apr, 2025 20:24:06 - 'Google Main Right Side' scraper started.
06 Apr, 2025 20:25:06 - 'Google Main Right Side' scraper is still running.
06 Apr, 2025 20:25:06 - Last modified time: 109
06 Apr, 2025 20:26:08 - 'Google Main Right Side' scraper is still running.
06 Apr, 2025 20:26:08 - Last modified time: 171
06 Apr, 2025 20:27:09 - 'Google Main Right Side' scraper is not running. Checking if it is stuck...
06 Apr, 2025 20:27:09 - Process finished. Restarting the process...
06 Apr, 2025 20:27:09 - 'Google Main Right Side' scraper started.
06 Apr, 2025 20:28:10 - 'Google Main Right Side' scraper is still running.
06 Apr, 2025 20:28:10 - Last modified time: 111
06 Apr, 2025 20:29:11 - 'Google Main Right Side' scraper is still running.
06 Apr, 2025 20:29:11 - Last modified time: 172
06 Apr, 2025 20:30:12 - 'Google Main Right Side' scraper is not running. Checking if it is stuck...
06 Apr, 2025 20:30:12 - Process finished. Restarting the process...
06 Apr, 2025 20:30:12 - 'Google Main Right Side' scraper started.
06 Apr, 2025 20:31:13 - 'Google Main Right Side' scraper is still running.
06 Apr, 2025 20:31:13 - Last modified time: 106
06 Apr, 2025 20:32:14 - 'Google Main Right Side' scraper is still running.
06 Apr, 2025 20:32:14 - Last modified time: 167
06 Apr, 2025 20:33:15 - 'Google Main Right Side' scraper is not running. Checking if it is stuck...
06 Apr, 2025 20:33:15 - Process finished. Restarting the process...
06 Apr, 2025 20:33:15 - 'Google Main Right Side' scraper started.
06 Apr, 2025 20:34:15 - 'Google Main Right Side' scraper is still running.
06 Apr, 2025 20:34:15 - Last modified time: 107
06 Apr, 2025 20:35:16 - 'Google Main Right Side' scraper is still running.
06 Apr, 2025 20:35:16 - Last modified time: 168
06 Apr, 2025 20:36:18 - 'Google Main Right Side' scraper is not running. Checking if it is stuck...
06 Apr, 2025 20:36:18 - Process finished. Restarting the process...
06 Apr, 2025 20:36:18 - 'Google Main Right Side' scraper started.
06 Apr, 2025 20:37:19 - 'Google Main Right Side' scraper is still running.
06 Apr, 2025 20:37:19 - Last modified time: 109
06 Apr, 2025 20:38:20 - 'Google Main Right Side' scraper is still running.
06 Apr, 2025 20:38:20 - Last modified time: 170
06 Apr, 2025 20:39:20 - 'Google Main Right Side' scraper is not running. Checking if it is stuck...
06 Apr, 2025 20:39:21 - Process finished. Restarting the process...
06 Apr, 2025 20:39:21 - 'Google Main Right Side' scraper started.
06 Apr, 2025 20:40:22 - 'Google Main Right Side' scraper is still running.
06 Apr, 2025 20:40:22 - Last modified time: 110
06 Apr, 2025 20:41:23 - 'Google Main Right Side' scraper is still running.
06 Apr, 2025 20:41:23 - Last modified time: 171
06 Apr, 2025 20:42:24 - 'Google Main Right Side' scraper is not running. Checking if it is stuck...
06 Apr, 2025 20:42:24 - Process finished. Restarting the process...
06 Apr, 2025 20:42:24 - 'Google Main Right Side' scraper started.
06 Apr, 2025 20:43:25 - 'Google Main Right Side' scraper is still running.
06 Apr, 2025 20:43:25 - Last modified time: 111
06 Apr, 2025 20:44:26 - 'Google Main Right Side' scraper is still running.
06 Apr, 2025 20:44:26 - Last modified time: 172
06 Apr, 2025 20:45:28 - 'Google Main Right Side' scraper is not running. Checking if it is stuck...
06 Apr, 2025 20:45:28 - Process finished. Restarting the process...
06 Apr, 2025 20:45:28 - 'Google Main Right Side' scraper started.
06 Apr, 2025 20:46:28 - 'Google Main Right Side' scraper is still running.
06 Apr, 2025 20:46:28 - Last modified time: 106
06 Apr, 2025 20:47:29 - 'Google Main Right Side' scraper is still running.
06 Apr, 2025 20:47:29 - Last modified time: 167
06 Apr, 2025 20:48:31 - 'Google Main Right Side' scraper is not running. Checking if it is stuck...
06 Apr, 2025 20:48:31 - Process finished. Restarting the process...
06 Apr, 2025 20:48:31 - 'Google Main Right Side' scraper started.
06 Apr, 2025 20:49:32 - 'Google Main Right Side' scraper is still running.
06 Apr, 2025 20:49:32 - Last modified time: 108
06 Apr, 2025 20:50:33 - 'Google Main Right Side' scraper is still running.
06 Apr, 2025 20:50:33 - Last modified time: 169
06 Apr, 2025 20:51:34 - 'Google Main Right Side' scraper is not running. Checking if it is stuck...
06 Apr, 2025 20:51:34 - Process finished. Restarting the process...
06 Apr, 2025 20:51:34 - 'Google Main Right Side' scraper started.
06 Apr, 2025 20:52:36 - 'Google Main Right Side' scraper is still running.
06 Apr, 2025 20:52:36 - Last modified time: 109
06 Apr, 2025 20:53:37 - 'Google Main Right Side' scraper is still running.
06 Apr, 2025 20:53:37 - Last modified time: 170
06 Apr, 2025 20:54:37 - 'Google Main Right Side' scraper is not running. Checking if it is stuck...
06 Apr, 2025 20:54:38 - Process finished. Restarting the process...
06 Apr, 2025 20:54:38 - 'Google Main Right Side' scraper started.
06 Apr, 2025 20:55:39 - 'Google Main Right Side' scraper is still running.
06 Apr, 2025 20:55:39 - Last modified time: 110
06 Apr, 2025 20:56:40 - 'Google Main Right Side' scraper is still running.
06 Apr, 2025 20:56:40 - Last modified time: 171
06 Apr, 2025 20:57:41 - 'Google Main Right Side' scraper is not running. Checking if it is stuck...
06 Apr, 2025 20:57:41 - Process finished. Restarting the process...
06 Apr, 2025 20:57:41 - 'Google Main Right Side' scraper started.
06 Apr, 2025 20:58:42 - 'Google Main Right Side' scraper is still running.
06 Apr, 2025 20:58:42 - Last modified time: 111
06 Apr, 2025 20:59:43 - 'Google Main Right Side' scraper is still running.
06 Apr, 2025 20:59:43 - Last modified time: 172
06 Apr, 2025 21:00:44 - 'Google Main Right Side' scraper is not running. Checking if it is stuck...
06 Apr, 2025 21:00:44 - Process finished. Restarting the process...
06 Apr, 2025 21:00:44 - 'Google Main Right Side' scraper started.
06 Apr, 2025 21:01:45 - 'Google Main Right Side' scraper is still running.
06 Apr, 2025 21:01:45 - Last modified time: 107
06 Apr, 2025 21:02:46 - 'Google Main Right Side' scraper is still running.
06 Apr, 2025 21:02:46 - Last modified time: 168
06 Apr, 2025 21:03:47 - 'Google Main Right Side' scraper is not running. Checking if it is stuck...
06 Apr, 2025 21:03:47 - Process finished. Restarting the process...
06 Apr, 2025 21:03:47 - 'Google Main Right Side' scraper started.
06 Apr, 2025 21:04:48 - 'Google Main Right Side' scraper is still running.
06 Apr, 2025 21:04:48 - Last modified time: 107
06 Apr, 2025 21:05:50 - 'Google Main Right Side' scraper is still running.
06 Apr, 2025 21:05:50 - Last modified time: 169
06 Apr, 2025 21:06:51 - 'Google Main Right Side' scraper is not running. Checking if it is stuck...
06 Apr, 2025 21:06:51 - Process finished. Restarting the process...
06 Apr, 2025 21:06:51 - 'Google Main Right Side' scraper started.
06 Apr, 2025 21:07:52 - 'Google Main Right Side' scraper is still running.
06 Apr, 2025 21:07:52 - Last modified time: 109
06 Apr, 2025 21:08:53 - 'Google Main Right Side' scraper is still running.
06 Apr, 2025 21:08:53 - Last modified time: 170
06 Apr, 2025 21:09:54 - 'Google Main Right Side' scraper is not running. Checking if it is stuck...
06 Apr, 2025 21:09:54 - Process finished. Restarting the process...
06 Apr, 2025 21:09:54 - 'Google Main Right Side' scraper started.
06 Apr, 2025 21:10:55 - 'Google Main Right Side' scraper is still running.
06 Apr, 2025 21:10:55 - Last modified time: 110
06 Apr, 2025 21:11:57 - 'Google Main Right Side' scraper is still running.
06 Apr, 2025 21:11:57 - Last modified time: 172
06 Apr, 2025 21:12:58 - 'Google Main Right Side' scraper is not running. Checking if it is stuck...
06 Apr, 2025 21:12:58 - Process finished. Restarting the process...
06 Apr, 2025 21:12:58 - 'Google Main Right Side' scraper started.
06 Apr, 2025 21:13:59 - 'Google Main Right Side' scraper is still running.
06 Apr, 2025 21:13:59 - Last modified time: 111
06 Apr, 2025 21:15:00 - 'Google Main Right Side' scraper is still running.
06 Apr, 2025 21:15:00 - Last modified time: 172
06 Apr, 2025 21:16:02 - 'Google Main Right Side' scraper is not running. Checking if it is stuck...
06 Apr, 2025 21:16:02 - Process finished. Restarting the process...
06 Apr, 2025 21:16:02 - 'Google Main Right Side' scraper started.
06 Apr, 2025 21:17:02 - 'Google Main Right Side' scraper is still running.
06 Apr, 2025 21:17:02 - Last modified time: 106
06 Apr, 2025 21:18:03 - 'Google Main Right Side' scraper is still running.
06 Apr, 2025 21:18:03 - Last modified time: 167
06 Apr, 2025 21:19:05 - 'Google Main Right Side' scraper is not running. Checking if it is stuck...
06 Apr, 2025 21:19:05 - Process finished. Restarting the process...
06 Apr, 2025 21:19:05 - 'Google Main Right Side' scraper started.
06 Apr, 2025 21:20:06 - 'Google Main Right Side' scraper is still running.
06 Apr, 2025 21:20:06 - Last modified time: 108
06 Apr, 2025 21:21:07 - 'Google Main Right Side' scraper is still running.
06 Apr, 2025 21:21:07 - Last modified time: 169
06 Apr, 2025 21:22:08 - 'Google Main Right Side' scraper is not running. Checking if it is stuck...
06 Apr, 2025 21:22:08 - Process finished. Restarting the process...
06 Apr, 2025 21:22:08 - 'Google Main Right Side' scraper started.
06 Apr, 2025 21:23:10 - 'Google Main Right Side' scraper is still running.
06 Apr, 2025 21:23:10 - Last modified time: 110
06 Apr, 2025 21:24:10 - 'Google Main Right Side' scraper is still running.
06 Apr, 2025 21:24:10 - Last modified time: 170
06 Apr, 2025 21:25:12 - 'Google Main Right Side' scraper is not running. Checking if it is stuck...
06 Apr, 2025 21:25:12 - Process finished. Restarting the process...
06 Apr, 2025 21:25:12 - 'Google Main Right Side' scraper started.
06 Apr, 2025 21:26:13 - 'Google Main Right Side' scraper is still running.
06 Apr, 2025 21:26:13 - Last modified time: 110
06 Apr, 2025 21:27:14 - 'Google Main Right Side' scraper is still running.
06 Apr, 2025 21:27:14 - Last modified time: 171
06 Apr, 2025 21:28:15 - 'Google Main Right Side' scraper is not running. Checking if it is stuck...
06 Apr, 2025 21:28:15 - Process finished. Restarting the process...
06 Apr, 2025 21:28:15 - 'Google Main Right Side' scraper started.
06 Apr, 2025 21:29:17 - 'Google Main Right Side' scraper is still running.
06 Apr, 2025 21:29:17 - Last modified time: 112
06 Apr, 2025 21:30:18 - 'Google Main Right Side' scraper is still running.
06 Apr, 2025 21:30:18 - Last modified time: 173
06 Apr, 2025 21:31:19 - 'Google Main Right Side' scraper is not running. Checking if it is stuck...
06 Apr, 2025 21:31:19 - Process finished. Restarting the process...
06 Apr, 2025 21:31:19 - 'Google Main Right Side' scraper started.
06 Apr, 2025 21:32:20 - 'Google Main Right Side' scraper is still running.
06 Apr, 2025 21:32:20 - Last modified time: 107
06 Apr, 2025 21:33:21 - 'Google Main Right Side' scraper is still running.
06 Apr, 2025 21:33:21 - Last modified time: 168
06 Apr, 2025 21:34:22 - 'Google Main Right Side' scraper is not running. Checking if it is stuck...
06 Apr, 2025 21:34:22 - Process finished. Restarting the process...
06 Apr, 2025 21:34:22 - 'Google Main Right Side' scraper started.
06 Apr, 2025 21:35:24 - 'Google Main Right Side' scraper is still running.
06 Apr, 2025 21:35:24 - Last modified time: 108
06 Apr, 2025 21:36:25 - 'Google Main Right Side' scraper is still running.
06 Apr, 2025 21:36:25 - Last modified time: 169
06 Apr, 2025 21:37:26 - 'Google Main Right Side' scraper is not running. Checking if it is stuck...
06 Apr, 2025 21:37:26 - Process finished. Restarting the process...
06 Apr, 2025 21:37:26 - 'Google Main Right Side' scraper started.
06 Apr, 2025 21:38:26 - 'Google Main Right Side' scraper is still running.
06 Apr, 2025 21:38:26 - Last modified time: 108
06 Apr, 2025 21:39:26 - 'Google Main Right Side' scraper is still running.
06 Apr, 2025 21:39:26 - Last modified time: 168
06 Apr, 2025 21:40:26 - 'Google Main Right Side' scraper is not running. Checking if it is stuck...
06 Apr, 2025 21:40:26 - Process finished. Restarting the process...
06 Apr, 2025 21:40:26 - 'Google Main Right Side' scraper started.
06 Apr, 2025 21:41:27 - 'Google Main Right Side' scraper is still running.
06 Apr, 2025 21:41:27 - Last modified time: 109
06 Apr, 2025 21:42:27 - 'Google Main Right Side' scraper is still running.
06 Apr, 2025 21:42:27 - Last modified time: 169
06 Apr, 2025 21:43:28 - 'Google Main Right Side' scraper is not running. Checking if it is stuck...
06 Apr, 2025 21:43:28 - Process finished. Restarting the process...
06 Apr, 2025 21:43:28 - 'Google Main Right Side' scraper started.
06 Apr, 2025 21:44:29 - 'Google Main Right Side' scraper is still running.
06 Apr, 2025 21:44:29 - Last modified time: 111
06 Apr, 2025 21:45:30 - 'Google Main Right Side' scraper is still running.
06 Apr, 2025 21:45:30 - Last modified time: 172
06 Apr, 2025 21:46:31 - 'Google Main Right Side' scraper is not running. Checking if it is stuck...
06 Apr, 2025 21:46:31 - Process finished. Restarting the process...
06 Apr, 2025 21:46:31 - 'Google Main Right Side' scraper started.
06 Apr, 2025 21:47:32 - 'Google Main Right Side' scraper is still running.
06 Apr, 2025 21:47:32 - Last modified time: 107
06 Apr, 2025 21:48:33 - 'Google Main Right Side' scraper is still running.
06 Apr, 2025 21:48:33 - Last modified time: 168
06 Apr, 2025 21:49:34 - 'Google Main Right Side' scraper is not running. Checking if it is stuck...
06 Apr, 2025 21:49:34 - Process finished. Restarting the process...
06 Apr, 2025 21:49:34 - 'Google Main Right Side' scraper started.
06 Apr, 2025 21:50:35 - 'Google Main Right Side' scraper is still running.
06 Apr, 2025 21:50:35 - Last modified time: 108
06 Apr, 2025 21:51:36 - 'Google Main Right Side' scraper is still running.
06 Apr, 2025 21:51:36 - Last modified time: 169
06 Apr, 2025 21:52:37 - 'Google Main Right Side' scraper is not running. Checking if it is stuck...
06 Apr, 2025 21:52:37 - Process finished. Restarting the process...
06 Apr, 2025 21:52:37 - 'Google Main Right Side' scraper started.
06 Apr, 2025 21:53:38 - 'Google Main Right Side' scraper is still running.
06 Apr, 2025 21:53:38 - Last modified time: 109
06 Apr, 2025 21:54:39 - 'Google Main Right Side' scraper is still running.
06 Apr, 2025 21:54:39 - Last modified time: 170
06 Apr, 2025 21:55:41 - 'Google Main Right Side' scraper is not running. Checking if it is stuck...
06 Apr, 2025 21:55:41 - Process finished. Restarting the process...
06 Apr, 2025 21:55:41 - 'Google Main Right Side' scraper started.
06 Apr, 2025 21:56:42 - 'Google Main Right Side' scraper is still running.
06 Apr, 2025 21:56:42 - Last modified time: 110
06 Apr, 2025 21:57:43 - 'Google Main Right Side' scraper is still running.
06 Apr, 2025 21:57:43 - Last modified time: 171
06 Apr, 2025 21:58:44 - 'Google Main Right Side' scraper is not running. Checking if it is stuck...
06 Apr, 2025 21:58:44 - Process finished. Restarting the process...
06 Apr, 2025 21:58:44 - 'Google Main Right Side' scraper started.
06 Apr, 2025 21:59:45 - 'Google Main Right Side' scraper is still running.
06 Apr, 2025 21:59:45 - Last modified time: 111
06 Apr, 2025 22:00:46 - 'Google Main Right Side' scraper is still running.
06 Apr, 2025 22:00:46 - Last modified time: 172
06 Apr, 2025 22:01:47 - 'Google Main Right Side' scraper is not running. Checking if it is stuck...
06 Apr, 2025 22:01:48 - Process finished. Restarting the process...
06 Apr, 2025 22:01:48 - 'Google Main Right Side' scraper started.
06 Apr, 2025 22:02:49 - 'Google Main Right Side' scraper is still running.
06 Apr, 2025 22:02:49 - Last modified time: 107
06 Apr, 2025 22:03:50 - 'Google Main Right Side' scraper is still running.
06 Apr, 2025 22:03:50 - Last modified time: 168
06 Apr, 2025 22:04:51 - 'Google Main Right Side' scraper is not running. Checking if it is stuck...
06 Apr, 2025 22:04:51 - Process finished. Restarting the process...
06 Apr, 2025 22:04:51 - 'Google Main Right Side' scraper started.
06 Apr, 2025 22:05:52 - 'Google Main Right Side' scraper is still running.
06 Apr, 2025 22:05:52 - Last modified time: 108
06 Apr, 2025 22:06:53 - 'Google Main Right Side' scraper is still running.
06 Apr, 2025 22:06:53 - Last modified time: 169
06 Apr, 2025 22:07:54 - 'Google Main Right Side' scraper is not running. Checking if it is stuck...
06 Apr, 2025 22:07:54 - Process finished. Restarting the process...
06 Apr, 2025 22:07:54 - 'Google Main Right Side' scraper started.
06 Apr, 2025 22:08:56 - 'Google Main Right Side' scraper is still running.
06 Apr, 2025 22:08:56 - Last modified time: 109
06 Apr, 2025 22:09:57 - 'Google Main Right Side' scraper is still running.
06 Apr, 2025 22:09:57 - Last modified time: 170
06 Apr, 2025 22:10:58 - 'Google Main Right Side' scraper is not running. Checking if it is stuck...
06 Apr, 2025 22:10:58 - Process finished. Restarting the process...
06 Apr, 2025 22:10:58 - 'Google Main Right Side' scraper started.
06 Apr, 2025 22:11:59 - 'Google Main Right Side' scraper is still running.
06 Apr, 2025 22:11:59 - Last modified time: 110
06 Apr, 2025 22:13:00 - 'Google Main Right Side' scraper is still running.
06 Apr, 2025 22:13:00 - Last modified time: 171
06 Apr, 2025 22:14:01 - 'Google Main Right Side' scraper is not running. Checking if it is stuck...
06 Apr, 2025 22:14:01 - Process finished. Restarting the process...
06 Apr, 2025 22:14:01 - 'Google Main Right Side' scraper started.
06 Apr, 2025 22:15:03 - 'Google Main Right Side' scraper is still running.
06 Apr, 2025 22:15:03 - Last modified time: 111
06 Apr, 2025 22:16:04 - 'Google Main Right Side' scraper is still running.
06 Apr, 2025 22:16:04 - Last modified time: 172
06 Apr, 2025 22:17:05 - 'Google Main Right Side' scraper is not running. Checking if it is stuck...
06 Apr, 2025 22:17:05 - Process finished. Restarting the process...
06 Apr, 2025 22:17:05 - 'Google Main Right Side' scraper started.
06 Apr, 2025 22:18:07 - 'Google Main Right Side' scraper is still running.
06 Apr, 2025 22:18:07 - Last modified time: 108
06 Apr, 2025 22:19:08 - 'Google Main Right Side' scraper is still running.
06 Apr, 2025 22:19:08 - Last modified time: 169
06 Apr, 2025 22:20:09 - 'Google Main Right Side' scraper is not running. Checking if it is stuck...
06 Apr, 2025 22:20:09 - Process finished. Restarting the process...
06 Apr, 2025 22:20:09 - 'Google Main Right Side' scraper started.
06 Apr, 2025 22:21:10 - 'Google Main Right Side' scraper is still running.
06 Apr, 2025 22:21:10 - Last modified time: 108
06 Apr, 2025 22:22:12 - 'Google Main Right Side' scraper is still running.
06 Apr, 2025 22:22:12 - Last modified time: 170
06 Apr, 2025 22:23:13 - 'Google Main Right Side' scraper is not running. Checking if it is stuck...
06 Apr, 2025 22:23:13 - Process finished. Restarting the process...
06 Apr, 2025 22:23:13 - 'Google Main Right Side' scraper started.
06 Apr, 2025 22:24:14 - 'Google Main Right Side' scraper is still running.
06 Apr, 2025 22:24:14 - Last modified time: 109
06 Apr, 2025 22:25:16 - 'Google Main Right Side' scraper is still running.
06 Apr, 2025 22:25:16 - Last modified time: 171
06 Apr, 2025 22:26:17 - 'Google Main Right Side' scraper is not running. Checking if it is stuck...
06 Apr, 2025 22:26:17 - Process finished. Restarting the process...
06 Apr, 2025 22:26:17 - 'Google Main Right Side' scraper started.
06 Apr, 2025 22:27:18 - 'Google Main Right Side' scraper is still running.
06 Apr, 2025 22:27:18 - Last modified time: 110
06 Apr, 2025 22:28:19 - 'Google Main Right Side' scraper is still running.
06 Apr, 2025 22:28:19 - Last modified time: 171
06 Apr, 2025 22:29:20 - 'Google Main Right Side' scraper is not running. Checking if it is stuck...
06 Apr, 2025 22:29:21 - Process finished. Restarting the process...
06 Apr, 2025 22:29:21 - 'Google Main Right Side' scraper started.
06 Apr, 2025 22:30:22 - 'Google Main Right Side' scraper is still running.
06 Apr, 2025 22:30:22 - Last modified time: 111
06 Apr, 2025 22:31:23 - 'Google Main Right Side' scraper is still running.
06 Apr, 2025 22:31:23 - Last modified time: 172
06 Apr, 2025 22:32:25 - 'Google Main Right Side' scraper is not running. Checking if it is stuck...
06 Apr, 2025 22:32:25 - Process finished. Restarting the process...
06 Apr, 2025 22:32:25 - 'Google Main Right Side' scraper started.
06 Apr, 2025 22:33:26 - 'Google Main Right Side' scraper is still running.
06 Apr, 2025 22:33:26 - Last modified time: 107
06 Apr, 2025 22:34:27 - 'Google Main Right Side' scraper is still running.
06 Apr, 2025 22:34:27 - Last modified time: 168
06 Apr, 2025 22:35:28 - 'Google Main Right Side' scraper is not running. Checking if it is stuck...
06 Apr, 2025 22:35:28 - Process finished. Restarting the process...
06 Apr, 2025 22:35:28 - 'Google Main Right Side' scraper started.
06 Apr, 2025 22:36:29 - 'Google Main Right Side' scraper is still running.
06 Apr, 2025 22:36:29 - Last modified time: 107
06 Apr, 2025 22:37:31 - 'Google Main Right Side' scraper is still running.
06 Apr, 2025 22:37:31 - Last modified time: 169
06 Apr, 2025 22:38:32 - 'Google Main Right Side' scraper is not running. Checking if it is stuck...
06 Apr, 2025 22:38:32 - Process finished. Restarting the process...
06 Apr, 2025 22:38:32 - 'Google Main Right Side' scraper started.
06 Apr, 2025 22:39:34 - 'Google Main Right Side' scraper is still running.
06 Apr, 2025 22:39:34 - Last modified time: 110
06 Apr, 2025 22:40:35 - 'Google Main Right Side' scraper is still running.
06 Apr, 2025 22:40:35 - Last modified time: 171
06 Apr, 2025 22:41:36 - 'Google Main Right Side' scraper is not running. Checking if it is stuck...
06 Apr, 2025 22:41:36 - Process finished. Restarting the process...
06 Apr, 2025 22:41:36 - 'Google Main Right Side' scraper started.
06 Apr, 2025 22:42:37 - 'Google Main Right Side' scraper is still running.
06 Apr, 2025 22:42:37 - Last modified time: 110
06 Apr, 2025 22:43:39 - 'Google Main Right Side' scraper is still running.
06 Apr, 2025 22:43:39 - Last modified time: 172
06 Apr, 2025 22:44:40 - 'Google Main Right Side' scraper is not running. Checking if it is stuck...
06 Apr, 2025 22:44:40 - Process finished. Restarting the process...
06 Apr, 2025 22:44:40 - 'Google Main Right Side' scraper started.
06 Apr, 2025 22:45:42 - 'Google Main Right Side' scraper is still running.
06 Apr, 2025 22:45:42 - Last modified time: 112
06 Apr, 2025 22:46:43 - 'Google Main Right Side' scraper is still running.
06 Apr, 2025 22:46:43 - Last modified time: 173
06 Apr, 2025 22:47:45 - 'Google Main Right Side' scraper is not running. Checking if it is stuck...
06 Apr, 2025 22:47:45 - Process finished. Restarting the process...
06 Apr, 2025 22:47:45 - 'Google Main Right Side' scraper started.
06 Apr, 2025 22:48:46 - 'Google Main Right Side' scraper is still running.
06 Apr, 2025 22:48:46 - Last modified time: 107
06 Apr, 2025 22:49:47 - 'Google Main Right Side' scraper is still running.
06 Apr, 2025 22:49:47 - Last modified time: 168
06 Apr, 2025 22:50:48 - 'Google Main Right Side' scraper is not running. Checking if it is stuck...
06 Apr, 2025 22:50:48 - Process finished. Restarting the process...
06 Apr, 2025 22:50:48 - 'Google Main Right Side' scraper started.
06 Apr, 2025 22:51:50 - 'Google Main Right Side' scraper is still running.
06 Apr, 2025 22:51:50 - Last modified time: 108
06 Apr, 2025 22:52:51 - 'Google Main Right Side' scraper is still running.
06 Apr, 2025 22:52:51 - Last modified time: 169
06 Apr, 2025 22:53:52 - 'Google Main Right Side' scraper is not running. Checking if it is stuck...
06 Apr, 2025 22:53:52 - Process finished. Restarting the process...
06 Apr, 2025 22:53:52 - 'Google Main Right Side' scraper started.
06 Apr, 2025 22:54:53 - 'Google Main Right Side' scraper is still running.
06 Apr, 2025 22:54:53 - Last modified time: 109
06 Apr, 2025 22:55:55 - 'Google Main Right Side' scraper is still running.
06 Apr, 2025 22:55:55 - Last modified time: 171
06 Apr, 2025 22:56:55 - 'Google Main Right Side' scraper is not running. Checking if it is stuck...
06 Apr, 2025 22:56:55 - Process finished. Restarting the process...
06 Apr, 2025 22:56:55 - 'Google Main Right Side' scraper started.
06 Apr, 2025 22:57:57 - 'Google Main Right Side' scraper is still running.
06 Apr, 2025 22:57:57 - Last modified time: 110
06 Apr, 2025 22:58:58 - 'Google Main Right Side' scraper is still running.
06 Apr, 2025 22:58:58 - Last modified time: 171
06 Apr, 2025 22:59:59 - 'Google Main Right Side' scraper is not running. Checking if it is stuck...
06 Apr, 2025 22:59:59 - Process finished. Restarting the process...
06 Apr, 2025 22:59:59 - 'Google Main Right Side' scraper started.
06 Apr, 2025 23:01:01 - 'Google Main Right Side' scraper is still running.
06 Apr, 2025 23:01:01 - Last modified time: 111
06 Apr, 2025 23:02:02 - 'Google Main Right Side' scraper is still running.
06 Apr, 2025 23:02:02 - Last modified time: 172
06 Apr, 2025 23:03:03 - 'Google Main Right Side' scraper is not running. Checking if it is stuck...
06 Apr, 2025 23:03:03 - Process finished. Restarting the process...
06 Apr, 2025 23:03:03 - 'Google Main Right Side' scraper started.
06 Apr, 2025 23:04:04 - 'Google Main Right Side' scraper is still running.
06 Apr, 2025 23:04:04 - Last modified time: 107
06 Apr, 2025 23:05:05 - 'Google Main Right Side' scraper is still running.
06 Apr, 2025 23:05:06 - Last modified time: 168
06 Apr, 2025 23:06:07 - 'Google Main Right Side' scraper is not running. Checking if it is stuck...
06 Apr, 2025 23:06:07 - Process finished. Restarting the process...
06 Apr, 2025 23:06:07 - 'Google Main Right Side' scraper started.
06 Apr, 2025 23:07:08 - 'Google Main Right Side' scraper is still running.
06 Apr, 2025 23:07:08 - Last modified time: 108
06 Apr, 2025 23:08:10 - 'Google Main Right Side' scraper is still running.
06 Apr, 2025 23:08:10 - Last modified time: 170
06 Apr, 2025 23:09:11 - 'Google Main Right Side' scraper is not running. Checking if it is stuck...
06 Apr, 2025 23:09:11 - Process finished. Restarting the process...
06 Apr, 2025 23:09:11 - 'Google Main Right Side' scraper started.
06 Apr, 2025 23:10:13 - 'Google Main Right Side' scraper is still running.
06 Apr, 2025 23:10:13 - Last modified time: 110
06 Apr, 2025 23:11:14 - 'Google Main Right Side' scraper is still running.
06 Apr, 2025 23:11:14 - Last modified time: 171
06 Apr, 2025 23:12:15 - 'Google Main Right Side' scraper is not running. Checking if it is stuck...
06 Apr, 2025 23:12:15 - Process finished. Restarting the process...
06 Apr, 2025 23:12:15 - 'Google Main Right Side' scraper started.
06 Apr, 2025 23:13:16 - 'Google Main Right Side' scraper is still running.
06 Apr, 2025 23:13:17 - Last modified time: 111
06 Apr, 2025 23:14:18 - 'Google Main Right Side' scraper is still running.
06 Apr, 2025 23:14:18 - Last modified time: 172
06 Apr, 2025 23:15:19 - 'Google Main Right Side' scraper is not running. Checking if it is stuck...
06 Apr, 2025 23:15:19 - Process finished. Restarting the process...
06 Apr, 2025 23:15:19 - 'Google Main Right Side' scraper started.
06 Apr, 2025 23:16:21 - 'Google Main Right Side' scraper is still running.
06 Apr, 2025 23:16:21 - Last modified time: 111
06 Apr, 2025 23:17:22 - 'Google Main Right Side' scraper is still running.
06 Apr, 2025 23:17:22 - Last modified time: 172
06 Apr, 2025 23:18:24 - 'Google Main Right Side' scraper is not running. Checking if it is stuck...
06 Apr, 2025 23:18:24 - Process finished. Restarting the process...
06 Apr, 2025 23:18:24 - 'Google Main Right Side' scraper started.
06 Apr, 2025 23:19:25 - 'Google Main Right Side' scraper is still running.
06 Apr, 2025 23:19:25 - Last modified time: 107
06 Apr, 2025 23:20:26 - 'Google Main Right Side' scraper is still running.
06 Apr, 2025 23:20:26 - Last modified time: 168
06 Apr, 2025 23:21:28 - 'Google Main Right Side' scraper is not running. Checking if it is stuck...
06 Apr, 2025 23:21:28 - Process finished. Restarting the process...
06 Apr, 2025 23:21:28 - 'Google Main Right Side' scraper started.
06 Apr, 2025 23:22:29 - 'Google Main Right Side' scraper is still running.
06 Apr, 2025 23:22:29 - Last modified time: 108
06 Apr, 2025 23:23:31 - 'Google Main Right Side' scraper is still running.
06 Apr, 2025 23:23:31 - Last modified time: 170
06 Apr, 2025 23:24:32 - 'Google Main Right Side' scraper is not running. Checking if it is stuck...
06 Apr, 2025 23:24:32 - Process finished. Restarting the process...
06 Apr, 2025 23:24:32 - 'Google Main Right Side' scraper started.
06 Apr, 2025 23:25:33 - 'Google Main Right Side' scraper is still running.
06 Apr, 2025 23:25:33 - Last modified time: 109
06 Apr, 2025 23:26:34 - 'Google Main Right Side' scraper is still running.
06 Apr, 2025 23:26:34 - Last modified time: 170
06 Apr, 2025 23:27:36 - 'Google Main Right Side' scraper is not running. Checking if it is stuck...
06 Apr, 2025 23:27:36 - Process finished. Restarting the process...
06 Apr, 2025 23:27:36 - 'Google Main Right Side' scraper started.
06 Apr, 2025 23:28:37 - 'Google Main Right Side' scraper is still running.
06 Apr, 2025 23:28:37 - Last modified time: 110
06 Apr, 2025 23:29:39 - 'Google Main Right Side' scraper is still running.
06 Apr, 2025 23:29:39 - Last modified time: 172
06 Apr, 2025 23:30:40 - 'Google Main Right Side' scraper is not running. Checking if it is stuck...
06 Apr, 2025 23:30:40 - Process finished. Restarting the process...
06 Apr, 2025 23:30:40 - 'Google Main Right Side' scraper started.
06 Apr, 2025 23:31:42 - 'Google Main Right Side' scraper is still running.
06 Apr, 2025 23:31:42 - Last modified time: 111
06 Apr, 2025 23:32:44 - 'Google Main Right Side' scraper is still running.
06 Apr, 2025 23:32:44 - Last modified time: 173
06 Apr, 2025 23:33:45 - 'Google Main Right Side' scraper is not running. Checking if it is stuck...
06 Apr, 2025 23:33:45 - Process finished. Restarting the process...
06 Apr, 2025 23:33:45 - 'Google Main Right Side' scraper started.
06 Apr, 2025 23:34:46 - 'Google Main Right Side' scraper is still running.
06 Apr, 2025 23:34:46 - Last modified time: 107
06 Apr, 2025 23:35:47 - 'Google Main Right Side' scraper is still running.
06 Apr, 2025 23:35:47 - Last modified time: 168
06 Apr, 2025 23:36:49 - 'Google Main Right Side' scraper is not running. Checking if it is stuck...
06 Apr, 2025 23:36:49 - Process finished. Restarting the process...
06 Apr, 2025 23:36:49 - 'Google Main Right Side' scraper started.
06 Apr, 2025 23:37:50 - 'Google Main Right Side' scraper is still running.
06 Apr, 2025 23:37:50 - Last modified time: 108
06 Apr, 2025 23:38:52 - 'Google Main Right Side' scraper is still running.
06 Apr, 2025 23:38:52 - Last modified time: 170
06 Apr, 2025 23:39:53 - 'Google Main Right Side' scraper is not running. Checking if it is stuck...
06 Apr, 2025 23:39:53 - Process finished. Restarting the process...
06 Apr, 2025 23:39:53 - 'Google Main Right Side' scraper started.
06 Apr, 2025 23:40:55 - 'Google Main Right Side' scraper is still running.
06 Apr, 2025 23:40:55 - Last modified time: 109
06 Apr, 2025 23:41:56 - 'Google Main Right Side' scraper is still running.
06 Apr, 2025 23:41:56 - Last modified time: 170
06 Apr, 2025 23:42:57 - 'Google Main Right Side' scraper is not running. Checking if it is stuck...
06 Apr, 2025 23:42:57 - Process finished. Restarting the process...
06 Apr, 2025 23:42:57 - 'Google Main Right Side' scraper started.
06 Apr, 2025 23:43:58 - 'Google Main Right Side' scraper is still running.
06 Apr, 2025 23:43:58 - Last modified time: 110
06 Apr, 2025 23:45:00 - 'Google Main Right Side' scraper is still running.
06 Apr, 2025 23:45:00 - Last modified time: 172
06 Apr, 2025 23:46:01 - 'Google Main Right Side' scraper is not running. Checking if it is stuck...
06 Apr, 2025 23:46:01 - Process finished. Restarting the process...
06 Apr, 2025 23:46:01 - 'Google Main Right Side' scraper started.
06 Apr, 2025 23:47:03 - 'Google Main Right Side' scraper is still running.
06 Apr, 2025 23:47:03 - Last modified time: 112
06 Apr, 2025 23:48:04 - 'Google Main Right Side' scraper is still running.
06 Apr, 2025 23:48:04 - Last modified time: 173
06 Apr, 2025 23:49:05 - 'Google Main Right Side' scraper is not running. Checking if it is stuck...
06 Apr, 2025 23:49:05 - Process finished. Restarting the process...
06 Apr, 2025 23:49:05 - 'Google Main Right Side' scraper started.
06 Apr, 2025 23:50:06 - 'Google Main Right Side' scraper is still running.
06 Apr, 2025 23:50:06 - Last modified time: 106
06 Apr, 2025 23:51:08 - 'Google Main Right Side' scraper is still running.
06 Apr, 2025 23:51:08 - Last modified time: 168
06 Apr, 2025 23:52:09 - 'Google Main Right Side' scraper is not running. Checking if it is stuck...
06 Apr, 2025 23:52:09 - Process finished. Restarting the process...
06 Apr, 2025 23:52:09 - 'Google Main Right Side' scraper started.
06 Apr, 2025 23:53:11 - 'Google Main Right Side' scraper is still running.
06 Apr, 2025 23:53:11 - Last modified time: 108
06 Apr, 2025 23:54:12 - 'Google Main Right Side' scraper is still running.
06 Apr, 2025 23:54:13 - Last modified time: 169
06 Apr, 2025 23:55:14 - 'Google Main Right Side' scraper is not running. Checking if it is stuck...
06 Apr, 2025 23:55:14 - Process finished. Restarting the process...
06 Apr, 2025 23:55:14 - 'Google Main Right Side' scraper started.
06 Apr, 2025 23:56:15 - 'Google Main Right Side' scraper is still running.
06 Apr, 2025 23:56:15 - Last modified time: 109
06 Apr, 2025 23:57:16 - 'Google Main Right Side' scraper is still running.
06 Apr, 2025 23:57:16 - Last modified time: 170
06 Apr, 2025 23:58:18 - 'Google Main Right Side' scraper is not running. Checking if it is stuck...
06 Apr, 2025 23:58:18 - Process finished. Restarting the process...
06 Apr, 2025 23:58:18 - 'Google Main Right Side' scraper started.
06 Apr, 2025 23:59:19 - 'Google Main Right Side' scraper is still running.
06 Apr, 2025 23:59:19 - Last modified time: 110
07 Apr, 2025 00:00:21 - 'Google Main Right Side' scraper is still running.
07 Apr, 2025 00:00:21 - Last modified time: 172
07 Apr, 2025 00:01:22 - 'Google Main Right Side' scraper is not running. Checking if it is stuck...
07 Apr, 2025 00:01:22 - Process finished. Restarting the process...
07 Apr, 2025 00:01:22 - 'Google Main Right Side' scraper started.
07 Apr, 2025 00:02:24 - 'Google Main Right Side' scraper is still running.
07 Apr, 2025 00:02:24 - Last modified time: 112
07 Apr, 2025 00:03:25 - 'Google Main Right Side' scraper is still running.
07 Apr, 2025 00:03:25 - Last modified time: 173
07 Apr, 2025 00:04:26 - 'Google Main Right Side' scraper is not running. Checking if it is stuck...
07 Apr, 2025 00:04:26 - Process finished. Restarting the process...
07 Apr, 2025 00:04:26 - 'Google Main Right Side' scraper started.
07 Apr, 2025 00:05:27 - 'Google Main Right Side' scraper is still running.
07 Apr, 2025 00:05:27 - Last modified time: 107
07 Apr, 2025 00:06:29 - 'Google Main Right Side' scraper is still running.
07 Apr, 2025 00:06:29 - Last modified time: 169
07 Apr, 2025 00:07:30 - 'Google Main Right Side' scraper is not running. Checking if it is stuck...
07 Apr, 2025 00:07:30 - Process finished. Restarting the process...
07 Apr, 2025 00:07:30 - 'Google Main Right Side' scraper started.
07 Apr, 2025 00:08:32 - 'Google Main Right Side' scraper is still running.
07 Apr, 2025 00:08:32 - Last modified time: 108
07 Apr, 2025 00:09:33 - 'Google Main Right Side' scraper is still running.
07 Apr, 2025 00:09:33 - Last modified time: 169
07 Apr, 2025 00:10:35 - 'Google Main Right Side' scraper is not running. Checking if it is stuck...
07 Apr, 2025 00:10:35 - Process finished. Restarting the process...
07 Apr, 2025 00:10:35 - 'Google Main Right Side' scraper started.
07 Apr, 2025 00:11:35 - 'Google Main Right Side' scraper is still running.
07 Apr, 2025 00:11:35 - Last modified time: 108
07 Apr, 2025 00:12:37 - 'Google Main Right Side' scraper is still running.
07 Apr, 2025 00:12:37 - Last modified time: 170
07 Apr, 2025 00:13:38 - 'Google Main Right Side' scraper is not running. Checking if it is stuck...
07 Apr, 2025 00:13:39 - Process finished. Restarting the process...
07 Apr, 2025 00:13:39 - 'Google Main Right Side' scraper started.
07 Apr, 2025 00:14:40 - 'Google Main Right Side' scraper is still running.
07 Apr, 2025 00:14:40 - Last modified time: 110
07 Apr, 2025 00:15:42 - 'Google Main Right Side' scraper is still running.
07 Apr, 2025 00:15:42 - Last modified time: 172
07 Apr, 2025 00:16:43 - 'Google Main Right Side' scraper is not running. Checking if it is stuck...
07 Apr, 2025 00:16:43 - Process finished. Restarting the process...
07 Apr, 2025 00:16:43 - 'Google Main Right Side' scraper started.
07 Apr, 2025 00:17:45 - 'Google Main Right Side' scraper is still running.
07 Apr, 2025 00:17:45 - Last modified time: 112
07 Apr, 2025 00:18:45 - 'Google Main Right Side' scraper is still running.
07 Apr, 2025 00:18:45 - Last modified time: 172
07 Apr, 2025 00:19:47 - 'Google Main Right Side' scraper is not running. Checking if it is stuck...
07 Apr, 2025 00:19:47 - Process finished. Restarting the process...
07 Apr, 2025 00:19:47 - 'Google Main Right Side' scraper started.
07 Apr, 2025 00:20:48 - 'Google Main Right Side' scraper is still running.
07 Apr, 2025 00:20:48 - Last modified time: 106
07 Apr, 2025 00:21:50 - 'Google Main Right Side' scraper is still running.
07 Apr, 2025 00:21:50 - Last modified time: 168
07 Apr, 2025 00:22:51 - 'Google Main Right Side' scraper is not running. Checking if it is stuck...
07 Apr, 2025 00:22:51 - Process finished. Restarting the process...
07 Apr, 2025 00:22:51 - 'Google Main Right Side' scraper started.
07 Apr, 2025 00:23:52 - 'Google Main Right Side' scraper is still running.
07 Apr, 2025 00:23:52 - Last modified time: 108
07 Apr, 2025 00:24:53 - 'Google Main Right Side' scraper is still running.
07 Apr, 2025 00:24:53 - Last modified time: 169
07 Apr, 2025 00:25:53 - 'Google Main Right Side' scraper is not running. Checking if it is stuck...
07 Apr, 2025 00:25:54 - Process finished. Restarting the process...
07 Apr, 2025 00:25:54 - 'Google Main Right Side' scraper started.
07 Apr, 2025 00:26:54 - 'Google Main Right Side' scraper is still running.
07 Apr, 2025 00:26:54 - Last modified time: 108
07 Apr, 2025 00:27:55 - 'Google Main Right Side' scraper is still running.
07 Apr, 2025 00:27:55 - Last modified time: 169
07 Apr, 2025 00:28:56 - 'Google Main Right Side' scraper is not running. Checking if it is stuck...
07 Apr, 2025 00:28:56 - Process finished. Restarting the process...
07 Apr, 2025 00:28:56 - 'Google Main Right Side' scraper started.
07 Apr, 2025 00:29:57 - 'Google Main Right Side' scraper is still running.
07 Apr, 2025 00:29:57 - Last modified time: 110
07 Apr, 2025 00:30:58 - 'Google Main Right Side' scraper is still running.
07 Apr, 2025 00:30:58 - Last modified time: 171
07 Apr, 2025 00:31:59 - 'Google Main Right Side' scraper is not running. Checking if it is stuck...
07 Apr, 2025 00:31:59 - Process finished. Restarting the process...
07 Apr, 2025 00:31:59 - 'Google Main Right Side' scraper started.
07 Apr, 2025 00:33:00 - 'Google Main Right Side' scraper is still running.
07 Apr, 2025 00:33:00 - Last modified time: 111
07 Apr, 2025 00:34:01 - 'Google Main Right Side' scraper is still running.
07 Apr, 2025 00:34:01 - Last modified time: 172
07 Apr, 2025 00:35:02 - 'Google Main Right Side' scraper is not running. Checking if it is stuck...
07 Apr, 2025 00:35:02 - Process finished. Restarting the process...
07 Apr, 2025 00:35:02 - 'Google Main Right Side' scraper started.
07 Apr, 2025 00:36:03 - 'Google Main Right Side' scraper is still running.
07 Apr, 2025 00:36:03 - Last modified time: 106
07 Apr, 2025 00:37:05 - 'Google Main Right Side' scraper is still running.
07 Apr, 2025 00:37:05 - Last modified time: 168
07 Apr, 2025 00:38:06 - 'Google Main Right Side' scraper is not running. Checking if it is stuck...
07 Apr, 2025 00:38:06 - Process finished. Restarting the process...
07 Apr, 2025 00:38:06 - 'Google Main Right Side' scraper started.
07 Apr, 2025 00:39:07 - 'Google Main Right Side' scraper is still running.
07 Apr, 2025 00:39:07 - Last modified time: 108
07 Apr, 2025 00:40:09 - 'Google Main Right Side' scraper is still running.
07 Apr, 2025 00:40:09 - Last modified time: 170
07 Apr, 2025 00:41:10 - 'Google Main Right Side' scraper is not running. Checking if it is stuck...
07 Apr, 2025 00:41:10 - Process finished. Restarting the process...
07 Apr, 2025 00:41:10 - 'Google Main Right Side' scraper started.
07 Apr, 2025 00:42:11 - 'Google Main Right Side' scraper is still running.
07 Apr, 2025 00:42:11 - Last modified time: 109
07 Apr, 2025 00:43:13 - 'Google Main Right Side' scraper is still running.
07 Apr, 2025 00:43:13 - Last modified time: 171
07 Apr, 2025 00:44:14 - 'Google Main Right Side' scraper is not running. Checking if it is stuck...
07 Apr, 2025 00:44:14 - Process finished. Restarting the process...
07 Apr, 2025 00:44:14 - 'Google Main Right Side' scraper started.
07 Apr, 2025 00:45:15 - 'Google Main Right Side' scraper is still running.
07 Apr, 2025 00:45:15 - Last modified time: 110
07 Apr, 2025 00:46:17 - 'Google Main Right Side' scraper is still running.
07 Apr, 2025 00:46:17 - Last modified time: 172
07 Apr, 2025 00:47:18 - 'Google Main Right Side' scraper is not running. Checking if it is stuck...
07 Apr, 2025 00:47:18 - Process finished. Restarting the process...
07 Apr, 2025 00:47:18 - 'Google Main Right Side' scraper started.
07 Apr, 2025 00:48:19 - 'Google Main Right Side' scraper is still running.
07 Apr, 2025 00:48:19 - Last modified time: 111
07 Apr, 2025 00:49:20 - 'Google Main Right Side' scraper is still running.
07 Apr, 2025 00:49:20 - Last modified time: 172
07 Apr, 2025 00:50:22 - 'Google Main Right Side' scraper is not running. Checking if it is stuck...
07 Apr, 2025 00:50:22 - Process finished. Restarting the process...
07 Apr, 2025 00:50:22 - 'Google Main Right Side' scraper started.
07 Apr, 2025 00:51:23 - 'Google Main Right Side' scraper is still running.
07 Apr, 2025 00:51:23 - Last modified time: 107
07 Apr, 2025 00:52:24 - 'Google Main Right Side' scraper is still running.
07 Apr, 2025 00:52:24 - Last modified time: 168
07 Apr, 2025 00:53:26 - 'Google Main Right Side' scraper is not running. Checking if it is stuck...
07 Apr, 2025 00:53:26 - Process finished. Restarting the process...
07 Apr, 2025 00:53:26 - 'Google Main Right Side' scraper started.
07 Apr, 2025 00:54:27 - 'Google Main Right Side' scraper is still running.
07 Apr, 2025 00:54:27 - Last modified time: 108
07 Apr, 2025 00:55:29 - 'Google Main Right Side' scraper is still running.
07 Apr, 2025 00:55:29 - Last modified time: 170
07 Apr, 2025 00:56:29 - 'Google Main Right Side' scraper is not running. Checking if it is stuck...
07 Apr, 2025 00:56:30 - Process finished. Restarting the process...
07 Apr, 2025 00:56:30 - 'Google Main Right Side' scraper started.
07 Apr, 2025 00:57:31 - 'Google Main Right Side' scraper is still running.
07 Apr, 2025 00:57:31 - Last modified time: 109
07 Apr, 2025 00:58:33 - 'Google Main Right Side' scraper is still running.
07 Apr, 2025 00:58:33 - Last modified time: 171
07 Apr, 2025 00:59:34 - 'Google Main Right Side' scraper is not running. Checking if it is stuck...
07 Apr, 2025 00:59:34 - Process finished. Restarting the process...
07 Apr, 2025 00:59:34 - 'Google Main Right Side' scraper started.
07 Apr, 2025 01:00:36 - 'Google Main Right Side' scraper is still running.
07 Apr, 2025 01:00:36 - Last modified time: 111
07 Apr, 2025 01:01:37 - 'Google Main Right Side' scraper is still running.
07 Apr, 2025 01:01:37 - Last modified time: 172
07 Apr, 2025 01:02:39 - 'Google Main Right Side' scraper is not running. Checking if it is stuck...
07 Apr, 2025 01:02:39 - Process finished. Restarting the process...
07 Apr, 2025 01:02:39 - 'Google Main Right Side' scraper started.
07 Apr, 2025 01:03:40 - 'Google Main Right Side' scraper is still running.
07 Apr, 2025 01:03:40 - Last modified time: 111
07 Apr, 2025 01:04:41 - 'Google Main Right Side' scraper is still running.
07 Apr, 2025 01:04:41 - Last modified time: 172
07 Apr, 2025 01:05:43 - 'Google Main Right Side' scraper is not running. Checking if it is stuck...
07 Apr, 2025 01:05:43 - Process finished. Restarting the process...
07 Apr, 2025 01:05:43 - 'Google Main Right Side' scraper started.
07 Apr, 2025 01:06:44 - 'Google Main Right Side' scraper is still running.
07 Apr, 2025 01:06:44 - Last modified time: 107
07 Apr, 2025 01:07:46 - 'Google Main Right Side' scraper is still running.
07 Apr, 2025 01:07:46 - Last modified time: 169
07 Apr, 2025 01:08:47 - 'Google Main Right Side' scraper is not running. Checking if it is stuck...
07 Apr, 2025 01:08:47 - Process finished. Restarting the process...
07 Apr, 2025 01:08:47 - 'Google Main Right Side' scraper started.
07 Apr, 2025 01:09:49 - 'Google Main Right Side' scraper is still running.
07 Apr, 2025 01:09:49 - Last modified time: 108
07 Apr, 2025 01:10:50 - 'Google Main Right Side' scraper is still running.
07 Apr, 2025 01:10:50 - Last modified time: 169
07 Apr, 2025 01:11:51 - 'Google Main Right Side' scraper is not running. Checking if it is stuck...
07 Apr, 2025 01:11:51 - Process finished. Restarting the process...
07 Apr, 2025 01:11:51 - 'Google Main Right Side' scraper started.
07 Apr, 2025 01:12:53 - 'Google Main Right Side' scraper is still running.
07 Apr, 2025 01:12:53 - Last modified time: 109
07 Apr, 2025 01:13:54 - 'Google Main Right Side' scraper is still running.
07 Apr, 2025 01:13:54 - Last modified time: 170
07 Apr, 2025 01:14:56 - 'Google Main Right Side' scraper is not running. Checking if it is stuck...
07 Apr, 2025 01:14:56 - Process finished. Restarting the process...
07 Apr, 2025 01:14:56 - 'Google Main Right Side' scraper started.
07 Apr, 2025 01:15:57 - 'Google Main Right Side' scraper is still running.
07 Apr, 2025 01:15:57 - Last modified time: 110
07 Apr, 2025 01:16:59 - 'Google Main Right Side' scraper is still running.
07 Apr, 2025 01:16:59 - Last modified time: 172
07 Apr, 2025 01:18:00 - 'Google Main Right Side' scraper is not running. Checking if it is stuck...
07 Apr, 2025 01:18:00 - Process finished. Restarting the process...
07 Apr, 2025 01:18:00 - 'Google Main Right Side' scraper started.
07 Apr, 2025 01:19:01 - 'Google Main Right Side' scraper is still running.
07 Apr, 2025 01:19:01 - Last modified time: 110
07 Apr, 2025 01:20:03 - 'Google Main Right Side' scraper is still running.
07 Apr, 2025 01:20:03 - Last modified time: 172
07 Apr, 2025 01:21:05 - 'Google Main Right Side' scraper is not running. Checking if it is stuck...
07 Apr, 2025 01:21:05 - Process finished. Restarting the process...
07 Apr, 2025 01:21:05 - 'Google Main Right Side' scraper started.
07 Apr, 2025 01:22:06 - 'Google Main Right Side' scraper is still running.
07 Apr, 2025 01:22:06 - Last modified time: 107
07 Apr, 2025 01:23:08 - 'Google Main Right Side' scraper is still running.
07 Apr, 2025 01:23:08 - Last modified time: 169
07 Apr, 2025 01:24:10 - 'Google Main Right Side' scraper is not running. Checking if it is stuck...
07 Apr, 2025 01:24:10 - Process finished. Restarting the process...
07 Apr, 2025 01:24:10 - 'Google Main Right Side' scraper started.
07 Apr, 2025 01:25:11 - 'Google Main Right Side' scraper is still running.
07 Apr, 2025 01:25:11 - Last modified time: 108
07 Apr, 2025 01:26:12 - 'Google Main Right Side' scraper is still running.
07 Apr, 2025 01:26:12 - Last modified time: 169
07 Apr, 2025 01:27:14 - 'Google Main Right Side' scraper is not running. Checking if it is stuck...
07 Apr, 2025 01:27:14 - Process finished. Restarting the process...
07 Apr, 2025 01:27:14 - 'Google Main Right Side' scraper started.
07 Apr, 2025 01:28:16 - 'Google Main Right Side' scraper is still running.
07 Apr, 2025 01:28:16 - Last modified time: 109
07 Apr, 2025 01:29:17 - 'Google Main Right Side' scraper is still running.
07 Apr, 2025 01:29:17 - Last modified time: 170
07 Apr, 2025 01:30:19 - 'Google Main Right Side' scraper is not running. Checking if it is stuck...
07 Apr, 2025 01:30:19 - Process finished. Restarting the process...
07 Apr, 2025 01:30:19 - 'Google Main Right Side' scraper started.
07 Apr, 2025 01:31:21 - 'Google Main Right Side' scraper is still running.
07 Apr, 2025 01:31:21 - Last modified time: 111
07 Apr, 2025 01:32:22 - 'Google Main Right Side' scraper is still running.
07 Apr, 2025 01:32:22 - Last modified time: 172
07 Apr, 2025 01:33:23 - 'Google Main Right Side' scraper is not running. Checking if it is stuck...
07 Apr, 2025 01:33:23 - Process finished. Restarting the process...
07 Apr, 2025 01:33:23 - 'Google Main Right Side' scraper started.
07 Apr, 2025 01:34:25 - 'Google Main Right Side' scraper is still running.
07 Apr, 2025 01:34:25 - Last modified time: 111
07 Apr, 2025 01:35:26 - 'Google Main Right Side' scraper is still running.
07 Apr, 2025 01:35:26 - Last modified time: 172
07 Apr, 2025 01:36:28 - 'Google Main Right Side' scraper is not running. Checking if it is stuck...
07 Apr, 2025 01:36:28 - Process finished. Restarting the process...
07 Apr, 2025 01:36:28 - 'Google Main Right Side' scraper started.
07 Apr, 2025 01:37:30 - 'Google Main Right Side' scraper is still running.
07 Apr, 2025 01:37:30 - Last modified time: 107
07 Apr, 2025 01:38:31 - 'Google Main Right Side' scraper is still running.
07 Apr, 2025 01:38:32 - Last modified time: 168
07 Apr, 2025 01:39:33 - 'Google Main Right Side' scraper is not running. Checking if it is stuck...
07 Apr, 2025 01:39:33 - Process finished. Restarting the process...
07 Apr, 2025 01:39:33 - 'Google Main Right Side' scraper started.
07 Apr, 2025 01:40:34 - 'Google Main Right Side' scraper is still running.
07 Apr, 2025 01:40:34 - Last modified time: 108
07 Apr, 2025 01:41:36 - 'Google Main Right Side' scraper is still running.
07 Apr, 2025 01:41:36 - Last modified time: 170
07 Apr, 2025 01:42:37 - 'Google Main Right Side' scraper is not running. Checking if it is stuck...
07 Apr, 2025 01:42:37 - Process finished. Restarting the process...
07 Apr, 2025 01:42:37 - 'Google Main Right Side' scraper started.
07 Apr, 2025 01:43:39 - 'Google Main Right Side' scraper is still running.
07 Apr, 2025 01:43:39 - Last modified time: 109
07 Apr, 2025 01:44:41 - 'Google Main Right Side' scraper is still running.
07 Apr, 2025 01:44:41 - Last modified time: 171
07 Apr, 2025 01:45:42 - 'Google Main Right Side' scraper is not running. Checking if it is stuck...
07 Apr, 2025 01:45:42 - Process finished. Restarting the process...
07 Apr, 2025 01:45:42 - 'Google Main Right Side' scraper started.
07 Apr, 2025 01:46:44 - 'Google Main Right Side' scraper is still running.
07 Apr, 2025 01:46:44 - Last modified time: 111
07 Apr, 2025 01:47:46 - 'Google Main Right Side' scraper is still running.
07 Apr, 2025 01:47:46 - Last modified time: 173
07 Apr, 2025 01:48:47 - 'Google Main Right Side' scraper is not running. Checking if it is stuck...
07 Apr, 2025 01:48:47 - Process finished. Restarting the process...
07 Apr, 2025 01:48:47 - 'Google Main Right Side' scraper started.
07 Apr, 2025 01:49:48 - 'Google Main Right Side' scraper is still running.
07 Apr, 2025 01:49:49 - Last modified time: 111
07 Apr, 2025 01:50:50 - 'Google Main Right Side' scraper is still running.
07 Apr, 2025 01:50:50 - Last modified time: 173
07 Apr, 2025 01:51:52 - 'Google Main Right Side' scraper is not running. Checking if it is stuck...
07 Apr, 2025 01:51:52 - Process finished. Restarting the process...
07 Apr, 2025 01:51:52 - 'Google Main Right Side' scraper started.
07 Apr, 2025 01:52:54 - 'Google Main Right Side' scraper is still running.
07 Apr, 2025 01:52:54 - Last modified time: 108
07 Apr, 2025 01:53:56 - 'Google Main Right Side' scraper is still running.
07 Apr, 2025 01:53:56 - Last modified time: 170
07 Apr, 2025 01:54:57 - 'Google Main Right Side' scraper is not running. Checking if it is stuck...
07 Apr, 2025 01:54:57 - Process finished. Restarting the process...
07 Apr, 2025 01:54:57 - 'Google Main Right Side' scraper started.
07 Apr, 2025 01:55:58 - 'Google Main Right Side' scraper is still running.
07 Apr, 2025 01:55:58 - Last modified time: 108
07 Apr, 2025 01:57:00 - 'Google Main Right Side' scraper is still running.
07 Apr, 2025 01:57:00 - Last modified time: 170
07 Apr, 2025 01:58:02 - 'Google Main Right Side' scraper is not running. Checking if it is stuck...
07 Apr, 2025 01:58:02 - Process finished. Restarting the process...
07 Apr, 2025 01:58:02 - 'Google Main Right Side' scraper started.
07 Apr, 2025 01:59:04 - 'Google Main Right Side' scraper is still running.
07 Apr, 2025 01:59:04 - Last modified time: 110
07 Apr, 2025 02:00:05 - 'Google Main Right Side' scraper is still running.
07 Apr, 2025 02:00:05 - Last modified time: 171
07 Apr, 2025 02:01:07 - 'Google Main Right Side' scraper is not running. Checking if it is stuck...
07 Apr, 2025 02:01:07 - Process finished. Restarting the process...
07 Apr, 2025 02:01:07 - 'Google Main Right Side' scraper started.
07 Apr, 2025 02:02:09 - 'Google Main Right Side' scraper is still running.
07 Apr, 2025 02:02:09 - Last modified time: 111
07 Apr, 2025 02:03:10 - 'Google Main Right Side' scraper is still running.
07 Apr, 2025 02:03:10 - Last modified time: 172
07 Apr, 2025 02:04:12 - 'Google Main Right Side' scraper is not running. Checking if it is stuck...
07 Apr, 2025 02:04:12 - Process finished. Restarting the process...
07 Apr, 2025 02:04:12 - 'Google Main Right Side' scraper started.
07 Apr, 2025 02:05:14 - 'Google Main Right Side' scraper is still running.
07 Apr, 2025 02:05:14 - Last modified time: 112
07 Apr, 2025 02:06:15 - 'Google Main Right Side' scraper is still running.
07 Apr, 2025 02:06:15 - Last modified time: 173
07 Apr, 2025 02:07:17 - 'Google Main Right Side' scraper is not running. Checking if it is stuck...
07 Apr, 2025 02:07:17 - Process finished. Restarting the process...
07 Apr, 2025 02:07:17 - 'Google Main Right Side' scraper started.
07 Apr, 2025 02:08:19 - 'Google Main Right Side' scraper is still running.
07 Apr, 2025 02:08:19 - Last modified time: 108
07 Apr, 2025 02:09:21 - 'Google Main Right Side' scraper is still running.
07 Apr, 2025 02:09:21 - Last modified time: 170
07 Apr, 2025 02:10:22 - 'Google Main Right Side' scraper is not running. Checking if it is stuck...
07 Apr, 2025 02:10:22 - Process finished. Restarting the process...
07 Apr, 2025 02:10:22 - 'Google Main Right Side' scraper started.
07 Apr, 2025 02:11:23 - 'Google Main Right Side' scraper is still running.
07 Apr, 2025 02:11:23 - Last modified time: 107
07 Apr, 2025 02:12:25 - 'Google Main Right Side' scraper is still running.
07 Apr, 2025 02:12:25 - Last modified time: 169
07 Apr, 2025 02:13:27 - 'Google Main Right Side' scraper is not running. Checking if it is stuck...
07 Apr, 2025 02:13:27 - Process finished. Restarting the process...
07 Apr, 2025 02:13:27 - 'Google Main Right Side' scraper started.
07 Apr, 2025 02:14:29 - 'Google Main Right Side' scraper is still running.
07 Apr, 2025 02:14:29 - Last modified time: 110
07 Apr, 2025 02:15:31 - 'Google Main Right Side' scraper is still running.
07 Apr, 2025 02:15:31 - Last modified time: 172
07 Apr, 2025 02:16:32 - 'Google Main Right Side' scraper is not running. Checking if it is stuck...
07 Apr, 2025 02:16:32 - Process finished. Restarting the process...
07 Apr, 2025 02:16:32 - 'Google Main Right Side' scraper started.
07 Apr, 2025 02:17:34 - 'Google Main Right Side' scraper is still running.
07 Apr, 2025 02:17:34 - Last modified time: 110
07 Apr, 2025 02:18:35 - 'Google Main Right Side' scraper is still running.
07 Apr, 2025 02:18:35 - Last modified time: 171
07 Apr, 2025 02:19:37 - 'Google Main Right Side' scraper is not running. Checking if it is stuck...
07 Apr, 2025 02:19:37 - Process finished. Restarting the process...
07 Apr, 2025 02:19:37 - 'Google Main Right Side' scraper started.
07 Apr, 2025 02:20:39 - 'Google Main Right Side' scraper is still running.
07 Apr, 2025 02:20:39 - Last modified time: 112
07 Apr, 2025 02:21:40 - 'Google Main Right Side' scraper is still running.
07 Apr, 2025 02:21:40 - Last modified time: 173
07 Apr, 2025 02:22:42 - 'Google Main Right Side' scraper is not running. Checking if it is stuck...
07 Apr, 2025 02:22:42 - Process finished. Restarting the process...
07 Apr, 2025 02:22:42 - 'Google Main Right Side' scraper started.
07 Apr, 2025 02:23:44 - 'Google Main Right Side' scraper is still running.
07 Apr, 2025 02:23:44 - Last modified time: 113
07 Apr, 2025 02:24:46 - 'Google Main Right Side' scraper is still running.
07 Apr, 2025 02:24:46 - Last modified time: 175
07 Apr, 2025 02:25:47 - 'Google Main Right Side' scraper is not running. Checking if it is stuck...
07 Apr, 2025 02:25:47 - Process finished. Restarting the process...
07 Apr, 2025 02:25:47 - 'Google Main Right Side' scraper started.
07 Apr, 2025 02:26:48 - 'Google Main Right Side' scraper is still running.
07 Apr, 2025 02:26:49 - Last modified time: 108
07 Apr, 2025 02:27:50 - 'Google Main Right Side' scraper is still running.
07 Apr, 2025 02:27:50 - Last modified time: 169
07 Apr, 2025 02:28:52 - 'Google Main Right Side' scraper is not running. Checking if it is stuck...
07 Apr, 2025 02:28:52 - Process finished. Restarting the process...
07 Apr, 2025 02:28:52 - 'Google Main Right Side' scraper started.
07 Apr, 2025 02:29:54 - 'Google Main Right Side' scraper is still running.
07 Apr, 2025 02:29:54 - Last modified time: 109
07 Apr, 2025 02:30:56 - 'Google Main Right Side' scraper is still running.
07 Apr, 2025 02:30:56 - Last modified time: 171
07 Apr, 2025 02:31:57 - 'Google Main Right Side' scraper is not running. Checking if it is stuck...
07 Apr, 2025 02:31:57 - Process finished. Restarting the process...
07 Apr, 2025 02:31:57 - 'Google Main Right Side' scraper started.
07 Apr, 2025 02:32:58 - 'Google Main Right Side' scraper is still running.
07 Apr, 2025 02:32:58 - Last modified time: 110
07 Apr, 2025 02:34:00 - 'Google Main Right Side' scraper is still running.
07 Apr, 2025 02:34:00 - Last modified time: 172
07 Apr, 2025 02:35:02 - 'Google Main Right Side' scraper is not running. Checking if it is stuck...
07 Apr, 2025 02:35:02 - Process finished. Restarting the process...
07 Apr, 2025 02:35:02 - 'Google Main Right Side' scraper started.
07 Apr, 2025 02:36:04 - 'Google Main Right Side' scraper is still running.
07 Apr, 2025 02:36:04 - Last modified time: 112
07 Apr, 2025 02:37:06 - 'Google Main Right Side' scraper is still running.
07 Apr, 2025 02:37:06 - Last modified time: 174
07 Apr, 2025 02:38:07 - 'Google Main Right Side' scraper is not running. Checking if it is stuck...
07 Apr, 2025 02:38:07 - Process finished. Restarting the process...
07 Apr, 2025 02:38:07 - 'Google Main Right Side' scraper started.
07 Apr, 2025 02:39:09 - 'Google Main Right Side' scraper is still running.
07 Apr, 2025 02:39:09 - Last modified time: 112
07 Apr, 2025 02:40:11 - 'Google Main Right Side' scraper is still running.
07 Apr, 2025 02:40:11 - Last modified time: 174
07 Apr, 2025 02:41:12 - 'Google Main Right Side' scraper is not running. Checking if it is stuck...
07 Apr, 2025 02:41:12 - Process finished. Restarting the process...
07 Apr, 2025 02:41:12 - 'Google Main Right Side' scraper started.
07 Apr, 2025 02:42:14 - 'Google Main Right Side' scraper is still running.
07 Apr, 2025 02:42:14 - Last modified time: 108
07 Apr, 2025 02:43:16 - 'Google Main Right Side' scraper is still running.
07 Apr, 2025 02:43:16 - Last modified time: 170
07 Apr, 2025 02:44:17 - 'Google Main Right Side' scraper is not running. Checking if it is stuck...
07 Apr, 2025 02:44:18 - Process finished. Restarting the process...
07 Apr, 2025 02:44:18 - 'Google Main Right Side' scraper started.
07 Apr, 2025 02:45:19 - 'Google Main Right Side' scraper is still running.
07 Apr, 2025 02:45:19 - Last modified time: 109
07 Apr, 2025 02:46:21 - 'Google Main Right Side' scraper is still running.
07 Apr, 2025 02:46:21 - Last modified time: 171
07 Apr, 2025 02:47:23 - 'Google Main Right Side' scraper is not running. Checking if it is stuck...
07 Apr, 2025 02:47:23 - Process finished. Restarting the process...
07 Apr, 2025 02:47:23 - 'Google Main Right Side' scraper started.
07 Apr, 2025 02:48:24 - 'Google Main Right Side' scraper is still running.
07 Apr, 2025 02:48:24 - Last modified time: 110
07 Apr, 2025 02:49:26 - 'Google Main Right Side' scraper is still running.
07 Apr, 2025 02:49:26 - Last modified time: 172
07 Apr, 2025 02:50:28 - 'Google Main Right Side' scraper is not running. Checking if it is stuck...
07 Apr, 2025 02:50:28 - Process finished. Restarting the process...
07 Apr, 2025 02:50:28 - 'Google Main Right Side' scraper started.
07 Apr, 2025 02:51:29 - 'Google Main Right Side' scraper is still running.
07 Apr, 2025 02:51:29 - Last modified time: 111
07 Apr, 2025 02:52:31 - 'Google Main Right Side' scraper is still running.
07 Apr, 2025 02:52:31 - Last modified time: 173
07 Apr, 2025 02:53:33 - 'Google Main Right Side' scraper is not running. Checking if it is stuck...
07 Apr, 2025 02:53:33 - Process finished. Restarting the process...
07 Apr, 2025 02:53:33 - 'Google Main Right Side' scraper started.
07 Apr, 2025 02:54:35 - 'Google Main Right Side' scraper is still running.
07 Apr, 2025 02:54:35 - Last modified time: 113
07 Apr, 2025 02:55:36 - 'Google Main Right Side' scraper is still running.
07 Apr, 2025 02:55:36 - Last modified time: 174
07 Apr, 2025 02:56:37 - 'Google Main Right Side' scraper is not running. Checking if it is stuck...
07 Apr, 2025 02:56:38 - Process finished. Restarting the process...
07 Apr, 2025 02:56:38 - 'Google Main Right Side' scraper started.
07 Apr, 2025 02:57:39 - 'Google Main Right Side' scraper is still running.
07 Apr, 2025 02:57:39 - Last modified time: 108
07 Apr, 2025 02:58:41 - 'Google Main Right Side' scraper is still running.
07 Apr, 2025 02:58:41 - Last modified time: 170
07 Apr, 2025 02:59:43 - 'Google Main Right Side' scraper is not running. Checking if it is stuck...
07 Apr, 2025 02:59:43 - Process finished. Restarting the process...
07 Apr, 2025 02:59:43 - 'Google Main Right Side' scraper started.
07 Apr, 2025 03:00:45 - 'Google Main Right Side' scraper is still running.
07 Apr, 2025 03:00:45 - Last modified time: 110
07 Apr, 2025 03:01:47 - 'Google Main Right Side' scraper is still running.
07 Apr, 2025 03:01:47 - Last modified time: 172
07 Apr, 2025 03:02:47 - 'Google Main Right Side' scraper is not running. Checking if it is stuck...
07 Apr, 2025 03:02:47 - Process finished. Restarting the process...
07 Apr, 2025 03:02:47 - 'Google Main Right Side' scraper started.
07 Apr, 2025 03:03:49 - 'Google Main Right Side' scraper is still running.
07 Apr, 2025 03:03:49 - Last modified time: 110
07 Apr, 2025 03:04:51 - 'Google Main Right Side' scraper is still running.
07 Apr, 2025 03:04:51 - Last modified time: 172
07 Apr, 2025 03:05:53 - 'Google Main Right Side' scraper is not running. Checking if it is stuck...
07 Apr, 2025 03:05:53 - Process finished. Restarting the process...
07 Apr, 2025 03:05:53 - 'Google Main Right Side' scraper started.
07 Apr, 2025 03:06:54 - 'Google Main Right Side' scraper is still running.
07 Apr, 2025 03:06:54 - Last modified time: 111
07 Apr, 2025 03:07:56 - 'Google Main Right Side' scraper is still running.
07 Apr, 2025 03:07:56 - Last modified time: 173
07 Apr, 2025 03:08:58 - 'Google Main Right Side' scraper is not running. Checking if it is stuck...
07 Apr, 2025 03:08:58 - Process finished. Restarting the process...
07 Apr, 2025 03:08:58 - 'Google Main Right Side' scraper started.
07 Apr, 2025 03:10:00 - 'Google Main Right Side' scraper is still running.
07 Apr, 2025 03:10:00 - Last modified time: 113
07 Apr, 2025 03:11:00 - 'Google Main Right Side' scraper is still running.
07 Apr, 2025 03:11:00 - Last modified time: 173
07 Apr, 2025 03:12:02 - 'Google Main Right Side' scraper is not running. Checking if it is stuck...
07 Apr, 2025 03:12:02 - Process finished. Restarting the process...
07 Apr, 2025 03:12:02 - 'Google Main Right Side' scraper started.
07 Apr, 2025 03:13:04 - 'Google Main Right Side' scraper is still running.
07 Apr, 2025 03:13:04 - Last modified time: 108
07 Apr, 2025 03:14:06 - 'Google Main Right Side' scraper is still running.
07 Apr, 2025 03:14:06 - Last modified time: 170
07 Apr, 2025 03:15:08 - 'Google Main Right Side' scraper is not running. Checking if it is stuck...
07 Apr, 2025 03:15:08 - Process finished. Restarting the process...
07 Apr, 2025 03:15:08 - 'Google Main Right Side' scraper started.
07 Apr, 2025 03:16:09 - 'Google Main Right Side' scraper is still running.
07 Apr, 2025 03:16:09 - Last modified time: 109
07 Apr, 2025 03:17:11 - 'Google Main Right Side' scraper is still running.
07 Apr, 2025 03:17:11 - Last modified time: 171
07 Apr, 2025 03:18:12 - 'Google Main Right Side' scraper is not running. Checking if it is stuck...
07 Apr, 2025 03:18:12 - Process finished. Restarting the process...
07 Apr, 2025 03:18:12 - 'Google Main Right Side' scraper started.
07 Apr, 2025 03:19:14 - 'Google Main Right Side' scraper is still running.
07 Apr, 2025 03:19:14 - Last modified time: 110
07 Apr, 2025 03:20:16 - 'Google Main Right Side' scraper is still running.
07 Apr, 2025 03:20:16 - Last modified time: 172
07 Apr, 2025 03:21:17 - 'Google Main Right Side' scraper is not running. Checking if it is stuck...
07 Apr, 2025 03:21:17 - Process finished. Restarting the process...
07 Apr, 2025 03:21:17 - 'Google Main Right Side' scraper started.
07 Apr, 2025 03:22:19 - 'Google Main Right Side' scraper is still running.
07 Apr, 2025 03:22:19 - Last modified time: 111
07 Apr, 2025 03:23:21 - 'Google Main Right Side' scraper is still running.
07 Apr, 2025 03:23:21 - Last modified time: 173
07 Apr, 2025 03:24:23 - 'Google Main Right Side' scraper is not running. Checking if it is stuck...
07 Apr, 2025 03:24:23 - Process finished. Restarting the process...
07 Apr, 2025 03:24:23 - 'Google Main Right Side' scraper started.
07 Apr, 2025 03:25:24 - 'Google Main Right Side' scraper is still running.
07 Apr, 2025 03:25:24 - Last modified time: 112
07 Apr, 2025 03:26:25 - 'Google Main Right Side' scraper is still running.
07 Apr, 2025 03:26:25 - Last modified time: 173
07 Apr, 2025 03:27:27 - 'Google Main Right Side' scraper is not running. Checking if it is stuck...
07 Apr, 2025 03:27:27 - Process finished. Restarting the process...
07 Apr, 2025 03:27:27 - 'Google Main Right Side' scraper started.
07 Apr, 2025 03:28:29 - 'Google Main Right Side' scraper is still running.
07 Apr, 2025 03:28:29 - Last modified time: 108
07 Apr, 2025 03:29:30 - 'Google Main Right Side' scraper is still running.
07 Apr, 2025 03:29:30 - Last modified time: 169
07 Apr, 2025 03:30:32 - 'Google Main Right Side' scraper is not running. Checking if it is stuck...
07 Apr, 2025 03:30:32 - Process finished. Restarting the process...
07 Apr, 2025 03:30:32 - 'Google Main Right Side' scraper started.
07 Apr, 2025 03:31:34 - 'Google Main Right Side' scraper is still running.
07 Apr, 2025 03:31:34 - Last modified time: 109
07 Apr, 2025 03:32:35 - 'Google Main Right Side' scraper is still running.
07 Apr, 2025 03:32:35 - Last modified time: 170
07 Apr, 2025 03:33:36 - 'Google Main Right Side' scraper is not running. Checking if it is stuck...
07 Apr, 2025 03:33:36 - Process finished. Restarting the process...
07 Apr, 2025 03:33:36 - 'Google Main Right Side' scraper started.
07 Apr, 2025 03:34:38 - 'Google Main Right Side' scraper is still running.
07 Apr, 2025 03:34:38 - Last modified time: 110
07 Apr, 2025 03:35:39 - 'Google Main Right Side' scraper is still running.
07 Apr, 2025 03:35:40 - Last modified time: 171
07 Apr, 2025 03:36:41 - 'Google Main Right Side' scraper is not running. Checking if it is stuck...
07 Apr, 2025 03:36:41 - Process finished. Restarting the process...
07 Apr, 2025 03:36:41 - 'Google Main Right Side' scraper started.
07 Apr, 2025 03:37:43 - 'Google Main Right Side' scraper is still running.
07 Apr, 2025 03:37:43 - Last modified time: 111
07 Apr, 2025 03:38:45 - 'Google Main Right Side' scraper is still running.
07 Apr, 2025 03:38:45 - Last modified time: 173
07 Apr, 2025 03:39:47 - 'Google Main Right Side' scraper is not running. Checking if it is stuck...
07 Apr, 2025 03:39:47 - Process finished. Restarting the process...
07 Apr, 2025 03:39:47 - 'Google Main Right Side' scraper started.
07 Apr, 2025 03:40:48 - 'Google Main Right Side' scraper is still running.
07 Apr, 2025 03:40:48 - Last modified time: 112
07 Apr, 2025 03:41:49 - 'Google Main Right Side' scraper is still running.
07 Apr, 2025 03:41:49 - Last modified time: 173
07 Apr, 2025 03:42:51 - 'Google Main Right Side' scraper is not running. Checking if it is stuck...
07 Apr, 2025 03:42:51 - Process finished. Restarting the process...
07 Apr, 2025 03:42:51 - 'Google Main Right Side' scraper started.
07 Apr, 2025 03:43:53 - 'Google Main Right Side' scraper is still running.
07 Apr, 2025 03:43:53 - Last modified time: 108
07 Apr, 2025 03:44:53 - 'Google Main Right Side' scraper is still running.
07 Apr, 2025 03:44:53 - Last modified time: 168
07 Apr, 2025 03:45:55 - 'Google Main Right Side' scraper is not running. Checking if it is stuck...
07 Apr, 2025 03:45:55 - Process finished. Restarting the process...
07 Apr, 2025 03:45:55 - 'Google Main Right Side' scraper started.
07 Apr, 2025 03:46:56 - 'Google Main Right Side' scraper is still running.
07 Apr, 2025 03:46:56 - Last modified time: 108
07 Apr, 2025 03:47:57 - 'Google Main Right Side' scraper is still running.
07 Apr, 2025 03:47:57 - Last modified time: 169
07 Apr, 2025 03:48:58 - 'Google Main Right Side' scraper is not running. Checking if it is stuck...
07 Apr, 2025 03:48:58 - Process finished. Restarting the process...
07 Apr, 2025 03:48:58 - 'Google Main Right Side' scraper started.
07 Apr, 2025 05:39:26 - 'Google Main Right Side' scraper is not running. Starting...
07 Apr, 2025 05:39:26 - 'Google Main Right Side' scraper started.
07 Apr, 2025 05:40:12 - 'Google Main Right Side' scraper is already running.
07 Apr, 2025 05:40:12 - Last modified time: 6722
07 Apr, 2025 05:40:12 - Log files hasn't been updated in the last 30 minutes. Deleting log directory and rebooting the server...
07 Apr, 2025 05:40:12 - Deleting log directory...
07 Apr, 2025 05:40:12 - Restarting the script: Killing all running processes and relaunching...
07 Apr, 2025 05:40:17 - 'Google Main Right Side' scraper is already running.
07 Apr, 2025 05:40:17 - Last modified time: 1744004417
07 Apr, 2025 05:40:17 - Log files hasn't been updated in the last 30 minutes. Deleting log directory and rebooting the server...
07 Apr, 2025 05:40:17 - Restarting the script: Killing all running processes and relaunching...
07 Apr, 2025 05:40:22 - 'Google Main Right Side' scraper is already running.
07 Apr, 2025 05:40:22 - Last modified time: 1744004422
07 Apr, 2025 05:40:22 - Log files hasn't been updated in the last 30 minutes. Deleting log directory and rebooting the server...
07 Apr, 2025 05:40:22 - Restarting the script: Killing all running processes and relaunching...
07 Apr, 2025 05:40:28 - 'Google Main Right Side' scraper is already running.
07 Apr, 2025 05:40:28 - Last modified time: 1744004428
07 Apr, 2025 05:40:28 - Log files hasn't been updated in the last 30 minutes. Deleting log directory and rebooting the server...
07 Apr, 2025 05:40:28 - Restarting the script: Killing all running processes and relaunching...
07 Apr, 2025 05:40:33 - 'Google Main Right Side' scraper is already running.
07 Apr, 2025 05:40:33 - Last modified time: 1744004433
07 Apr, 2025 05:40:33 - Log files hasn't been updated in the last 30 minutes. Deleting log directory and rebooting the server...
07 Apr, 2025 05:40:33 - Restarting the script: Killing all running processes and relaunching...
07 Apr, 2025 05:40:38 - 'Google Main Right Side' scraper is already running.
07 Apr, 2025 05:40:38 - Last modified time: 1744004438
07 Apr, 2025 05:40:38 - Log files hasn't been updated in the last 30 minutes. Deleting log directory and rebooting the server...
07 Apr, 2025 05:40:38 - Restarting the script: Killing all running processes and relaunching...
07 Apr, 2025 05:40:43 - 'Google Main Right Side' scraper is already running.
07 Apr, 2025 05:40:43 - Last modified time: 1744004443
07 Apr, 2025 05:40:43 - Log files hasn't been updated in the last 30 minutes. Deleting log directory and rebooting the server...
07 Apr, 2025 05:40:43 - Restarting the script: Killing all running processes and relaunching...
07 Apr, 2025 05:40:48 - 'Google Main Right Side' scraper is already running.
07 Apr, 2025 05:40:48 - Last modified time: 1744004448
07 Apr, 2025 05:40:48 - Log files hasn't been updated in the last 30 minutes. Deleting log directory and rebooting the server...
07 Apr, 2025 05:40:48 - Restarting the script: Killing all running processes and relaunching...
07 Apr, 2025 05:41:31 - 'Google Main Right Side' scraper is not running. Starting...
07 Apr, 2025 05:41:31 - 'Google Main Right Side' scraper started.
07 Apr, 2025 05:44:35 - 'Google Main Right Side' scraper is still running.
07 Apr, 2025 05:44:35 - Last modified time: 13
07 Apr, 2025 05:45:36 - 'Google Main Right Side' scraper is still running.
07 Apr, 2025 05:45:36 - Last modified time: 74
07 Apr, 2025 05:46:38 - 'Google Main Right Side' scraper is still running.
07 Apr, 2025 05:46:38 - Last modified time: 1
07 Apr, 2025 05:47:39 - 'Google Main Right Side' scraper is still running.
07 Apr, 2025 05:47:39 - Last modified time: 2
07 Apr, 2025 05:48:41 - 'Google Main Right Side' scraper is still running.
07 Apr, 2025 05:48:41 - Last modified time: 2
07 Apr, 2025 05:49:43 - 'Google Main Right Side' scraper is still running.
07 Apr, 2025 05:49:43 - Last modified time: 4
07 Apr, 2025 05:50:44 - 'Google Main Right Side' scraper is still running.
07 Apr, 2025 05:50:44 - Last modified time: 0
07 Apr, 2025 05:51:45 - 'Google Main Right Side' scraper is still running.
07 Apr, 2025 05:51:45 - Last modified time: 2
07 Apr, 2025 05:52:45 - 'Google Main Right Side' scraper is still running.
07 Apr, 2025 05:52:45 - Last modified time: 26
07 Apr, 2025 05:53:46 - 'Google Main Right Side' scraper is still running.
07 Apr, 2025 05:53:46 - Last modified time: 87
07 Apr, 2025 05:54:47 - 'Google Main Right Side' scraper is still running.
07 Apr, 2025 05:54:47 - Last modified time: 148
07 Apr, 2025 05:55:48 - 'Google Main Right Side' scraper is still running.
07 Apr, 2025 05:55:48 - Last modified time: 209
07 Apr, 2025 05:56:49 - 'Google Main Right Side' scraper is still running.
07 Apr, 2025 05:56:50 - Last modified time: 271
07 Apr, 2025 05:57:50 - 'Google Main Right Side' scraper is still running.
07 Apr, 2025 05:57:50 - Last modified time: 331
07 Apr, 2025 05:58:52 - 'Google Main Right Side' scraper is still running.
07 Apr, 2025 05:58:52 - Last modified time: 393
07 Apr, 2025 05:59:53 - 'Google Main Right Side' scraper is still running.
07 Apr, 2025 05:59:53 - Last modified time: 454
07 Apr, 2025 06:00:54 - 'Google Main Right Side' scraper is still running.
07 Apr, 2025 06:00:54 - Last modified time: 515
07 Apr, 2025 06:01:56 - 'Google Main Right Side' scraper is still running.
07 Apr, 2025 06:01:56 - Last modified time: 577
07 Apr, 2025 06:02:58 - 'Google Main Right Side' scraper is still running.
07 Apr, 2025 06:02:58 - Last modified time: 639
07 Apr, 2025 06:03:59 - 'Google Main Right Side' scraper is still running.
07 Apr, 2025 06:03:59 - Last modified time: 700
07 Apr, 2025 06:05:00 - 'Google Main Right Side' scraper is still running.
07 Apr, 2025 06:05:00 - Last modified time: 761
07 Apr, 2025 06:06:01 - 'Google Main Right Side' scraper is still running.
07 Apr, 2025 06:06:01 - Last modified time: 822
07 Apr, 2025 06:07:03 - 'Google Main Right Side' scraper is still running.
07 Apr, 2025 06:07:03 - Last modified time: 884
07 Apr, 2025 06:08:04 - 'Google Main Right Side' scraper is still running.
07 Apr, 2025 06:08:04 - Last modified time: 945
07 Apr, 2025 06:09:06 - 'Google Main Right Side' scraper is still running.
07 Apr, 2025 06:09:06 - Last modified time: 22
07 Apr, 2025 06:10:08 - 'Google Main Right Side' scraper is still running.
07 Apr, 2025 06:10:08 - Last modified time: 84
07 Apr, 2025 06:11:10 - 'Google Main Right Side' scraper is still running.
07 Apr, 2025 06:11:10 - Last modified time: 146
07 Apr, 2025 06:12:11 - 'Google Main Right Side' scraper is still running.
07 Apr, 2025 06:12:11 - Last modified time: 207
07 Apr, 2025 06:13:13 - 'Google Main Right Side' scraper is still running.
07 Apr, 2025 06:13:13 - Last modified time: 269
07 Apr, 2025 06:14:14 - 'Google Main Right Side' scraper is still running.
07 Apr, 2025 06:14:14 - Last modified time: 330
07 Apr, 2025 06:15:16 - 'Google Main Right Side' scraper is still running.
07 Apr, 2025 06:15:16 - Last modified time: 392
07 Apr, 2025 06:16:18 - 'Google Main Right Side' scraper is still running.
07 Apr, 2025 06:16:18 - Last modified time: 454
07 Apr, 2025 06:17:20 - 'Google Main Right Side' scraper is still running.
07 Apr, 2025 06:17:20 - Last modified time: 516
07 Apr, 2025 06:18:21 - 'Google Main Right Side' scraper is still running.
07 Apr, 2025 06:18:21 - Last modified time: 577
07 Apr, 2025 06:19:22 - 'Google Main Right Side' scraper is still running.
07 Apr, 2025 06:19:22 - Last modified time: 638
07 Apr, 2025 06:20:24 - 'Google Main Right Side' scraper is still running.
07 Apr, 2025 06:20:24 - Last modified time: 700
07 Apr, 2025 06:21:26 - 'Google Main Right Side' scraper is still running.
07 Apr, 2025 06:21:26 - Last modified time: 762
07 Apr, 2025 06:22:28 - 'Google Main Right Side' scraper is still running.
07 Apr, 2025 06:22:28 - Last modified time: 824
07 Apr, 2025 06:23:29 - 'Google Main Right Side' scraper is still running.
07 Apr, 2025 06:23:29 - Last modified time: 885
07 Apr, 2025 06:24:31 - 'Google Main Right Side' scraper is still running.
07 Apr, 2025 06:24:31 - Last modified time: 947
07 Apr, 2025 06:25:33 - 'Google Main Right Side' scraper is still running.
07 Apr, 2025 06:25:33 - Last modified time: 15
07 Apr, 2025 06:26:35 - 'Google Main Right Side' scraper is still running.
07 Apr, 2025 06:26:35 - Last modified time: 77
07 Apr, 2025 06:27:36 - 'Google Main Right Side' scraper is still running.
07 Apr, 2025 06:27:36 - Last modified time: 138
07 Apr, 2025 06:28:38 - 'Google Main Right Side' scraper is still running.
07 Apr, 2025 06:28:38 - Last modified time: 200
07 Apr, 2025 06:29:40 - 'Google Main Right Side' scraper is still running.
07 Apr, 2025 06:29:40 - Last modified time: 262
07 Apr, 2025 06:30:42 - 'Google Main Right Side' scraper is still running.
07 Apr, 2025 06:30:42 - Last modified time: 324
07 Apr, 2025 06:31:44 - 'Google Main Right Side' scraper is still running.
07 Apr, 2025 06:31:44 - Last modified time: 386
07 Apr, 2025 06:32:46 - 'Google Main Right Side' scraper is still running.
07 Apr, 2025 06:32:46 - Last modified time: 42
07 Apr, 2025 06:33:48 - 'Google Main Right Side' scraper is still running.
07 Apr, 2025 06:33:48 - Last modified time: 104
07 Apr, 2025 06:34:49 - 'Google Main Right Side' scraper is still running.
07 Apr, 2025 06:34:49 - Last modified time: 165
07 Apr, 2025 06:35:51 - 'Google Main Right Side' scraper is still running.
07 Apr, 2025 06:35:51 - Last modified time: 227
07 Apr, 2025 06:36:53 - 'Google Main Right Side' scraper is still running.
07 Apr, 2025 06:36:53 - Last modified time: 289
07 Apr, 2025 06:37:55 - 'Google Main Right Side' scraper is still running.
07 Apr, 2025 06:37:55 - Last modified time: 351
07 Apr, 2025 06:38:57 - 'Google Main Right Side' scraper is still running.
07 Apr, 2025 06:38:57 - Last modified time: 413
07 Apr, 2025 06:40:00 - 'Google Main Right Side' scraper is still running.
07 Apr, 2025 06:40:00 - Last modified time: 476
07 Apr, 2025 06:41:02 - 'Google Main Right Side' scraper is still running.
07 Apr, 2025 06:41:02 - Last modified time: 538
07 Apr, 2025 06:42:03 - 'Google Main Right Side' scraper is still running.
07 Apr, 2025 06:42:03 - Last modified time: 599
07 Apr, 2025 06:43:05 - 'Google Main Right Side' scraper is still running.
07 Apr, 2025 06:43:05 - Last modified time: 661
07 Apr, 2025 06:44:07 - 'Google Main Right Side' scraper is still running.
07 Apr, 2025 06:44:07 - Last modified time: 723
07 Apr, 2025 06:45:09 - 'Google Main Right Side' scraper is still running.
07 Apr, 2025 06:45:09 - Last modified time: 785
07 Apr, 2025 06:46:11 - 'Google Main Right Side' scraper is still running.
07 Apr, 2025 06:46:11 - Last modified time: 847
07 Apr, 2025 06:47:13 - 'Google Main Right Side' scraper is still running.
07 Apr, 2025 06:47:13 - Last modified time: 909
07 Apr, 2025 06:48:16 - 'Google Main Right Side' scraper is still running.
07 Apr, 2025 06:48:16 - Last modified time: 972
07 Apr, 2025 06:49:17 - 'Google Main Right Side' scraper is still running.
07 Apr, 2025 06:49:17 - Last modified time: 1033
07 Apr, 2025 06:50:19 - 'Google Main Right Side' scraper is still running.
07 Apr, 2025 06:50:19 - Last modified time: 1095
07 Apr, 2025 06:51:21 - 'Google Main Right Side' scraper is still running.
07 Apr, 2025 06:51:21 - Last modified time: 1157
07 Apr, 2025 06:52:23 - 'Google Main Right Side' scraper is still running.
07 Apr, 2025 06:52:23 - Last modified time: 1219
07 Apr, 2025 06:53:25 - 'Google Main Right Side' scraper is still running.
07 Apr, 2025 06:53:25 - Last modified time: 1281
07 Apr, 2025 06:54:27 - 'Google Main Right Side' scraper is still running.
07 Apr, 2025 06:54:27 - Last modified time: 1343
07 Apr, 2025 06:55:30 - 'Google Main Right Side' scraper is still running.
07 Apr, 2025 06:55:30 - Last modified time: 1406
07 Apr, 2025 06:56:31 - 'Google Main Right Side' scraper is still running.
07 Apr, 2025 06:56:31 - Last modified time: 1467
07 Apr, 2025 06:57:33 - 'Google Main Right Side' scraper is still running.
07 Apr, 2025 06:57:33 - Last modified time: 1529
07 Apr, 2025 06:58:35 - 'Google Main Right Side' scraper is still running.
07 Apr, 2025 06:58:35 - Last modified time: 1591
07 Apr, 2025 06:59:37 - 'Google Main Right Side' scraper is still running.
07 Apr, 2025 06:59:37 - Last modified time: 1653
07 Apr, 2025 07:00:39 - 'Google Main Right Side' scraper is still running.
07 Apr, 2025 07:00:39 - Last modified time: 1715
07 Apr, 2025 07:01:42 - 'Google Main Right Side' scraper is still running.
07 Apr, 2025 07:01:42 - Last modified time: 1778
07 Apr, 2025 07:02:44 - 'Google Main Right Side' scraper is still running.
07 Apr, 2025 07:02:44 - Last modified time: 1840
07 Apr, 2025 07:02:44 - Log files hasn't been updated in the last 30 minutes. Deleting log directory and rebooting the server...
07 Apr, 2025 07:02:44 - Deleting log directory...
07 Apr, 2025 07:02:44 - Restarting the script: Killing all running processes and relaunching...
07 Apr, 2025 07:02:49 - 'Google Main Right Side' scraper is not running. Starting...
07 Apr, 2025 07:02:49 - 'Google Main Right Side' scraper started.
07 Apr, 2025 07:05:54 - 'Google Main Right Side' scraper is still running.
07 Apr, 2025 07:05:54 - Last modified time: 184
07 Apr, 2025 07:06:56 - 'Google Main Right Side' scraper is still running.
07 Apr, 2025 07:06:56 - Last modified time: 246
07 Apr, 2025 07:07:58 - 'Google Main Right Side' scraper is still running.
07 Apr, 2025 07:07:58 - Last modified time: 0
07 Apr, 2025 07:09:00 - 'Google Main Right Side' scraper is still running.
07 Apr, 2025 07:09:00 - Last modified time: 50
07 Apr, 2025 07:10:03 - 'Google Main Right Side' scraper is still running.
07 Apr, 2025 07:10:03 - Last modified time: 4
07 Apr, 2025 07:11:05 - 'Google Main Right Side' scraper is still running.
07 Apr, 2025 07:11:05 - Last modified time: 3
07 Apr, 2025 07:12:07 - 'Google Main Right Side' scraper is still running.
07 Apr, 2025 07:12:07 - Last modified time: 1
07 Apr, 2025 07:13:08 - 'Google Main Right Side' scraper is still running.
07 Apr, 2025 07:13:08 - Last modified time: 0
07 Apr, 2025 07:14:10 - 'Google Main Right Side' scraper is still running.
07 Apr, 2025 07:14:10 - Last modified time: 0
07 Apr, 2025 07:15:12 - 'Google Main Right Side' scraper is still running.
07 Apr, 2025 07:15:12 - Last modified time: 0
07 Apr, 2025 07:16:14 - 'Google Main Right Side' scraper is still running.
07 Apr, 2025 07:16:14 - Last modified time: 0
07 Apr, 2025 07:17:17 - 'Google Main Right Side' scraper is still running.
07 Apr, 2025 07:17:17 - Last modified time: 1
07 Apr, 2025 07:18:19 - 'Google Main Right Side' scraper is still running.
07 Apr, 2025 07:18:19 - Last modified time: 1
07 Apr, 2025 07:19:21 - 'Google Main Right Side' scraper is still running.
07 Apr, 2025 07:19:21 - Last modified time: 1
07 Apr, 2025 07:20:23 - 'Google Main Right Side' scraper is still running.
07 Apr, 2025 07:20:23 - Last modified time: 1
07 Apr, 2025 07:21:25 - 'Google Main Right Side' scraper is still running.
07 Apr, 2025 07:21:25 - Last modified time: 1
07 Apr, 2025 07:22:27 - 'Google Main Right Side' scraper is still running.
07 Apr, 2025 07:22:27 - Last modified time: 0
07 Apr, 2025 07:23:29 - 'Google Main Right Side' scraper is still running.
07 Apr, 2025 07:23:29 - Last modified time: 6
07 Apr, 2025 07:24:30 - 'Google Main Right Side' scraper is still running.
07 Apr, 2025 07:24:30 - Last modified time: -1
07 Apr, 2025 07:25:33 - 'Google Main Right Side' scraper is still running.
07 Apr, 2025 07:25:33 - Last modified time: 2
07 Apr, 2025 07:26:36 - 'Google Main Right Side' scraper is still running.
07 Apr, 2025 07:26:36 - Last modified time: 33
07 Apr, 2025 07:27:38 - 'Google Main Right Side' scraper is still running.
07 Apr, 2025 07:27:38 - Last modified time: 95
07 Apr, 2025 07:28:39 - 'Google Main Right Side' scraper is still running.
07 Apr, 2025 07:28:39 - Last modified time: 156
07 Apr, 2025 07:29:41 - 'Google Main Right Side' scraper is still running.
07 Apr, 2025 07:29:41 - Last modified time: 218
07 Apr, 2025 07:30:44 - 'Google Main Right Side' scraper is still running.
07 Apr, 2025 07:30:44 - Last modified time: 281
07 Apr, 2025 07:35:27 - No scraper processes found to kill.
07 Apr, 2025 07:35:27 - 'Google Main Right Side' scraper is not running. Starting...
07 Apr, 2025 07:35:27 - 'Google Main Right Side' scraper started.
07 Apr, 2025 07:38:30 - 'Google Main Right Side' scraper is still running.
07 Apr, 2025 07:38:30 - Last modified time: 747
07 Apr, 2025 07:39:31 - 'Google Main Right Side' scraper is still running.
07 Apr, 2025 07:39:31 - Last modified time: 808
07 Apr, 2025 07:40:33 - 'Google Main Right Side' scraper is still running.
07 Apr, 2025 07:40:33 - Last modified time: 2
07 Apr, 2025 07:41:34 - 'Google Main Right Side' scraper is still running.
07 Apr, 2025 07:41:34 - Last modified time: 2
07 Apr, 2025 07:42:36 - 'Google Main Right Side' scraper is still running.
07 Apr, 2025 07:42:36 - Last modified time: 46
07 Apr, 2025 07:43:37 - 'Google Main Right Side' scraper is still running.
07 Apr, 2025 07:43:37 - Last modified time: 1
07 Apr, 2025 07:44:39 - 'Google Main Right Side' scraper is still running.
07 Apr, 2025 07:44:39 - Last modified time: 7
07 Apr, 2025 07:45:40 - 'Google Main Right Side' scraper is still running.
07 Apr, 2025 07:45:40 - Last modified time: 1
07 Apr, 2025 07:46:42 - 'Google Main Right Side' scraper is still running.
07 Apr, 2025 07:46:42 - Last modified time: 0
07 Apr, 2025 07:47:44 - 'Google Main Right Side' scraper is still running.
07 Apr, 2025 07:47:44 - Last modified time: 1
07 Apr, 2025 07:48:46 - 'Google Main Right Side' scraper is still running.
07 Apr, 2025 07:48:46 - Last modified time: 1
07 Apr, 2025 07:49:48 - 'Google Main Right Side' scraper is still running.
07 Apr, 2025 07:49:48 - Last modified time: 5
07 Apr, 2025 07:50:50 - 'Google Main Right Side' scraper is still running.
07 Apr, 2025 07:50:50 - Last modified time: 1
07 Apr, 2025 07:51:52 - 'Google Main Right Side' scraper is still running.
07 Apr, 2025 07:51:52 - Last modified time: 2
07 Apr, 2025 07:52:53 - 'Google Main Right Side' scraper is still running.
07 Apr, 2025 07:52:53 - Last modified time: 1
07 Apr, 2025 07:53:55 - 'Google Main Right Side' scraper is still running.
07 Apr, 2025 07:53:55 - Last modified time: 6
07 Apr, 2025 07:54:56 - 'Google Main Right Side' scraper is still running.
07 Apr, 2025 07:54:56 - Last modified time: 3
07 Apr, 2025 07:55:58 - 'Google Main Right Side' scraper is still running.
07 Apr, 2025 07:55:58 - Last modified time: 65
07 Apr, 2025 07:57:00 - 'Google Main Right Side' scraper is still running.
07 Apr, 2025 07:57:00 - Last modified time: 127
07 Apr, 2025 07:58:02 - 'Google Main Right Side' scraper is still running.
07 Apr, 2025 07:58:02 - Last modified time: 189
07 Apr, 2025 07:59:04 - 'Google Main Right Side' scraper is still running.
07 Apr, 2025 07:59:04 - Last modified time: 251
07 Apr, 2025 08:00:05 - 'Google Main Right Side' scraper is still running.
07 Apr, 2025 08:00:05 - Last modified time: 312
07 Apr, 2025 08:01:07 - 'Google Main Right Side' scraper is still running.
07 Apr, 2025 08:01:07 - Last modified time: 374
07 Apr, 2025 08:02:09 - 'Google Main Right Side' scraper is still running.
07 Apr, 2025 08:02:09 - Last modified time: 436
07 Apr, 2025 08:03:11 - 'Google Main Right Side' scraper is still running.
07 Apr, 2025 08:03:11 - Last modified time: 498
07 Apr, 2025 08:04:13 - 'Google Main Right Side' scraper is still running.
07 Apr, 2025 08:04:13 - Last modified time: 560
07 Apr, 2025 08:05:15 - 'Google Main Right Side' scraper is still running.
07 Apr, 2025 08:05:15 - Last modified time: 622
07 Apr, 2025 08:06:17 - 'Google Main Right Side' scraper is still running.
07 Apr, 2025 08:06:17 - Last modified time: 684
07 Apr, 2025 08:07:19 - 'Google Main Right Side' scraper is still running.
07 Apr, 2025 08:07:19 - Last modified time: 746
07 Apr, 2025 08:08:20 - 'Google Main Right Side' scraper is still running.
07 Apr, 2025 08:08:20 - Last modified time: 807
07 Apr, 2025 08:09:22 - 'Google Main Right Side' scraper is still running.
07 Apr, 2025 08:09:22 - Last modified time: 869
07 Apr, 2025 08:10:24 - 'Google Main Right Side' scraper is still running.
07 Apr, 2025 08:10:24 - Last modified time: 931
07 Apr, 2025 08:11:26 - 'Google Main Right Side' scraper is still running.
07 Apr, 2025 08:11:26 - Last modified time: 993
07 Apr, 2025 08:12:28 - 'Google Main Right Side' scraper is still running.
07 Apr, 2025 08:12:28 - Last modified time: 1055
07 Apr, 2025 08:13:30 - 'Google Main Right Side' scraper is still running.
07 Apr, 2025 08:13:30 - Last modified time: 1117
07 Apr, 2025 08:14:32 - 'Google Main Right Side' scraper is still running.
07 Apr, 2025 08:14:32 - Last modified time: 1179
07 Apr, 2025 08:15:33 - 'Google Main Right Side' scraper is still running.
07 Apr, 2025 08:15:33 - Last modified time: 1240
07 Apr, 2025 08:16:36 - 'Google Main Right Side' scraper is still running.
07 Apr, 2025 08:16:36 - Last modified time: 1303
07 Apr, 2025 08:17:38 - 'Google Main Right Side' scraper is still running.
07 Apr, 2025 08:17:38 - Last modified time: 1365
07 Apr, 2025 08:18:40 - 'Google Main Right Side' scraper is still running.
07 Apr, 2025 08:18:40 - Last modified time: 1427
07 Apr, 2025 08:19:42 - 'Google Main Right Side' scraper is still running.
07 Apr, 2025 08:19:42 - Last modified time: 1489
07 Apr, 2025 08:20:44 - 'Google Main Right Side' scraper is not running. Checking if it is stuck...
07 Apr, 2025 08:20:44 - Process finished. Restarting the process...
07 Apr, 2025 08:20:44 - 'Google Main Right Side' scraper started.
07 Apr, 2025 08:21:46 - 'Google Main Right Side' scraper is not running. Checking if it is stuck...
07 Apr, 2025 08:21:46 - Process finished. Restarting the process...
07 Apr, 2025 08:21:46 - 'Google Main Right Side' scraper started.
07 Apr, 2025 08:22:47 - 'Google Main Right Side' scraper is still running.
07 Apr, 2025 08:22:47 - Last modified time: 120
07 Apr, 2025 08:23:49 - 'Google Main Right Side' scraper is still running.
07 Apr, 2025 08:23:49 - Last modified time: 182
07 Apr, 2025 08:24:51 - 'Google Main Right Side' scraper is still running.
07 Apr, 2025 08:24:51 - Last modified time: 244
07 Apr, 2025 08:25:53 - 'Google Main Right Side' scraper is still running.
07 Apr, 2025 08:25:53 - Last modified time: 23
07 Apr, 2025 08:26:55 - 'Google Main Right Side' scraper is still running.
07 Apr, 2025 08:26:55 - Last modified time: 4
07 Apr, 2025 08:27:57 - 'Google Main Right Side' scraper is still running.
07 Apr, 2025 08:27:57 - Last modified time: 31
07 Apr, 2025 08:28:59 - 'Google Main Right Side' scraper is still running.
07 Apr, 2025 08:28:59 - Last modified time: 93
07 Apr, 2025 08:30:00 - 'Google Main Right Side' scraper is still running.
07 Apr, 2025 08:30:00 - Last modified time: 154
07 Apr, 2025 08:31:03 - 'Google Main Right Side' scraper is still running.
07 Apr, 2025 08:31:03 - Last modified time: 217
07 Apr, 2025 08:32:05 - 'Google Main Right Side' scraper is still running.
07 Apr, 2025 08:32:05 - Last modified time: 279
07 Apr, 2025 08:33:07 - 'Google Main Right Side' scraper is still running.
07 Apr, 2025 08:33:07 - Last modified time: 341
07 Apr, 2025 08:34:09 - 'Google Main Right Side' scraper is still running.
07 Apr, 2025 08:34:09 - Last modified time: 403
07 Apr, 2025 08:35:12 - 'Google Main Right Side' scraper is still running.
07 Apr, 2025 08:35:12 - Last modified time: 466
07 Apr, 2025 08:36:14 - 'Google Main Right Side' scraper is still running.
07 Apr, 2025 08:36:14 - Last modified time: 528
07 Apr, 2025 08:37:15 - 'Google Main Right Side' scraper is still running.
07 Apr, 2025 08:37:15 - Last modified time: 589
07 Apr, 2025 08:38:17 - 'Google Main Right Side' scraper is still running.
07 Apr, 2025 08:38:17 - Last modified time: 651
07 Apr, 2025 08:39:19 - 'Google Main Right Side' scraper is still running.
07 Apr, 2025 08:39:19 - Last modified time: 713
07 Apr, 2025 08:40:22 - 'Google Main Right Side' scraper is still running.
07 Apr, 2025 08:40:22 - Last modified time: 776
07 Apr, 2025 08:41:24 - 'Google Main Right Side' scraper is still running.
07 Apr, 2025 08:41:24 - Last modified time: 838
07 Apr, 2025 08:42:26 - 'Google Main Right Side' scraper is still running.
07 Apr, 2025 08:42:26 - Last modified time: 900
07 Apr, 2025 08:43:28 - 'Google Main Right Side' scraper is still running.
07 Apr, 2025 08:43:28 - Last modified time: 962
07 Apr, 2025 08:44:30 - 'Google Main Right Side' scraper is still running.
07 Apr, 2025 08:44:30 - Last modified time: 1024
07 Apr, 2025 08:45:32 - 'Google Main Right Side' scraper is still running.
07 Apr, 2025 08:45:32 - Last modified time: 1086
07 Apr, 2025 08:46:34 - 'Google Main Right Side' scraper is still running.
07 Apr, 2025 08:46:34 - Last modified time: 1148
07 Apr, 2025 08:47:36 - 'Google Main Right Side' scraper is still running.
07 Apr, 2025 08:47:36 - Last modified time: 1210
07 Apr, 2025 08:48:38 - 'Google Main Right Side' scraper is still running.
07 Apr, 2025 08:48:38 - Last modified time: 1272
07 Apr, 2025 08:49:40 - 'Google Main Right Side' scraper is still running.
07 Apr, 2025 08:49:40 - Last modified time: 1334
07 Apr, 2025 08:50:43 - 'Google Main Right Side' scraper is still running.
07 Apr, 2025 08:50:43 - Last modified time: 1397
07 Apr, 2025 08:51:45 - 'Google Main Right Side' scraper is still running.
07 Apr, 2025 08:51:45 - Last modified time: 1459
07 Apr, 2025 08:52:46 - 'Google Main Right Side' scraper is still running.
07 Apr, 2025 08:52:46 - Last modified time: 1520
07 Apr, 2025 08:53:48 - 'Google Main Right Side' scraper is still running.
07 Apr, 2025 08:53:48 - Last modified time: 1582
07 Apr, 2025 08:54:51 - 'Google Main Right Side' scraper is still running.
07 Apr, 2025 08:54:51 - Last modified time: 1645
07 Apr, 2025 08:55:53 - 'Google Main Right Side' scraper is still running.
07 Apr, 2025 08:55:53 - Last modified time: 1707
07 Apr, 2025 08:56:55 - 'Google Main Right Side' scraper is still running.
07 Apr, 2025 08:56:55 - Last modified time: 1769
07 Apr, 2025 08:57:58 - 'Google Main Right Side' scraper is still running.
07 Apr, 2025 08:57:58 - Last modified time: 1832
07 Apr, 2025 08:57:58 - Log files hasn't been updated in the last 30 minutes. Deleting log directory and rebooting the server...
07 Apr, 2025 08:57:58 - Deleting log directory...
07 Apr, 2025 08:57:58 - Restarting the script: Killing all running processes and relaunching...
07 Apr, 2025 08:58:03 - 'Google Main Right Side' scraper is not running. Starting...
07 Apr, 2025 08:58:03 - 'Google Main Right Side' scraper started.
07 Apr, 2025 09:01:09 - 'Google Main Right Side' scraper is still running.
07 Apr, 2025 09:01:09 - Last modified time: 17
07 Apr, 2025 09:02:11 - 'Google Main Right Side' scraper is still running.
07 Apr, 2025 09:02:11 - Last modified time: 7
07 Apr, 2025 09:03:13 - 'Google Main Right Side' scraper is still running.
07 Apr, 2025 09:03:13 - Last modified time: 21
07 Apr, 2025 09:04:16 - 'Google Main Right Side' scraper is still running.
07 Apr, 2025 09:04:16 - Last modified time: 84
07 Apr, 2025 09:05:18 - 'Google Main Right Side' scraper is still running.
07 Apr, 2025 09:05:18 - Last modified time: 146
07 Apr, 2025 09:06:20 - 'Google Main Right Side' scraper is still running.
07 Apr, 2025 09:06:20 - Last modified time: 208
07 Apr, 2025 09:07:23 - 'Google Main Right Side' scraper is still running.
07 Apr, 2025 09:07:23 - Last modified time: 271
07 Apr, 2025 09:08:25 - 'Google Main Right Side' scraper is still running.
07 Apr, 2025 09:08:25 - Last modified time: 333
07 Apr, 2025 09:09:26 - 'Google Main Right Side' scraper is still running.
07 Apr, 2025 09:09:26 - Last modified time: 394
07 Apr, 2025 09:10:29 - 'Google Main Right Side' scraper is still running.
07 Apr, 2025 09:10:29 - Last modified time: 457
07 Apr, 2025 09:11:31 - 'Google Main Right Side' scraper is still running.
07 Apr, 2025 09:11:31 - Last modified time: 519
07 Apr, 2025 09:12:33 - 'Google Main Right Side' scraper is still running.
07 Apr, 2025 09:12:33 - Last modified time: 7
07 Apr, 2025 09:13:36 - 'Google Main Right Side' scraper is still running.
07 Apr, 2025 09:13:36 - Last modified time: 70
07 Apr, 2025 09:14:38 - 'Google Main Right Side' scraper is still running.
07 Apr, 2025 09:14:38 - Last modified time: 132
07 Apr, 2025 09:15:41 - 'Google Main Right Side' scraper is still running.
07 Apr, 2025 09:15:41 - Last modified time: 195
07 Apr, 2025 09:16:42 - 'Google Main Right Side' scraper is still running.
07 Apr, 2025 09:16:42 - Last modified time: 256
07 Apr, 2025 09:17:44 - 'Google Main Right Side' scraper is still running.
07 Apr, 2025 09:17:44 - Last modified time: 318
07 Apr, 2025 09:18:46 - 'Google Main Right Side' scraper is still running.
07 Apr, 2025 09:18:46 - Last modified time: 380
07 Apr, 2025 09:19:49 - 'Google Main Right Side' scraper is still running.
07 Apr, 2025 09:19:49 - Last modified time: 443
07 Apr, 2025 09:20:51 - 'Google Main Right Side' scraper is still running.
07 Apr, 2025 09:20:51 - Last modified time: 505
07 Apr, 2025 09:21:54 - 'Google Main Right Side' scraper is still running.
07 Apr, 2025 09:21:54 - Last modified time: 568
07 Apr, 2025 09:22:56 - 'Google Main Right Side' scraper is still running.
07 Apr, 2025 09:22:56 - Last modified time: 630
07 Apr, 2025 09:23:57 - 'Google Main Right Side' scraper is still running.
07 Apr, 2025 09:23:57 - Last modified time: 691
07 Apr, 2025 09:25:00 - 'Google Main Right Side' scraper is still running.
07 Apr, 2025 09:25:00 - Last modified time: 754
07 Apr, 2025 09:26:02 - 'Google Main Right Side' scraper is still running.
07 Apr, 2025 09:26:02 - Last modified time: 816
07 Apr, 2025 09:27:05 - 'Google Main Right Side' scraper is still running.
07 Apr, 2025 09:27:05 - Last modified time: 879
07 Apr, 2025 09:28:07 - 'Google Main Right Side' scraper is still running.
07 Apr, 2025 09:28:07 - Last modified time: 941
07 Apr, 2025 09:29:10 - 'Google Main Right Side' scraper is still running.
07 Apr, 2025 09:29:10 - Last modified time: 1004
07 Apr, 2025 09:30:12 - 'Google Main Right Side' scraper is still running.
07 Apr, 2025 09:30:12 - Last modified time: 1066
07 Apr, 2025 09:31:13 - 'Google Main Right Side' scraper is still running.
07 Apr, 2025 09:31:13 - Last modified time: 1127
07 Apr, 2025 09:32:16 - 'Google Main Right Side' scraper is still running.
07 Apr, 2025 09:32:16 - Last modified time: 1190
07 Apr, 2025 09:33:18 - 'Google Main Right Side' scraper is still running.
07 Apr, 2025 09:33:18 - Last modified time: 1252
07 Apr, 2025 09:34:20 - 'Google Main Right Side' scraper is still running.
07 Apr, 2025 09:34:20 - Last modified time: 1314
07 Apr, 2025 09:35:23 - 'Google Main Right Side' scraper is still running.
07 Apr, 2025 09:35:23 - Last modified time: 28
07 Apr, 2025 09:36:25 - 'Google Main Right Side' scraper is still running.
07 Apr, 2025 09:36:25 - Last modified time: 90
07 Apr, 2025 09:37:28 - 'Google Main Right Side' scraper is still running.
07 Apr, 2025 09:37:28 - Last modified time: 153
07 Apr, 2025 09:38:29 - 'Google Main Right Side' scraper is still running.
07 Apr, 2025 09:38:29 - Last modified time: 214
07 Apr, 2025 09:39:31 - 'Google Main Right Side' scraper is still running.
07 Apr, 2025 09:39:31 - Last modified time: 276
07 Apr, 2025 09:40:34 - 'Google Main Right Side' scraper is still running.
07 Apr, 2025 09:40:34 - Last modified time: 339
07 Apr, 2025 09:41:36 - 'Google Main Right Side' scraper is still running.
07 Apr, 2025 09:41:36 - Last modified time: 401
07 Apr, 2025 09:42:38 - 'Google Main Right Side' scraper is still running.
07 Apr, 2025 09:42:38 - Last modified time: 463
07 Apr, 2025 09:43:41 - 'Google Main Right Side' scraper is still running.
07 Apr, 2025 09:43:41 - Last modified time: 526
07 Apr, 2025 09:44:44 - 'Google Main Right Side' scraper is still running.
07 Apr, 2025 09:44:44 - Last modified time: 589
07 Apr, 2025 09:45:46 - 'Google Main Right Side' scraper is still running.
07 Apr, 2025 09:45:46 - Last modified time: 651
07 Apr, 2025 09:46:47 - 'Google Main Right Side' scraper is still running.
07 Apr, 2025 09:46:47 - Last modified time: 712
07 Apr, 2025 09:47:50 - 'Google Main Right Side' scraper is still running.
07 Apr, 2025 09:47:50 - Last modified time: 775
07 Apr, 2025 09:48:52 - 'Google Main Right Side' scraper is still running.
07 Apr, 2025 09:48:52 - Last modified time: 837
07 Apr, 2025 09:49:55 - 'Google Main Right Side' scraper is still running.
07 Apr, 2025 09:49:55 - Last modified time: 900
07 Apr, 2025 09:50:57 - 'Google Main Right Side' scraper is still running.
07 Apr, 2025 09:50:57 - Last modified time: 962
07 Apr, 2025 09:51:59 - 'Google Main Right Side' scraper is still running.
07 Apr, 2025 09:51:59 - Last modified time: 41
07 Apr, 2025 09:53:02 - 'Google Main Right Side' scraper is still running.
07 Apr, 2025 09:53:02 - Last modified time: 104
07 Apr, 2025 09:54:03 - 'Google Main Right Side' scraper is still running.
07 Apr, 2025 09:54:03 - Last modified time: 165
07 Apr, 2025 09:55:05 - 'Google Main Right Side' scraper is still running.
07 Apr, 2025 09:55:05 - Last modified time: 227
07 Apr, 2025 09:56:07 - 'Google Main Right Side' scraper is still running.
07 Apr, 2025 09:56:07 - Last modified time: 289
07 Apr, 2025 09:57:10 - 'Google Main Right Side' scraper is still running.
07 Apr, 2025 09:57:10 - Last modified time: 352
07 Apr, 2025 09:58:12 - 'Google Main Right Side' scraper is still running.
07 Apr, 2025 09:58:12 - Last modified time: 414
07 Apr, 2025 09:59:14 - 'Google Main Right Side' scraper is still running.
07 Apr, 2025 09:59:14 - Last modified time: 476
07 Apr, 2025 10:00:17 - 'Google Main Right Side' scraper is still running.
07 Apr, 2025 10:00:17 - Last modified time: 539
07 Apr, 2025 10:01:18 - 'Google Main Right Side' scraper is still running.
07 Apr, 2025 10:01:18 - Last modified time: 600
07 Apr, 2025 10:02:20 - 'Google Main Right Side' scraper is still running.
07 Apr, 2025 10:02:20 - Last modified time: 662
07 Apr, 2025 10:03:22 - 'Google Main Right Side' scraper is still running.
07 Apr, 2025 10:03:22 - Last modified time: 724
07 Apr, 2025 10:04:25 - 'Google Main Right Side' scraper is still running.
07 Apr, 2025 10:04:25 - Last modified time: 787
07 Apr, 2025 10:05:27 - 'Google Main Right Side' scraper is still running.
07 Apr, 2025 10:05:27 - Last modified time: 849
07 Apr, 2025 10:06:29 - 'Google Main Right Side' scraper is still running.
07 Apr, 2025 10:06:29 - Last modified time: 911
07 Apr, 2025 10:07:32 - 'Google Main Right Side' scraper is still running.
07 Apr, 2025 10:07:32 - Last modified time: 974
07 Apr, 2025 10:08:33 - 'Google Main Right Side' scraper is still running.
07 Apr, 2025 10:08:33 - Last modified time: 1035
07 Apr, 2025 10:09:36 - 'Google Main Right Side' scraper is still running.
07 Apr, 2025 10:09:36 - Last modified time: 1098
07 Apr, 2025 10:10:38 - 'Google Main Right Side' scraper is still running.
07 Apr, 2025 10:10:38 - Last modified time: 1160
07 Apr, 2025 10:11:41 - 'Google Main Right Side' scraper is still running.
07 Apr, 2025 10:11:41 - Last modified time: 1223
07 Apr, 2025 10:12:43 - 'Google Main Right Side' scraper is still running.
07 Apr, 2025 10:12:43 - Last modified time: 1285
07 Apr, 2025 10:13:45 - 'Google Main Right Side' scraper is still running.
07 Apr, 2025 10:13:45 - Last modified time: 1347
07 Apr, 2025 10:14:48 - 'Google Main Right Side' scraper is still running.
07 Apr, 2025 10:14:48 - Last modified time: 1410
07 Apr, 2025 10:15:50 - 'Google Main Right Side' scraper is still running.
07 Apr, 2025 10:15:50 - Last modified time: 1472
07 Apr, 2025 10:16:52 - 'Google Main Right Side' scraper is not running. Checking if it is stuck...
07 Apr, 2025 10:16:52 - Process finished. Restarting the process...
07 Apr, 2025 10:16:52 - 'Google Main Right Side' scraper started.
07 Apr, 2025 10:17:54 - 'Google Main Right Side' scraper is not running. Checking if it is stuck...
07 Apr, 2025 10:17:54 - Process finished. Restarting the process...
07 Apr, 2025 10:17:54 - 'Google Main Right Side' scraper started.
07 Apr, 2025 10:18:56 - 'Google Main Right Side' scraper is still running.
07 Apr, 2025 10:18:56 - Last modified time: 0
07 Apr, 2025 10:19:59 - 'Google Main Right Side' scraper is still running.
07 Apr, 2025 10:19:59 - Last modified time: 8
07 Apr, 2025 10:21:01 - 'Google Main Right Side' scraper is still running.
07 Apr, 2025 10:21:02 - Last modified time: 0
07 Apr, 2025 10:22:04 - 'Google Main Right Side' scraper is still running.
07 Apr, 2025 10:22:04 - Last modified time: 2
07 Apr, 2025 10:23:06 - 'Google Main Right Side' scraper is still running.
07 Apr, 2025 10:23:06 - Last modified time: 7
07 Apr, 2025 10:24:08 - 'Google Main Right Side' scraper is still running.
07 Apr, 2025 10:24:08 - Last modified time: 0
07 Apr, 2025 10:25:10 - 'Google Main Right Side' scraper is still running.
07 Apr, 2025 10:25:10 - Last modified time: 2
07 Apr, 2025 10:26:13 - 'Google Main Right Side' scraper is still running.
07 Apr, 2025 10:26:13 - Last modified time: 2
07 Apr, 2025 10:27:15 - 'Google Main Right Side' scraper is still running.
07 Apr, 2025 10:27:15 - Last modified time: 5
07 Apr, 2025 10:28:18 - 'Google Main Right Side' scraper is still running.
07 Apr, 2025 10:28:18 - Last modified time: 2
07 Apr, 2025 10:29:20 - 'Google Main Right Side' scraper is still running.
07 Apr, 2025 10:29:20 - Last modified time: 7
07 Apr, 2025 10:30:23 - 'Google Main Right Side' scraper is still running.
07 Apr, 2025 10:30:23 - Last modified time: 2
07 Apr, 2025 10:31:24 - 'Google Main Right Side' scraper is still running.
07 Apr, 2025 10:31:24 - Last modified time: 44
07 Apr, 2025 10:32:27 - 'Google Main Right Side' scraper is still running.
07 Apr, 2025 10:32:27 - Last modified time: 35
07 Apr, 2025 10:33:29 - 'Google Main Right Side' scraper is still running.
07 Apr, 2025 10:33:29 - Last modified time: 97
07 Apr, 2025 10:34:31 - 'Google Main Right Side' scraper is still running.
07 Apr, 2025 10:34:31 - Last modified time: 159
07 Apr, 2025 10:35:34 - 'Google Main Right Side' scraper is still running.
07 Apr, 2025 10:35:34 - Last modified time: 222
07 Apr, 2025 10:36:36 - 'Google Main Right Side' scraper is still running.
07 Apr, 2025 10:36:36 - Last modified time: 284
07 Apr, 2025 10:37:39 - 'Google Main Right Side' scraper is still running.
07 Apr, 2025 10:37:39 - Last modified time: 347
07 Apr, 2025 10:38:40 - 'Google Main Right Side' scraper is still running.
07 Apr, 2025 10:38:40 - Last modified time: 408
07 Apr, 2025 10:39:42 - 'Google Main Right Side' scraper is still running.
07 Apr, 2025 10:39:42 - Last modified time: 470
07 Apr, 2025 10:40:45 - 'Google Main Right Side' scraper is still running.
07 Apr, 2025 10:40:45 - Last modified time: 533
07 Apr, 2025 10:41:47 - 'Google Main Right Side' scraper is still running.
07 Apr, 2025 10:41:47 - Last modified time: 595
07 Apr, 2025 10:42:50 - 'Google Main Right Side' scraper is still running.
07 Apr, 2025 10:42:50 - Last modified time: 658
07 Apr, 2025 10:43:52 - 'Google Main Right Side' scraper is still running.
07 Apr, 2025 10:43:52 - Last modified time: 720
07 Apr, 2025 10:44:55 - 'Google Main Right Side' scraper is still running.
07 Apr, 2025 10:44:55 - Last modified time: 783
07 Apr, 2025 10:45:56 - 'Google Main Right Side' scraper is still running.
07 Apr, 2025 10:45:56 - Last modified time: 844
07 Apr, 2025 10:46:58 - 'Google Main Right Side' scraper is still running.
07 Apr, 2025 10:46:58 - Last modified time: 906
07 Apr, 2025 10:48:00 - 'Google Main Right Side' scraper is still running.
07 Apr, 2025 10:48:00 - Last modified time: 968
07 Apr, 2025 10:49:03 - 'Google Main Right Side' scraper is still running.
07 Apr, 2025 10:49:03 - Last modified time: 1031
07 Apr, 2025 10:50:05 - 'Google Main Right Side' scraper is still running.
07 Apr, 2025 10:50:05 - Last modified time: 1093
07 Apr, 2025 10:51:07 - 'Google Main Right Side' scraper is still running.
07 Apr, 2025 10:51:07 - Last modified time: 1155
07 Apr, 2025 10:52:10 - 'Google Main Right Side' scraper is still running.
07 Apr, 2025 10:52:10 - Last modified time: 1218
07 Apr, 2025 10:53:12 - 'Google Main Right Side' scraper is still running.
07 Apr, 2025 10:53:12 - Last modified time: 1280
07 Apr, 2025 10:54:13 - 'Google Main Right Side' scraper is still running.
07 Apr, 2025 10:54:13 - Last modified time: 1341
07 Apr, 2025 10:55:15 - 'Google Main Right Side' scraper is still running.
07 Apr, 2025 10:55:15 - Last modified time: 1403
07 Apr, 2025 10:56:18 - 'Google Main Right Side' scraper is still running.
07 Apr, 2025 10:56:18 - Last modified time: 1466
07 Apr, 2025 10:57:20 - 'Google Main Right Side' scraper is still running.
07 Apr, 2025 10:57:20 - Last modified time: 1528
07 Apr, 2025 10:58:23 - 'Google Main Right Side' scraper is still running.
07 Apr, 2025 10:58:23 - Last modified time: 1591
07 Apr, 2025 10:59:25 - 'Google Main Right Side' scraper is still running.
07 Apr, 2025 10:59:25 - Last modified time: 1653
07 Apr, 2025 11:00:27 - 'Google Main Right Side' scraper is still running.
07 Apr, 2025 11:00:27 - Last modified time: 1715
07 Apr, 2025 11:01:28 - 'Google Main Right Side' scraper is still running.
07 Apr, 2025 11:01:28 - Last modified time: 1776
07 Apr, 2025 11:02:30 - 'Google Main Right Side' scraper is still running.
07 Apr, 2025 11:02:30 - Last modified time: 1838
07 Apr, 2025 11:02:30 - Log files hasn't been updated in the last 30 minutes. Deleting log directory and rebooting the server...
07 Apr, 2025 11:02:30 - Deleting log directory...
07 Apr, 2025 11:02:30 - Restarting the script: Killing all running processes and relaunching...
07 Apr, 2025 11:02:35 - 'Google Main Right Side' scraper is not running. Starting...
07 Apr, 2025 11:02:35 - 'Google Main Right Side' scraper started.
07 Apr, 2025 11:05:40 - 'Google Main Right Side' scraper is still running.
07 Apr, 2025 11:05:40 - Last modified time: 183
07 Apr, 2025 11:06:42 - 'Google Main Right Side' scraper is still running.
07 Apr, 2025 11:06:42 - Last modified time: 245
07 Apr, 2025 11:07:44 - 'Google Main Right Side' scraper is still running.
07 Apr, 2025 11:07:44 - Last modified time: 18
07 Apr, 2025 11:08:46 - 'Google Main Right Side' scraper is still running.
07 Apr, 2025 11:08:46 - Last modified time: 80
07 Apr, 2025 11:09:47 - 'Google Main Right Side' scraper is still running.
07 Apr, 2025 11:09:47 - Last modified time: 4
07 Apr, 2025 11:10:49 - 'Google Main Right Side' scraper is still running.
07 Apr, 2025 11:10:49 - Last modified time: 1
07 Apr, 2025 11:11:51 - 'Google Main Right Side' scraper is still running.
07 Apr, 2025 11:11:51 - Last modified time: 3
07 Apr, 2025 11:12:54 - 'Google Main Right Side' scraper is still running.
07 Apr, 2025 11:12:54 - Last modified time: 0
07 Apr, 2025 11:13:56 - 'Google Main Right Side' scraper is still running.
07 Apr, 2025 11:13:56 - Last modified time: 0
07 Apr, 2025 11:14:59 - 'Google Main Right Side' scraper is still running.
07 Apr, 2025 11:14:59 - Last modified time: 2
07 Apr, 2025 11:16:01 - 'Google Main Right Side' scraper is still running.
07 Apr, 2025 11:16:01 - Last modified time: 1
07 Apr, 2025 11:17:02 - 'Google Main Right Side' scraper is still running.
07 Apr, 2025 11:17:02 - Last modified time: -1
07 Apr, 2025 11:18:05 - 'Google Main Right Side' scraper is still running.
07 Apr, 2025 11:18:05 - Last modified time: 0
07 Apr, 2025 11:19:07 - 'Google Main Right Side' scraper is still running.
07 Apr, 2025 11:19:07 - Last modified time: 1
07 Apr, 2025 11:20:09 - 'Google Main Right Side' scraper is still running.
07 Apr, 2025 11:20:09 - Last modified time: 0
07 Apr, 2025 11:21:12 - 'Google Main Right Side' scraper is still running.
07 Apr, 2025 11:21:12 - Last modified time: 2
07 Apr, 2025 11:22:14 - 'Google Main Right Side' scraper is still running.
07 Apr, 2025 11:22:14 - Last modified time: 1
07 Apr, 2025 11:23:16 - 'Google Main Right Side' scraper is still running.
07 Apr, 2025 11:23:16 - Last modified time: 2
07 Apr, 2025 11:24:19 - 'Google Main Right Side' scraper is still running.
07 Apr, 2025 11:24:19 - Last modified time: 2
07 Apr, 2025 11:25:20 - 'Google Main Right Side' scraper is still running.
07 Apr, 2025 11:25:20 - Last modified time: 9
07 Apr, 2025 11:26:23 - 'Google Main Right Side' scraper is still running.
07 Apr, 2025 11:26:23 - Last modified time: 72
07 Apr, 2025 11:27:25 - 'Google Main Right Side' scraper is still running.
07 Apr, 2025 11:27:25 - Last modified time: 3
07 Apr, 2025 11:28:27 - 'Google Main Right Side' scraper is still running.
07 Apr, 2025 11:28:27 - Last modified time: 65
07 Apr, 2025 11:29:30 - 'Google Main Right Side' scraper is still running.
07 Apr, 2025 11:29:30 - Last modified time: 128
07 Apr, 2025 11:30:32 - 'Google Main Right Side' scraper is still running.
07 Apr, 2025 11:30:32 - Last modified time: 190
07 Apr, 2025 11:31:35 - 'Google Main Right Side' scraper is still running.
07 Apr, 2025 11:31:35 - Last modified time: 253
07 Apr, 2025 11:32:36 - 'Google Main Right Side' scraper is still running.
07 Apr, 2025 11:32:36 - Last modified time: 314
07 Apr, 2025 11:33:39 - 'Google Main Right Side' scraper is still running.
07 Apr, 2025 11:33:39 - Last modified time: 377
07 Apr, 2025 11:34:41 - 'Google Main Right Side' scraper is still running.
07 Apr, 2025 11:34:41 - Last modified time: 439
07 Apr, 2025 11:35:43 - 'Google Main Right Side' scraper is still running.
07 Apr, 2025 11:35:43 - Last modified time: 501
07 Apr, 2025 11:36:46 - 'Google Main Right Side' scraper is still running.
07 Apr, 2025 11:36:46 - Last modified time: 564
07 Apr, 2025 11:37:48 - 'Google Main Right Side' scraper is still running.
07 Apr, 2025 11:37:48 - Last modified time: 626
07 Apr, 2025 11:38:51 - 'Google Main Right Side' scraper is still running.
07 Apr, 2025 11:38:51 - Last modified time: 689
07 Apr, 2025 11:39:52 - 'Google Main Right Side' scraper is still running.
07 Apr, 2025 11:39:52 - Last modified time: 750
07 Apr, 2025 11:40:55 - 'Google Main Right Side' scraper is still running.
07 Apr, 2025 11:40:55 - Last modified time: 813
07 Apr, 2025 11:41:57 - 'Google Main Right Side' scraper is still running.
07 Apr, 2025 11:41:57 - Last modified time: 875
07 Apr, 2025 11:43:00 - 'Google Main Right Side' scraper is still running.
07 Apr, 2025 11:43:00 - Last modified time: 938
07 Apr, 2025 11:44:02 - 'Google Main Right Side' scraper is still running.
07 Apr, 2025 11:44:02 - Last modified time: 1
07 Apr, 2025 11:45:04 - 'Google Main Right Side' scraper is still running.
07 Apr, 2025 11:45:05 - Last modified time: 64
07 Apr, 2025 11:46:07 - 'Google Main Right Side' scraper is still running.
07 Apr, 2025 11:46:07 - Last modified time: 126
07 Apr, 2025 11:47:08 - 'Google Main Right Side' scraper is still running.
07 Apr, 2025 11:47:08 - Last modified time: 187
07 Apr, 2025 11:48:11 - 'Google Main Right Side' scraper is still running.
07 Apr, 2025 11:48:11 - Last modified time: 250
07 Apr, 2025 11:49:13 - 'Google Main Right Side' scraper is still running.
07 Apr, 2025 11:49:14 - Last modified time: 313
07 Apr, 2025 11:50:15 - 'Google Main Right Side' scraper is still running.
07 Apr, 2025 11:50:15 - Last modified time: 374
07 Apr, 2025 11:51:16 - 'Google Main Right Side' scraper is still running.
07 Apr, 2025 11:51:16 - Last modified time: 435
07 Apr, 2025 11:52:18 - 'Google Main Right Side' scraper is still running.
07 Apr, 2025 11:52:18 - Last modified time: 497
07 Apr, 2025 11:53:20 - 'Google Main Right Side' scraper is still running.
07 Apr, 2025 11:53:20 - Last modified time: 559
07 Apr, 2025 11:54:22 - 'Google Main Right Side' scraper is still running.
07 Apr, 2025 11:54:22 - Last modified time: 621
07 Apr, 2025 11:55:23 - 'Google Main Right Side' scraper is still running.
07 Apr, 2025 11:55:23 - Last modified time: 682
07 Apr, 2025 11:56:25 - 'Google Main Right Side' scraper is still running.
07 Apr, 2025 11:56:25 - Last modified time: 744
07 Apr, 2025 11:57:26 - 'Google Main Right Side' scraper is still running.
07 Apr, 2025 11:57:27 - Last modified time: 806
07 Apr, 2025 11:58:28 - 'Google Main Right Side' scraper is still running.
07 Apr, 2025 11:58:28 - Last modified time: 867
07 Apr, 2025 11:59:29 - 'Google Main Right Side' scraper is still running.
07 Apr, 2025 11:59:29 - Last modified time: 928
07 Apr, 2025 12:00:31 - 'Google Main Right Side' scraper is still running.
07 Apr, 2025 12:00:31 - Last modified time: 990
07 Apr, 2025 12:01:34 - 'Google Main Right Side' scraper is still running.
07 Apr, 2025 12:01:34 - Last modified time: 1053
07 Apr, 2025 12:02:36 - 'Google Main Right Side' scraper is still running.
07 Apr, 2025 12:02:36 - Last modified time: 1115
07 Apr, 2025 12:03:38 - 'Google Main Right Side' scraper is still running.
07 Apr, 2025 12:03:38 - Last modified time: 12
07 Apr, 2025 12:04:40 - 'Google Main Right Side' scraper is still running.
07 Apr, 2025 12:04:40 - Last modified time: 74
07 Apr, 2025 12:05:42 - 'Google Main Right Side' scraper is still running.
07 Apr, 2025 12:05:42 - Last modified time: 136
07 Apr, 2025 12:06:43 - 'Google Main Right Side' scraper is still running.
07 Apr, 2025 12:06:43 - Last modified time: 197
07 Apr, 2025 12:07:45 - 'Google Main Right Side' scraper is still running.
07 Apr, 2025 12:07:45 - Last modified time: 259
07 Apr, 2025 14:22:28 - 'Google Main Right Side' scraper is not running. Starting...
07 Apr, 2025 14:22:28 - 'Google Main Right Side' scraper started.
07 Apr, 2025 14:25:33 - 'Google Main Right Side' scraper is still running.
07 Apr, 2025 14:25:33 - Last modified time: -1
07 Apr, 2025 14:26:36 - 'Google Main Right Side' scraper is still running.
07 Apr, 2025 14:26:36 - Last modified time: 0
07 Apr, 2025 14:27:38 - 'Google Main Right Side' scraper is still running.
07 Apr, 2025 14:27:38 - Last modified time: 24
07 Apr, 2025 14:28:41 - 'Google Main Right Side' scraper is still running.
07 Apr, 2025 14:28:41 - Last modified time: 18
07 Apr, 2025 14:29:43 - 'Google Main Right Side' scraper is still running.
07 Apr, 2025 14:29:43 - Last modified time: 14
07 Apr, 2025 14:30:46 - 'Google Main Right Side' scraper is still running.
07 Apr, 2025 14:30:46 - Last modified time: 11
07 Apr, 2025 14:31:49 - 'Google Main Right Side' scraper is still running.
07 Apr, 2025 14:31:49 - Last modified time: 5
07 Apr, 2025 14:32:52 - 'Google Main Right Side' scraper is still running.
07 Apr, 2025 14:32:52 - Last modified time: 2
07 Apr, 2025 14:33:53 - 'Google Main Right Side' scraper is still running.
07 Apr, 2025 14:33:53 - Last modified time: 0
07 Apr, 2025 14:34:57 - 'Google Main Right Side' scraper is still running.
07 Apr, 2025 14:34:57 - Last modified time: 8
07 Apr, 2025 14:36:00 - 'Google Main Right Side' scraper is still running.
07 Apr, 2025 14:36:00 - Last modified time: 1
07 Apr, 2025 14:37:03 - 'Google Main Right Side' scraper is still running.
07 Apr, 2025 14:37:03 - Last modified time: 13
07 Apr, 2025 14:38:06 - 'Google Main Right Side' scraper is still running.
07 Apr, 2025 14:38:06 - Last modified time: 1
07 Apr, 2025 14:39:10 - 'Google Main Right Side' scraper is still running.
07 Apr, 2025 14:39:10 - Last modified time: 3
07 Apr, 2025 14:40:16 - 'Google Main Right Side' scraper is still running.
07 Apr, 2025 14:40:17 - Last modified time: 3
07 Apr, 2025 14:41:21 - 'Google Main Right Side' scraper is still running.
07 Apr, 2025 14:41:21 - Last modified time: 1
07 Apr, 2025 14:42:24 - 'Google Main Right Side' scraper is still running.
07 Apr, 2025 14:42:24 - Last modified time: 8
07 Apr, 2025 14:43:28 - 'Google Main Right Side' scraper is still running.
07 Apr, 2025 14:43:31 - Last modified time: 18
07 Apr, 2025 14:44:34 - 'Google Main Right Side' scraper is still running.
07 Apr, 2025 14:44:38 - Last modified time: 5
07 Apr, 2025 14:45:49 - 'Google Main Right Side' scraper is still running.
07 Apr, 2025 14:45:51 - Last modified time: 4
07 Apr, 2025 14:46:58 - 'Google Main Right Side' scraper is still running.
07 Apr, 2025 14:46:59 - Last modified time: 8
07 Apr, 2025 14:48:18 - 'Google Main Right Side' scraper is still running.
07 Apr, 2025 14:48:20 - Last modified time: 1
07 Apr, 2025 14:49:36 - 'Google Main Right Side' scraper is still running.
07 Apr, 2025 14:49:50 - Last modified time: 0
07 Apr, 2025 14:50:58 - 'Google Main Right Side' scraper is still running.
07 Apr, 2025 14:50:59 - Last modified time: 1
07 Apr, 2025 14:52:11 - 'Google Main Right Side' scraper is still running.
07 Apr, 2025 14:52:12 - Last modified time: 0
07 Apr, 2025 14:53:17 - 'Google Main Right Side' scraper is still running.
07 Apr, 2025 14:53:19 - Last modified time: 3
07 Apr, 2025 14:54:31 - 'Google Main Right Side' scraper is still running.
07 Apr, 2025 14:54:35 - Last modified time: 0
07 Apr, 2025 14:55:47 - 'Google Main Right Side' scraper is still running.
07 Apr, 2025 14:55:51 - Last modified time: 1
07 Apr, 2025 14:57:10 - 'Google Main Right Side' scraper is still running.
07 Apr, 2025 14:57:12 - Last modified time: 0
07 Apr, 2025 14:58:31 - 'Google Main Right Side' scraper is still running.
07 Apr, 2025 14:58:34 - Last modified time: 2
07 Apr, 2025 14:59:42 - 'Google Main Right Side' scraper is still running.
07 Apr, 2025 14:59:44 - Last modified time: 1
07 Apr, 2025 15:00:52 - 'Google Main Right Side' scraper is still running.
07 Apr, 2025 15:00:52 - Last modified time: 0
07 Apr, 2025 15:01:58 - 'Google Main Right Side' scraper is still running.
07 Apr, 2025 15:02:00 - Last modified time: 0
07 Apr, 2025 15:03:09 - 'Google Main Right Side' scraper is still running.
07 Apr, 2025 15:03:10 - Last modified time: 1
07 Apr, 2025 15:04:18 - 'Google Main Right Side' scraper is still running.
07 Apr, 2025 15:04:19 - Last modified time: 1
07 Apr, 2025 15:05:29 - 'Google Main Right Side' scraper is still running.
07 Apr, 2025 15:05:29 - Last modified time: 1
07 Apr, 2025 15:06:32 - 'Google Main Right Side' scraper is still running.
07 Apr, 2025 15:06:34 - Last modified time: 1
07 Apr, 2025 15:07:38 - 'Google Main Right Side' scraper is still running.
07 Apr, 2025 15:07:40 - Last modified time: 6
07 Apr, 2025 15:08:48 - 'Google Main Right Side' scraper is still running.
07 Apr, 2025 15:08:50 - Last modified time: 2
07 Apr, 2025 15:09:53 - 'Google Main Right Side' scraper is still running.
07 Apr, 2025 15:09:54 - Last modified time: 3
07 Apr, 2025 15:11:01 - 'Google Main Right Side' scraper is still running.
07 Apr, 2025 15:11:04 - Last modified time: 2
07 Apr, 2025 15:12:20 - 'Google Main Right Side' scraper is still running.
07 Apr, 2025 15:12:24 - Last modified time: 0
07 Apr, 2025 15:13:52 - 'Google Main Right Side' scraper is still running.
07 Apr, 2025 15:13:52 - Last modified time: 1
07 Apr, 2025 15:14:52 - 'Google Main Right Side' scraper is still running.
07 Apr, 2025 15:14:56 - Last modified time: 1
07 Apr, 2025 15:16:00 - 'Google Main Right Side' scraper is still running.
07 Apr, 2025 15:16:00 - Last modified time: 3
07 Apr, 2025 15:17:08 - 'Google Main Right Side' scraper is still running.
07 Apr, 2025 15:17:09 - Last modified time: 3
07 Apr, 2025 15:18:21 - 'Google Main Right Side' scraper is still running.
07 Apr, 2025 15:18:24 - Last modified time: 1
07 Apr, 2025 15:19:33 - 'Google Main Right Side' scraper is still running.
07 Apr, 2025 15:19:35 - Last modified time: 1
07 Apr, 2025 15:20:43 - 'Google Main Right Side' scraper is still running.
07 Apr, 2025 15:20:47 - Last modified time: 1
07 Apr, 2025 15:21:56 - 'Google Main Right Side' scraper is still running.
07 Apr, 2025 15:22:00 - Last modified time: 1
07 Apr, 2025 15:23:13 - 'Google Main Right Side' scraper is still running.
07 Apr, 2025 15:23:14 - Last modified time: 2
07 Apr, 2025 15:24:30 - 'Google Main Right Side' scraper is still running.
07 Apr, 2025 15:24:31 - Last modified time: 1
07 Apr, 2025 15:25:47 - 'Google Main Right Side' scraper is still running.
07 Apr, 2025 15:25:49 - Last modified time: 1
07 Apr, 2025 15:27:16 - 'Google Main Right Side' scraper is still running.
07 Apr, 2025 15:27:18 - Last modified time: 5
07 Apr, 2025 15:28:37 - 'Google Main Right Side' scraper is still running.
07 Apr, 2025 15:28:38 - Last modified time: 7
07 Apr, 2025 15:29:52 - 'Google Main Right Side' scraper is still running.
07 Apr, 2025 15:29:52 - Last modified time: 6
07 Apr, 2025 15:30:55 - 'Google Main Right Side' scraper is still running.
07 Apr, 2025 15:30:56 - Last modified time: 4
07 Apr, 2025 15:31:58 - 'Google Main Right Side' scraper is still running.
07 Apr, 2025 15:31:58 - Last modified time: 1
07 Apr, 2025 15:33:00 - 'Google Main Right Side' scraper is still running.
07 Apr, 2025 15:33:00 - Last modified time: 1
07 Apr, 2025 15:34:02 - 'Google Main Right Side' scraper is still running.
07 Apr, 2025 15:34:02 - Last modified time: 0
07 Apr, 2025 15:35:04 - 'Google Main Right Side' scraper is still running.
07 Apr, 2025 15:35:04 - Last modified time: 0
07 Apr, 2025 15:36:06 - 'Google Main Right Side' scraper is still running.
07 Apr, 2025 15:36:06 - Last modified time: 0
07 Apr, 2025 15:37:08 - 'Google Main Right Side' scraper is still running.
07 Apr, 2025 15:37:08 - Last modified time: 1
07 Apr, 2025 15:38:10 - 'Google Main Right Side' scraper is still running.
07 Apr, 2025 15:38:10 - Last modified time: 1
07 Apr, 2025 15:39:13 - 'Google Main Right Side' scraper is still running.
07 Apr, 2025 15:39:13 - Last modified time: 1
07 Apr, 2025 15:40:16 - 'Google Main Right Side' scraper is still running.
07 Apr, 2025 15:40:16 - Last modified time: 2
07 Apr, 2025 15:41:17 - 'Google Main Right Side' scraper is still running.
07 Apr, 2025 15:41:17 - Last modified time: 1
07 Apr, 2025 15:42:20 - 'Google Main Right Side' scraper is still running.
07 Apr, 2025 15:42:20 - Last modified time: 0
07 Apr, 2025 15:43:23 - 'Google Main Right Side' scraper is still running.
07 Apr, 2025 15:43:23 - Last modified time: 1
07 Apr, 2025 15:44:25 - 'Google Main Right Side' scraper is still running.
07 Apr, 2025 15:44:25 - Last modified time: 2
07 Apr, 2025 15:45:27 - 'Google Main Right Side' scraper is still running.
07 Apr, 2025 15:45:27 - Last modified time: 0
07 Apr, 2025 15:46:30 - 'Google Main Right Side' scraper is still running.
07 Apr, 2025 15:46:30 - Last modified time: 6
07 Apr, 2025 15:47:32 - 'Google Main Right Side' scraper is still running.
07 Apr, 2025 15:47:32 - Last modified time: 7
07 Apr, 2025 15:48:34 - 'Google Main Right Side' scraper is still running.
07 Apr, 2025 15:48:34 - Last modified time: 7
07 Apr, 2025 15:49:36 - 'Google Main Right Side' scraper is still running.
07 Apr, 2025 15:49:36 - Last modified time: 1
07 Apr, 2025 15:50:39 - 'Google Main Right Side' scraper is still running.
07 Apr, 2025 15:50:39 - Last modified time: 12
07 Apr, 2025 15:51:41 - 'Google Main Right Side' scraper is still running.
07 Apr, 2025 15:51:41 - Last modified time: 8
07 Apr, 2025 15:52:44 - 'Google Main Right Side' scraper is still running.
07 Apr, 2025 15:52:44 - Last modified time: 15
07 Apr, 2025 15:53:46 - 'Google Main Right Side' scraper is still running.
07 Apr, 2025 15:53:46 - Last modified time: 12
07 Apr, 2025 15:54:49 - 'Google Main Right Side' scraper is still running.
07 Apr, 2025 15:54:49 - Last modified time: 13
07 Apr, 2025 15:55:52 - 'Google Main Right Side' scraper is still running.
07 Apr, 2025 15:55:52 - Last modified time: 4
07 Apr, 2025 15:56:53 - 'Google Main Right Side' scraper is still running.
07 Apr, 2025 15:56:53 - Last modified time: 6
07 Apr, 2025 15:57:56 - 'Google Main Right Side' scraper is still running.
07 Apr, 2025 15:57:56 - Last modified time: 0
07 Apr, 2025 15:58:59 - 'Google Main Right Side' scraper is still running.
07 Apr, 2025 15:58:59 - Last modified time: 10
07 Apr, 2025 16:00:02 - 'Google Main Right Side' scraper is still running.
07 Apr, 2025 16:00:02 - Last modified time: 7
07 Apr, 2025 16:01:05 - 'Google Main Right Side' scraper is still running.
07 Apr, 2025 16:01:05 - Last modified time: 3
07 Apr, 2025 16:02:08 - 'Google Main Right Side' scraper is still running.
07 Apr, 2025 16:02:08 - Last modified time: 19
07 Apr, 2025 16:03:10 - 'Google Main Right Side' scraper is still running.
07 Apr, 2025 16:03:10 - Last modified time: 1
07 Apr, 2025 16:04:12 - 'Google Main Right Side' scraper is still running.
07 Apr, 2025 16:04:12 - Last modified time: 7
07 Apr, 2025 16:05:15 - 'Google Main Right Side' scraper is still running.
07 Apr, 2025 16:05:15 - Last modified time: 9
07 Apr, 2025 16:06:17 - 'Google Main Right Side' scraper is still running.
07 Apr, 2025 16:06:17 - Last modified time: 8
07 Apr, 2025 16:07:20 - 'Google Main Right Side' scraper is still running.
07 Apr, 2025 16:07:20 - Last modified time: 8
07 Apr, 2025 16:08:23 - 'Google Main Right Side' scraper is still running.
07 Apr, 2025 16:08:23 - Last modified time: 9
07 Apr, 2025 16:09:26 - 'Google Main Right Side' scraper is still running.
07 Apr, 2025 16:09:26 - Last modified time: 3
07 Apr, 2025 16:10:28 - 'Google Main Right Side' scraper is still running.
07 Apr, 2025 16:10:28 - Last modified time: 2
07 Apr, 2025 16:11:30 - 'Google Main Right Side' scraper is still running.
07 Apr, 2025 16:11:30 - Last modified time: 12
07 Apr, 2025 16:12:32 - 'Google Main Right Side' scraper is still running.
07 Apr, 2025 16:12:32 - Last modified time: 3
07 Apr, 2025 16:13:35 - 'Google Main Right Side' scraper is still running.
07 Apr, 2025 16:13:35 - Last modified time: 16
07 Apr, 2025 16:14:38 - 'Google Main Right Side' scraper is still running.
07 Apr, 2025 16:14:38 - Last modified time: 12
07 Apr, 2025 16:15:41 - 'Google Main Right Side' scraper is still running.
07 Apr, 2025 16:15:41 - Last modified time: 15
07 Apr, 2025 16:16:44 - 'Google Main Right Side' scraper is still running.
07 Apr, 2025 16:16:44 - Last modified time: 5
07 Apr, 2025 16:17:47 - 'Google Main Right Side' scraper is still running.
07 Apr, 2025 16:17:47 - Last modified time: 10
07 Apr, 2025 16:18:48 - 'Google Main Right Side' scraper is still running.
07 Apr, 2025 16:18:48 - Last modified time: 7
07 Apr, 2025 16:19:51 - 'Google Main Right Side' scraper is still running.
07 Apr, 2025 16:19:52 - Last modified time: 8
07 Apr, 2025 16:20:54 - 'Google Main Right Side' scraper is still running.
07 Apr, 2025 16:20:54 - Last modified time: 9
07 Apr, 2025 16:21:57 - 'Google Main Right Side' scraper is still running.
07 Apr, 2025 16:21:57 - Last modified time: 10
07 Apr, 2025 16:23:00 - 'Google Main Right Side' scraper is still running.
07 Apr, 2025 16:23:01 - Last modified time: 4
07 Apr, 2025 16:24:03 - 'Google Main Right Side' scraper is still running.
07 Apr, 2025 16:24:03 - Last modified time: 3
07 Apr, 2025 16:25:06 - 'Google Main Right Side' scraper is still running.
07 Apr, 2025 16:25:06 - Last modified time: 8
07 Apr, 2025 16:26:09 - 'Google Main Right Side' scraper is still running.
07 Apr, 2025 16:26:09 - Last modified time: 7
07 Apr, 2025 16:27:11 - 'Google Main Right Side' scraper is still running.
07 Apr, 2025 16:27:11 - Last modified time: 8
07 Apr, 2025 16:28:14 - 'Google Main Right Side' scraper is still running.
07 Apr, 2025 16:28:14 - Last modified time: 3
07 Apr, 2025 16:29:17 - 'Google Main Right Side' scraper is still running.
07 Apr, 2025 16:29:17 - Last modified time: 11
07 Apr, 2025 16:30:19 - 'Google Main Right Side' scraper is still running.
07 Apr, 2025 16:30:19 - Last modified time: 4
07 Apr, 2025 16:31:22 - 'Google Main Right Side' scraper is still running.
07 Apr, 2025 16:31:22 - Last modified time: 4
07 Apr, 2025 16:32:25 - 'Google Main Right Side' scraper is still running.
07 Apr, 2025 16:32:25 - Last modified time: 8
07 Apr, 2025 16:33:28 - 'Google Main Right Side' scraper is still running.
07 Apr, 2025 16:33:28 - Last modified time: 3
07 Apr, 2025 16:34:30 - 'Google Main Right Side' scraper is still running.
07 Apr, 2025 16:34:30 - Last modified time: 5
07 Apr, 2025 16:35:33 - 'Google Main Right Side' scraper is still running.
07 Apr, 2025 16:35:33 - Last modified time: 7
07 Apr, 2025 16:36:36 - 'Google Main Right Side' scraper is still running.
07 Apr, 2025 16:36:36 - Last modified time: 14
07 Apr, 2025 16:37:39 - 'Google Main Right Side' scraper is still running.
07 Apr, 2025 16:37:39 - Last modified time: 1
07 Apr, 2025 16:38:42 - 'Google Main Right Side' scraper is still running.
07 Apr, 2025 16:38:42 - Last modified time: 9
07 Apr, 2025 16:39:45 - 'Google Main Right Side' scraper is still running.
07 Apr, 2025 16:39:45 - Last modified time: 20
07 Apr, 2025 16:40:48 - 'Google Main Right Side' scraper is still running.
07 Apr, 2025 16:40:48 - Last modified time: 8
07 Apr, 2025 16:41:50 - 'Google Main Right Side' scraper is still running.
07 Apr, 2025 16:41:50 - Last modified time: 4
07 Apr, 2025 16:42:53 - 'Google Main Right Side' scraper is still running.
07 Apr, 2025 16:42:53 - Last modified time: 2
07 Apr, 2025 16:43:56 - 'Google Main Right Side' scraper is still running.
07 Apr, 2025 16:43:56 - Last modified time: 10
07 Apr, 2025 16:44:59 - 'Google Main Right Side' scraper is still running.
07 Apr, 2025 16:44:59 - Last modified time: 8
07 Apr, 2025 16:46:02 - 'Google Main Right Side' scraper is still running.
07 Apr, 2025 16:46:02 - Last modified time: 2
07 Apr, 2025 16:47:05 - 'Google Main Right Side' scraper is still running.
07 Apr, 2025 16:47:05 - Last modified time: 12
07 Apr, 2025 16:48:08 - 'Google Main Right Side' scraper is still running.
07 Apr, 2025 16:48:08 - Last modified time: 12
07 Apr, 2025 16:49:09 - 'Google Main Right Side' scraper is still running.
07 Apr, 2025 16:49:09 - Last modified time: 6
07 Apr, 2025 16:50:12 - 'Google Main Right Side' scraper is still running.
07 Apr, 2025 16:50:12 - Last modified time: 5
07 Apr, 2025 16:51:15 - 'Google Main Right Side' scraper is still running.
07 Apr, 2025 16:51:15 - Last modified time: 2
07 Apr, 2025 16:52:18 - 'Google Main Right Side' scraper is still running.
07 Apr, 2025 16:52:18 - Last modified time: 5
07 Apr, 2025 16:53:21 - 'Google Main Right Side' scraper is still running.
07 Apr, 2025 16:53:21 - Last modified time: 9
07 Apr, 2025 16:54:24 - 'Google Main Right Side' scraper is still running.
07 Apr, 2025 16:54:24 - Last modified time: 11
07 Apr, 2025 16:55:28 - 'Google Main Right Side' scraper is still running.
07 Apr, 2025 16:55:28 - Last modified time: 5
07 Apr, 2025 16:56:31 - 'Google Main Right Side' scraper is still running.
07 Apr, 2025 16:56:31 - Last modified time: 1
07 Apr, 2025 16:57:32 - 'Google Main Right Side' scraper is still running.
07 Apr, 2025 16:57:32 - Last modified time: 0
07 Apr, 2025 16:58:35 - 'Google Main Right Side' scraper is still running.
07 Apr, 2025 16:58:35 - Last modified time: 10
07 Apr, 2025 16:59:38 - 'Google Main Right Side' scraper is still running.
07 Apr, 2025 16:59:38 - Last modified time: 2
07 Apr, 2025 17:00:41 - 'Google Main Right Side' scraper is still running.
07 Apr, 2025 17:00:41 - Last modified time: 1
07 Apr, 2025 17:01:45 - 'Google Main Right Side' scraper is still running.
07 Apr, 2025 17:01:45 - Last modified time: 3
07 Apr, 2025 17:02:48 - 'Google Main Right Side' scraper is still running.
07 Apr, 2025 17:02:48 - Last modified time: 9
07 Apr, 2025 17:03:51 - 'Google Main Right Side' scraper is still running.
07 Apr, 2025 17:03:51 - Last modified time: 12
07 Apr, 2025 17:04:52 - 'Google Main Right Side' scraper is still running.
07 Apr, 2025 17:04:52 - Last modified time: 2
07 Apr, 2025 17:05:55 - 'Google Main Right Side' scraper is still running.
07 Apr, 2025 17:05:55 - Last modified time: 7
07 Apr, 2025 17:06:58 - 'Google Main Right Side' scraper is still running.
07 Apr, 2025 17:06:58 - Last modified time: 7
07 Apr, 2025 17:08:02 - 'Google Main Right Side' scraper is still running.
07 Apr, 2025 17:08:02 - Last modified time: 10
07 Apr, 2025 17:09:05 - 'Google Main Right Side' scraper is still running.
07 Apr, 2025 17:09:05 - Last modified time: 5
07 Apr, 2025 17:10:08 - 'Google Main Right Side' scraper is still running.
07 Apr, 2025 17:10:08 - Last modified time: 14
07 Apr, 2025 17:11:11 - 'Google Main Right Side' scraper is still running.
07 Apr, 2025 17:11:11 - Last modified time: 15
07 Apr, 2025 17:12:12 - 'Google Main Right Side' scraper is still running.
07 Apr, 2025 17:12:12 - Last modified time: 3
07 Apr, 2025 17:13:15 - 'Google Main Right Side' scraper is still running.
07 Apr, 2025 17:13:15 - Last modified time: 9
07 Apr, 2025 17:14:18 - 'Google Main Right Side' scraper is still running.
07 Apr, 2025 17:14:18 - Last modified time: 3
07 Apr, 2025 17:15:21 - 'Google Main Right Side' scraper is still running.
07 Apr, 2025 17:15:22 - Last modified time: 7
07 Apr, 2025 17:16:25 - 'Google Main Right Side' scraper is still running.
07 Apr, 2025 17:16:25 - Last modified time: 4
07 Apr, 2025 17:17:28 - 'Google Main Right Side' scraper is still running.
07 Apr, 2025 17:17:28 - Last modified time: 10
07 Apr, 2025 17:18:31 - 'Google Main Right Side' scraper is still running.
07 Apr, 2025 17:18:31 - Last modified time: 7
07 Apr, 2025 17:19:32 - 'Google Main Right Side' scraper is still running.
07 Apr, 2025 17:19:32 - Last modified time: 4
07 Apr, 2025 17:20:35 - 'Google Main Right Side' scraper is still running.
07 Apr, 2025 17:20:35 - Last modified time: 5
07 Apr, 2025 17:21:39 - 'Google Main Right Side' scraper is still running.
07 Apr, 2025 17:21:39 - Last modified time: 15
07 Apr, 2025 17:22:42 - 'Google Main Right Side' scraper is still running.
07 Apr, 2025 17:22:42 - Last modified time: 9
07 Apr, 2025 17:23:45 - 'Google Main Right Side' scraper is still running.
07 Apr, 2025 17:23:45 - Last modified time: 8
07 Apr, 2025 17:24:48 - 'Google Main Right Side' scraper is still running.
07 Apr, 2025 17:24:48 - Last modified time: 12
07 Apr, 2025 17:25:51 - 'Google Main Right Side' scraper is still running.
07 Apr, 2025 17:25:51 - Last modified time: 4
07 Apr, 2025 17:26:54 - 'Google Main Right Side' scraper is still running.
07 Apr, 2025 17:26:54 - Last modified time: 9
07 Apr, 2025 17:27:56 - 'Google Main Right Side' scraper is still running.
07 Apr, 2025 17:27:56 - Last modified time: 4
07 Apr, 2025 17:28:59 - 'Google Main Right Side' scraper is still running.
07 Apr, 2025 17:28:59 - Last modified time: 7
07 Apr, 2025 17:30:02 - 'Google Main Right Side' scraper is still running.
07 Apr, 2025 17:30:02 - Last modified time: 3
07 Apr, 2025 17:31:05 - 'Google Main Right Side' scraper is still running.
07 Apr, 2025 17:31:05 - Last modified time: 14
07 Apr, 2025 17:32:08 - 'Google Main Right Side' scraper is still running.
07 Apr, 2025 17:32:08 - Last modified time: 7
07 Apr, 2025 17:33:11 - 'Google Main Right Side' scraper is still running.
07 Apr, 2025 17:33:11 - Last modified time: 2
07 Apr, 2025 17:34:14 - 'Google Main Right Side' scraper is still running.
07 Apr, 2025 17:34:14 - Last modified time: 11
07 Apr, 2025 17:35:15 - 'Google Main Right Side' scraper is still running.
07 Apr, 2025 17:35:15 - Last modified time: 9
07 Apr, 2025 17:36:19 - 'Google Main Right Side' scraper is still running.
07 Apr, 2025 17:36:19 - Last modified time: 11
07 Apr, 2025 17:37:22 - 'Google Main Right Side' scraper is still running.
07 Apr, 2025 17:37:22 - Last modified time: 14
07 Apr, 2025 17:38:25 - 'Google Main Right Side' scraper is still running.
07 Apr, 2025 17:38:25 - Last modified time: 12
07 Apr, 2025 17:39:28 - 'Google Main Right Side' scraper is still running.
07 Apr, 2025 17:39:28 - Last modified time: 18
07 Apr, 2025 17:40:31 - 'Google Main Right Side' scraper is still running.
07 Apr, 2025 17:40:31 - Last modified time: 13
07 Apr, 2025 17:41:34 - 'Google Main Right Side' scraper is still running.
07 Apr, 2025 17:41:34 - Last modified time: 3
07 Apr, 2025 17:42:35 - 'Google Main Right Side' scraper is still running.
07 Apr, 2025 17:42:35 - Last modified time: 1
07 Apr, 2025 17:43:39 - 'Google Main Right Side' scraper is still running.
07 Apr, 2025 17:43:39 - Last modified time: 2
07 Apr, 2025 17:44:42 - 'Google Main Right Side' scraper is still running.
07 Apr, 2025 17:44:42 - Last modified time: 8
07 Apr, 2025 17:45:45 - 'Google Main Right Side' scraper is still running.
07 Apr, 2025 17:45:45 - Last modified time: 11
07 Apr, 2025 17:46:48 - 'Google Main Right Side' scraper is still running.
07 Apr, 2025 17:46:48 - Last modified time: 12
07 Apr, 2025 17:47:51 - 'Google Main Right Side' scraper is still running.
07 Apr, 2025 17:47:51 - Last modified time: 18
07 Apr, 2025 17:48:54 - 'Google Main Right Side' scraper is still running.
07 Apr, 2025 17:48:54 - Last modified time: 9
07 Apr, 2025 17:49:56 - 'Google Main Right Side' scraper is still running.
07 Apr, 2025 17:49:56 - Last modified time: 5
07 Apr, 2025 17:50:59 - 'Google Main Right Side' scraper is still running.
07 Apr, 2025 17:50:59 - Last modified time: 4
07 Apr, 2025 17:52:01 - 'Google Main Right Side' scraper is still running.
07 Apr, 2025 17:52:01 - Last modified time: 2
07 Apr, 2025 17:53:04 - 'Google Main Right Side' scraper is still running.
07 Apr, 2025 17:53:04 - Last modified time: 6
07 Apr, 2025 17:54:06 - 'Google Main Right Side' scraper is still running.
07 Apr, 2025 17:54:06 - Last modified time: 2
07 Apr, 2025 17:55:09 - 'Google Main Right Side' scraper is still running.
07 Apr, 2025 17:55:09 - Last modified time: 6
07 Apr, 2025 17:56:12 - 'Google Main Right Side' scraper is still running.
07 Apr, 2025 17:56:12 - Last modified time: 3
07 Apr, 2025 17:57:13 - 'Google Main Right Side' scraper is still running.
07 Apr, 2025 17:57:13 - Last modified time: 2
07 Apr, 2025 17:58:15 - 'Google Main Right Side' scraper is still running.
07 Apr, 2025 17:58:15 - Last modified time: 9
07 Apr, 2025 17:59:19 - 'Google Main Right Side' scraper is still running.
07 Apr, 2025 17:59:19 - Last modified time: 4
07 Apr, 2025 18:00:21 - 'Google Main Right Side' scraper is still running.
07 Apr, 2025 18:00:21 - Last modified time: 6
07 Apr, 2025 18:01:24 - 'Google Main Right Side' scraper is still running.
07 Apr, 2025 18:01:24 - Last modified time: 0
07 Apr, 2025 18:02:27 - 'Google Main Right Side' scraper is still running.
07 Apr, 2025 18:02:27 - Last modified time: 15
07 Apr, 2025 18:03:30 - 'Google Main Right Side' scraper is still running.
07 Apr, 2025 18:03:30 - Last modified time: 6
07 Apr, 2025 18:04:33 - 'Google Main Right Side' scraper is still running.
07 Apr, 2025 18:04:33 - Last modified time: 3
07 Apr, 2025 18:05:35 - 'Google Main Right Side' scraper is still running.
07 Apr, 2025 18:05:35 - Last modified time: 3
07 Apr, 2025 18:06:38 - 'Google Main Right Side' scraper is still running.
07 Apr, 2025 18:06:38 - Last modified time: 12
07 Apr, 2025 18:07:41 - 'Google Main Right Side' scraper is still running.
07 Apr, 2025 18:07:41 - Last modified time: 12
07 Apr, 2025 18:08:44 - 'Google Main Right Side' scraper is still running.
07 Apr, 2025 18:08:44 - Last modified time: 5
07 Apr, 2025 18:09:47 - 'Google Main Right Side' scraper is still running.
07 Apr, 2025 18:09:47 - Last modified time: 9
07 Apr, 2025 18:10:50 - 'Google Main Right Side' scraper is still running.
07 Apr, 2025 18:10:50 - Last modified time: 7
07 Apr, 2025 18:11:54 - 'Google Main Right Side' scraper is still running.
07 Apr, 2025 18:11:54 - Last modified time: 16
07 Apr, 2025 18:12:55 - 'Google Main Right Side' scraper is still running.
07 Apr, 2025 18:12:55 - Last modified time: 7
07 Apr, 2025 18:13:58 - 'Google Main Right Side' scraper is still running.
07 Apr, 2025 18:13:58 - Last modified time: 5
07 Apr, 2025 18:15:01 - 'Google Main Right Side' scraper is still running.
07 Apr, 2025 18:15:01 - Last modified time: 13
07 Apr, 2025 18:16:05 - 'Google Main Right Side' scraper is still running.
07 Apr, 2025 18:16:05 - Last modified time: 3
07 Apr, 2025 18:17:08 - 'Google Main Right Side' scraper is still running.
07 Apr, 2025 18:17:08 - Last modified time: 18
07 Apr, 2025 18:18:11 - 'Google Main Right Side' scraper is still running.
07 Apr, 2025 18:18:11 - Last modified time: 1
07 Apr, 2025 18:19:14 - 'Google Main Right Side' scraper is still running.
07 Apr, 2025 18:19:14 - Last modified time: 15
07 Apr, 2025 18:20:16 - 'Google Main Right Side' scraper is still running.
07 Apr, 2025 18:20:16 - Last modified time: 4
07 Apr, 2025 18:21:19 - 'Google Main Right Side' scraper is still running.
07 Apr, 2025 18:21:19 - Last modified time: 3
07 Apr, 2025 18:22:22 - 'Google Main Right Side' scraper is still running.
07 Apr, 2025 18:22:22 - Last modified time: 18
07 Apr, 2025 18:23:25 - 'Google Main Right Side' scraper is still running.
07 Apr, 2025 18:23:25 - Last modified time: 0
07 Apr, 2025 18:24:29 - 'Google Main Right Side' scraper is still running.
07 Apr, 2025 18:24:29 - Last modified time: 6
07 Apr, 2025 18:25:32 - 'Google Main Right Side' scraper is still running.
07 Apr, 2025 18:25:32 - Last modified time: 10
07 Apr, 2025 18:26:35 - 'Google Main Right Side' scraper is still running.
07 Apr, 2025 18:26:35 - Last modified time: 7
07 Apr, 2025 18:27:37 - 'Google Main Right Side' scraper is still running.
07 Apr, 2025 18:27:37 - Last modified time: 8
07 Apr, 2025 18:28:40 - 'Google Main Right Side' scraper is still running.
07 Apr, 2025 18:28:40 - Last modified time: 0
07 Apr, 2025 18:29:43 - 'Google Main Right Side' scraper is still running.
07 Apr, 2025 18:29:43 - Last modified time: 6
07 Apr, 2025 18:30:46 - 'Google Main Right Side' scraper is still running.
07 Apr, 2025 18:30:46 - Last modified time: 2
07 Apr, 2025 18:31:50 - 'Google Main Right Side' scraper is still running.
07 Apr, 2025 18:31:50 - Last modified time: 6
07 Apr, 2025 18:32:53 - 'Google Main Right Side' scraper is still running.
07 Apr, 2025 18:32:53 - Last modified time: 19
07 Apr, 2025 18:33:56 - 'Google Main Right Side' scraper is still running.
07 Apr, 2025 18:33:56 - Last modified time: 18
07 Apr, 2025 18:34:59 - 'Google Main Right Side' scraper is still running.
07 Apr, 2025 18:34:59 - Last modified time: 11
07 Apr, 2025 18:36:01 - 'Google Main Right Side' scraper is still running.
07 Apr, 2025 18:36:01 - Last modified time: 7
07 Apr, 2025 18:37:04 - 'Google Main Right Side' scraper is still running.
07 Apr, 2025 18:37:04 - Last modified time: 6
07 Apr, 2025 18:38:07 - 'Google Main Right Side' scraper is still running.
07 Apr, 2025 18:38:07 - Last modified time: 13
07 Apr, 2025 18:39:10 - 'Google Main Right Side' scraper is still running.
07 Apr, 2025 18:39:10 - Last modified time: 8
07 Apr, 2025 18:40:13 - 'Google Main Right Side' scraper is still running.
07 Apr, 2025 18:40:13 - Last modified time: 9
07 Apr, 2025 18:41:17 - 'Google Main Right Side' scraper is still running.
07 Apr, 2025 18:41:17 - Last modified time: 19
07 Apr, 2025 18:42:20 - 'Google Main Right Side' scraper is still running.
07 Apr, 2025 18:42:20 - Last modified time: 2
07 Apr, 2025 18:43:22 - 'Google Main Right Side' scraper is still running.
07 Apr, 2025 18:43:22 - Last modified time: 0
07 Apr, 2025 18:44:25 - 'Google Main Right Side' scraper is still running.
07 Apr, 2025 18:44:25 - Last modified time: 6
07 Apr, 2025 18:45:28 - 'Google Main Right Side' scraper is still running.
07 Apr, 2025 18:45:28 - Last modified time: 6
07 Apr, 2025 18:46:32 - 'Google Main Right Side' scraper is still running.
07 Apr, 2025 18:46:32 - Last modified time: 12
07 Apr, 2025 18:47:35 - 'Google Main Right Side' scraper is still running.
07 Apr, 2025 18:47:35 - Last modified time: 9
07 Apr, 2025 18:48:38 - 'Google Main Right Side' scraper is still running.
07 Apr, 2025 18:48:38 - Last modified time: 10
07 Apr, 2025 18:49:41 - 'Google Main Right Side' scraper is still running.
07 Apr, 2025 18:49:41 - Last modified time: 11
07 Apr, 2025 18:50:43 - 'Google Main Right Side' scraper is still running.
07 Apr, 2025 18:50:43 - Last modified time: 13
07 Apr, 2025 18:51:47 - 'Google Main Right Side' scraper is still running.
07 Apr, 2025 18:51:47 - Last modified time: 10
07 Apr, 2025 18:52:50 - 'Google Main Right Side' scraper is still running.
07 Apr, 2025 18:52:50 - Last modified time: 10
07 Apr, 2025 18:53:53 - 'Google Main Right Side' scraper is still running.
07 Apr, 2025 18:53:53 - Last modified time: 2
07 Apr, 2025 18:54:56 - 'Google Main Right Side' scraper is still running.
07 Apr, 2025 18:54:56 - Last modified time: 1
07 Apr, 2025 18:55:59 - 'Google Main Right Side' scraper is still running.
07 Apr, 2025 18:55:59 - Last modified time: 4
07 Apr, 2025 18:57:03 - 'Google Main Right Side' scraper is still running.
07 Apr, 2025 18:57:03 - Last modified time: 16
07 Apr, 2025 18:58:04 - 'Google Main Right Side' scraper is still running.
07 Apr, 2025 18:58:04 - Last modified time: 13
07 Apr, 2025 18:59:08 - 'Google Main Right Side' scraper is still running.
07 Apr, 2025 18:59:08 - Last modified time: 9
07 Apr, 2025 19:00:11 - 'Google Main Right Side' scraper is still running.
07 Apr, 2025 19:00:11 - Last modified time: 9
07 Apr, 2025 19:01:14 - 'Google Main Right Side' scraper is still running.
07 Apr, 2025 19:01:14 - Last modified time: 8
07 Apr, 2025 19:02:17 - 'Google Main Right Side' scraper is still running.
07 Apr, 2025 19:02:17 - Last modified time: 13
07 Apr, 2025 19:03:21 - 'Google Main Right Side' scraper is still running.
07 Apr, 2025 19:03:21 - Last modified time: 1
07 Apr, 2025 19:04:24 - 'Google Main Right Side' scraper is still running.
07 Apr, 2025 19:04:24 - Last modified time: 10
07 Apr, 2025 19:05:27 - 'Google Main Right Side' scraper is still running.
07 Apr, 2025 19:05:27 - Last modified time: 13
07 Apr, 2025 19:06:29 - 'Google Main Right Side' scraper is still running.
07 Apr, 2025 19:06:29 - Last modified time: 5
07 Apr, 2025 19:07:32 - 'Google Main Right Side' scraper is still running.
07 Apr, 2025 19:07:32 - Last modified time: 2
07 Apr, 2025 19:08:36 - 'Google Main Right Side' scraper is still running.
07 Apr, 2025 19:08:36 - Last modified time: 16
07 Apr, 2025 19:09:39 - 'Google Main Right Side' scraper is still running.
07 Apr, 2025 19:09:39 - Last modified time: 12
07 Apr, 2025 19:10:42 - 'Google Main Right Side' scraper is still running.
07 Apr, 2025 19:10:42 - Last modified time: 9
07 Apr, 2025 19:11:45 - 'Google Main Right Side' scraper is still running.
07 Apr, 2025 19:11:45 - Last modified time: 7
07 Apr, 2025 19:12:48 - 'Google Main Right Side' scraper is still running.
07 Apr, 2025 19:12:48 - Last modified time: 13
07 Apr, 2025 19:13:50 - 'Google Main Right Side' scraper is still running.
07 Apr, 2025 19:13:50 - Last modified time: 7
07 Apr, 2025 19:14:52 - 'Google Main Right Side' scraper is still running.
07 Apr, 2025 19:14:52 - Last modified time: 0
07 Apr, 2025 19:15:55 - 'Google Main Right Side' scraper is still running.
07 Apr, 2025 19:15:55 - Last modified time: 6
07 Apr, 2025 19:16:58 - 'Google Main Right Side' scraper is still running.
07 Apr, 2025 19:16:58 - Last modified time: 1
07 Apr, 2025 19:18:00 - 'Google Main Right Side' scraper is still running.
07 Apr, 2025 19:18:00 - Last modified time: 12
07 Apr, 2025 19:19:03 - 'Google Main Right Side' scraper is still running.
07 Apr, 2025 19:19:03 - Last modified time: 6
07 Apr, 2025 19:20:06 - 'Google Main Right Side' scraper is still running.
07 Apr, 2025 19:20:06 - Last modified time: 4
07 Apr, 2025 19:21:07 - 'Google Main Right Side' scraper is still running.
07 Apr, 2025 19:21:07 - Last modified time: 9
07 Apr, 2025 19:22:10 - 'Google Main Right Side' scraper is still running.
07 Apr, 2025 19:22:10 - Last modified time: 9
07 Apr, 2025 19:23:10 - 'Google Main Right Side' scraper is still running.
07 Apr, 2025 19:23:10 - Last modified time: 7
07 Apr, 2025 19:24:12 - 'Google Main Right Side' scraper is still running.
07 Apr, 2025 19:24:12 - Last modified time: 8
07 Apr, 2025 19:25:13 - 'Google Main Right Side' scraper is still running.
07 Apr, 2025 19:25:13 - Last modified time: 4
07 Apr, 2025 19:26:15 - 'Google Main Right Side' scraper is still running.
07 Apr, 2025 19:26:16 - Last modified time: 18
07 Apr, 2025 19:27:18 - 'Google Main Right Side' scraper is still running.
07 Apr, 2025 19:27:18 - Last modified time: 11
07 Apr, 2025 19:28:20 - 'Google Main Right Side' scraper is still running.
07 Apr, 2025 19:28:20 - Last modified time: 10
07 Apr, 2025 19:29:22 - 'Google Main Right Side' scraper is still running.
07 Apr, 2025 19:29:22 - Last modified time: 13
07 Apr, 2025 19:30:25 - 'Google Main Right Side' scraper is still running.
07 Apr, 2025 19:30:25 - Last modified time: 4
07 Apr, 2025 19:31:27 - 'Google Main Right Side' scraper is still running.
07 Apr, 2025 19:31:27 - Last modified time: 4
07 Apr, 2025 19:32:28 - 'Google Main Right Side' scraper is still running.
07 Apr, 2025 19:32:28 - Last modified time: 11
07 Apr, 2025 19:33:30 - 'Google Main Right Side' scraper is still running.
07 Apr, 2025 19:33:30 - Last modified time: 2
07 Apr, 2025 19:34:33 - 'Google Main Right Side' scraper is still running.
07 Apr, 2025 19:34:33 - Last modified time: 7
07 Apr, 2025 19:35:35 - 'Google Main Right Side' scraper is still running.
07 Apr, 2025 19:35:35 - Last modified time: 5
07 Apr, 2025 19:36:37 - 'Google Main Right Side' scraper is still running.
07 Apr, 2025 19:36:37 - Last modified time: 1
07 Apr, 2025 19:37:40 - 'Google Main Right Side' scraper is still running.
07 Apr, 2025 19:37:40 - Last modified time: 1
07 Apr, 2025 19:38:42 - 'Google Main Right Side' scraper is still running.
07 Apr, 2025 19:38:42 - Last modified time: 11
07 Apr, 2025 19:39:43 - 'Google Main Right Side' scraper is still running.
07 Apr, 2025 19:39:43 - Last modified time: 14
07 Apr, 2025 19:40:46 - 'Google Main Right Side' scraper is still running.
07 Apr, 2025 19:40:46 - Last modified time: 11
07 Apr, 2025 19:41:48 - 'Google Main Right Side' scraper is still running.
07 Apr, 2025 19:41:48 - Last modified time: 8
07 Apr, 2025 19:42:50 - 'Google Main Right Side' scraper is still running.
07 Apr, 2025 19:42:50 - Last modified time: 19
07 Apr, 2025 19:43:53 - 'Google Main Right Side' scraper is still running.
07 Apr, 2025 19:43:53 - Last modified time: 10
07 Apr, 2025 19:44:55 - 'Google Main Right Side' scraper is still running.
07 Apr, 2025 19:44:55 - Last modified time: 15
07 Apr, 2025 19:45:57 - 'Google Main Right Side' scraper is still running.
07 Apr, 2025 19:45:57 - Last modified time: 5
07 Apr, 2025 19:46:59 - 'Google Main Right Side' scraper is still running.
07 Apr, 2025 19:46:59 - Last modified time: 16
07 Apr, 2025 19:48:01 - 'Google Main Right Side' scraper is still running.
07 Apr, 2025 19:48:01 - Last modified time: 9
07 Apr, 2025 19:49:02 - 'Google Main Right Side' scraper is still running.
07 Apr, 2025 19:49:02 - Last modified time: 1
07 Apr, 2025 19:50:05 - 'Google Main Right Side' scraper is still running.
07 Apr, 2025 19:50:05 - Last modified time: 10
07 Apr, 2025 19:51:07 - 'Google Main Right Side' scraper is still running.
07 Apr, 2025 19:51:07 - Last modified time: 12
07 Apr, 2025 19:52:10 - 'Google Main Right Side' scraper is still running.
07 Apr, 2025 19:52:10 - Last modified time: 12
07 Apr, 2025 19:53:12 - 'Google Main Right Side' scraper is still running.
07 Apr, 2025 19:53:12 - Last modified time: 6
07 Apr, 2025 19:54:14 - 'Google Main Right Side' scraper is still running.
07 Apr, 2025 19:54:14 - Last modified time: 13
07 Apr, 2025 19:55:16 - 'Google Main Right Side' scraper is still running.
07 Apr, 2025 19:55:16 - Last modified time: 13
07 Apr, 2025 19:56:18 - 'Google Main Right Side' scraper is still running.
07 Apr, 2025 19:56:18 - Last modified time: 7
07 Apr, 2025 19:57:20 - 'Google Main Right Side' scraper is still running.
07 Apr, 2025 19:57:20 - Last modified time: 13
07 Apr, 2025 19:58:22 - 'Google Main Right Side' scraper is still running.
07 Apr, 2025 19:58:22 - Last modified time: 14
07 Apr, 2025 19:59:24 - 'Google Main Right Side' scraper is still running.
07 Apr, 2025 19:59:24 - Last modified time: 18
07 Apr, 2025 20:00:27 - 'Google Main Right Side' scraper is still running.
07 Apr, 2025 20:00:27 - Last modified time: 14
07 Apr, 2025 20:01:29 - 'Google Main Right Side' scraper is still running.
07 Apr, 2025 20:01:29 - Last modified time: 2
07 Apr, 2025 20:02:30 - 'Google Main Right Side' scraper is still running.
07 Apr, 2025 20:02:30 - Last modified time: 6
07 Apr, 2025 20:03:32 - 'Google Main Right Side' scraper is still running.
07 Apr, 2025 20:03:32 - Last modified time: 6
07 Apr, 2025 20:04:34 - 'Google Main Right Side' scraper is still running.
07 Apr, 2025 20:04:34 - Last modified time: 13
07 Apr, 2025 20:05:37 - 'Google Main Right Side' scraper is still running.
07 Apr, 2025 20:05:37 - Last modified time: 13
07 Apr, 2025 20:06:39 - 'Google Main Right Side' scraper is still running.
07 Apr, 2025 20:06:39 - Last modified time: 6
07 Apr, 2025 20:07:41 - 'Google Main Right Side' scraper is still running.
07 Apr, 2025 20:07:41 - Last modified time: 2
07 Apr, 2025 20:08:44 - 'Google Main Right Side' scraper is still running.
07 Apr, 2025 20:08:44 - Last modified time: 19
07 Apr, 2025 20:09:46 - 'Google Main Right Side' scraper is still running.
07 Apr, 2025 20:09:46 - Last modified time: 0
07 Apr, 2025 20:10:49 - 'Google Main Right Side' scraper is still running.
07 Apr, 2025 20:10:49 - Last modified time: 0
07 Apr, 2025 20:11:52 - 'Google Main Right Side' scraper is still running.
07 Apr, 2025 20:11:52 - Last modified time: 2
07 Apr, 2025 20:12:55 - 'Google Main Right Side' scraper is still running.
07 Apr, 2025 20:12:55 - Last modified time: 14
07 Apr, 2025 20:13:58 - 'Google Main Right Side' scraper is still running.
07 Apr, 2025 20:13:58 - Last modified time: 5
07 Apr, 2025 20:15:02 - 'Google Main Right Side' scraper is still running.
07 Apr, 2025 20:15:02 - Last modified time: 5
07 Apr, 2025 20:16:05 - 'Google Main Right Side' scraper is still running.
07 Apr, 2025 20:16:05 - Last modified time: 17
07 Apr, 2025 20:17:08 - 'Google Main Right Side' scraper is still running.
07 Apr, 2025 20:17:08 - Last modified time: 17
07 Apr, 2025 20:18:09 - 'Google Main Right Side' scraper is still running.
07 Apr, 2025 20:18:09 - Last modified time: 5
07 Apr, 2025 20:19:12 - 'Google Main Right Side' scraper is still running.
07 Apr, 2025 20:19:12 - Last modified time: 18
07 Apr, 2025 20:20:15 - 'Google Main Right Side' scraper is still running.
07 Apr, 2025 20:20:15 - Last modified time: 13
07 Apr, 2025 20:21:19 - 'Google Main Right Side' scraper is still running.
07 Apr, 2025 20:21:19 - Last modified time: 4
07 Apr, 2025 20:22:22 - 'Google Main Right Side' scraper is still running.
07 Apr, 2025 20:22:22 - Last modified time: 5
07 Apr, 2025 20:23:25 - 'Google Main Right Side' scraper is still running.
07 Apr, 2025 20:23:25 - Last modified time: 4
07 Apr, 2025 20:24:28 - 'Google Main Right Side' scraper is still running.
07 Apr, 2025 20:24:28 - Last modified time: 6
07 Apr, 2025 20:25:29 - 'Google Main Right Side' scraper is still running.
07 Apr, 2025 20:25:29 - Last modified time: 2
07 Apr, 2025 20:26:33 - 'Google Main Right Side' scraper is still running.
07 Apr, 2025 20:26:33 - Last modified time: 3
07 Apr, 2025 20:27:36 - 'Google Main Right Side' scraper is still running.
07 Apr, 2025 20:27:36 - Last modified time: 9
07 Apr, 2025 20:28:39 - 'Google Main Right Side' scraper is still running.
07 Apr, 2025 20:28:39 - Last modified time: 13
07 Apr, 2025 20:29:42 - 'Google Main Right Side' scraper is still running.
07 Apr, 2025 20:29:42 - Last modified time: 10
07 Apr, 2025 20:30:45 - 'Google Main Right Side' scraper is still running.
07 Apr, 2025 20:30:45 - Last modified time: 10
07 Apr, 2025 20:31:49 - 'Google Main Right Side' scraper is still running.
07 Apr, 2025 20:31:49 - Last modified time: 9
07 Apr, 2025 20:32:50 - 'Google Main Right Side' scraper is still running.
07 Apr, 2025 20:32:50 - Last modified time: 9
07 Apr, 2025 20:33:54 - 'Google Main Right Side' scraper is still running.
07 Apr, 2025 20:33:54 - Last modified time: 12
07 Apr, 2025 20:34:57 - 'Google Main Right Side' scraper is still running.
07 Apr, 2025 20:34:57 - Last modified time: 5
07 Apr, 2025 20:36:01 - 'Google Main Right Side' scraper is still running.
07 Apr, 2025 20:36:01 - Last modified time: 1
07 Apr, 2025 20:37:04 - 'Google Main Right Side' scraper is still running.
07 Apr, 2025 20:37:04 - Last modified time: 0
07 Apr, 2025 20:38:08 - 'Google Main Right Side' scraper is still running.
07 Apr, 2025 20:38:08 - Last modified time: 6
07 Apr, 2025 20:39:11 - 'Google Main Right Side' scraper is still running.
07 Apr, 2025 20:39:11 - Last modified time: 7
07 Apr, 2025 20:40:13 - 'Google Main Right Side' scraper is still running.
07 Apr, 2025 20:40:13 - Last modified time: 10
07 Apr, 2025 20:41:16 - 'Google Main Right Side' scraper is still running.
07 Apr, 2025 20:41:16 - Last modified time: 9
07 Apr, 2025 20:42:19 - 'Google Main Right Side' scraper is still running.
07 Apr, 2025 20:42:19 - Last modified time: 2
07 Apr, 2025 20:43:23 - 'Google Main Right Side' scraper is still running.
07 Apr, 2025 20:43:23 - Last modified time: 12
07 Apr, 2025 20:44:26 - 'Google Main Right Side' scraper is still running.
07 Apr, 2025 20:44:26 - Last modified time: 2
07 Apr, 2025 20:45:29 - 'Google Main Right Side' scraper is still running.
07 Apr, 2025 20:45:29 - Last modified time: 3
07 Apr, 2025 20:46:33 - 'Google Main Right Side' scraper is still running.
07 Apr, 2025 20:46:33 - Last modified time: 14
07 Apr, 2025 20:47:36 - 'Google Main Right Side' scraper is still running.
07 Apr, 2025 20:47:36 - Last modified time: 6
07 Apr, 2025 20:48:38 - 'Google Main Right Side' scraper is still running.
07 Apr, 2025 20:48:38 - Last modified time: 3
07 Apr, 2025 20:49:41 - 'Google Main Right Side' scraper is still running.
07 Apr, 2025 20:49:41 - Last modified time: 9
07 Apr, 2025 20:50:45 - 'Google Main Right Side' scraper is still running.
07 Apr, 2025 20:50:45 - Last modified time: 11
07 Apr, 2025 20:51:48 - 'Google Main Right Side' scraper is still running.
07 Apr, 2025 20:51:48 - Last modified time: 14
07 Apr, 2025 20:52:51 - 'Google Main Right Side' scraper is still running.
07 Apr, 2025 20:52:51 - Last modified time: 6
07 Apr, 2025 20:53:55 - 'Google Main Right Side' scraper is still running.
07 Apr, 2025 20:53:55 - Last modified time: 8
07 Apr, 2025 20:54:58 - 'Google Main Right Side' scraper is still running.
07 Apr, 2025 20:54:58 - Last modified time: 11
07 Apr, 2025 20:56:00 - 'Google Main Right Side' scraper is still running.
07 Apr, 2025 20:56:00 - Last modified time: 2
07 Apr, 2025 20:57:04 - 'Google Main Right Side' scraper is still running.
07 Apr, 2025 20:57:04 - Last modified time: 1
07 Apr, 2025 20:58:07 - 'Google Main Right Side' scraper is still running.
07 Apr, 2025 20:58:07 - Last modified time: 0
07 Apr, 2025 20:59:11 - 'Google Main Right Side' scraper is still running.
07 Apr, 2025 20:59:11 - Last modified time: 14
07 Apr, 2025 21:00:14 - 'Google Main Right Side' scraper is still running.
07 Apr, 2025 21:00:14 - Last modified time: 11
07 Apr, 2025 21:01:17 - 'Google Main Right Side' scraper is still running.
07 Apr, 2025 21:01:17 - Last modified time: 16
07 Apr, 2025 21:02:21 - 'Google Main Right Side' scraper is still running.
07 Apr, 2025 21:02:21 - Last modified time: 6
07 Apr, 2025 21:03:22 - 'Google Main Right Side' scraper is still running.
07 Apr, 2025 21:03:23 - Last modified time: 11
07 Apr, 2025 21:04:26 - 'Google Main Right Side' scraper is still running.
07 Apr, 2025 21:04:26 - Last modified time: 12
07 Apr, 2025 21:05:29 - 'Google Main Right Side' scraper is still running.
07 Apr, 2025 21:05:29 - Last modified time: 12
07 Apr, 2025 21:06:33 - 'Google Main Right Side' scraper is still running.
07 Apr, 2025 21:06:33 - Last modified time: 12
07 Apr, 2025 21:07:36 - 'Google Main Right Side' scraper is still running.
07 Apr, 2025 21:07:36 - Last modified time: 8
07 Apr, 2025 21:08:40 - 'Google Main Right Side' scraper is still running.
07 Apr, 2025 21:08:40 - Last modified time: 14
07 Apr, 2025 21:09:43 - 'Google Main Right Side' scraper is still running.
07 Apr, 2025 21:09:43 - Last modified time: 10
07 Apr, 2025 21:10:45 - 'Google Main Right Side' scraper is still running.
07 Apr, 2025 21:10:45 - Last modified time: 9
07 Apr, 2025 21:11:48 - 'Google Main Right Side' scraper is still running.
07 Apr, 2025 21:11:48 - Last modified time: 15
07 Apr, 2025 21:12:52 - 'Google Main Right Side' scraper is still running.
07 Apr, 2025 21:12:52 - Last modified time: 10
07 Apr, 2025 21:13:55 - 'Google Main Right Side' scraper is still running.
07 Apr, 2025 21:13:55 - Last modified time: 6
07 Apr, 2025 21:14:59 - 'Google Main Right Side' scraper is still running.
07 Apr, 2025 21:14:59 - Last modified time: 2
07 Apr, 2025 21:16:02 - 'Google Main Right Side' scraper is still running.
07 Apr, 2025 21:16:02 - Last modified time: 6
07 Apr, 2025 21:17:06 - 'Google Main Right Side' scraper is still running.
07 Apr, 2025 21:17:06 - Last modified time: 13
07 Apr, 2025 21:18:08 - 'Google Main Right Side' scraper is still running.
07 Apr, 2025 21:18:08 - Last modified time: 18
07 Apr, 2025 21:19:11 - 'Google Main Right Side' scraper is still running.
07 Apr, 2025 21:19:11 - Last modified time: 6
07 Apr, 2025 21:20:15 - 'Google Main Right Side' scraper is still running.
07 Apr, 2025 21:20:15 - Last modified time: 12
07 Apr, 2025 21:21:18 - 'Google Main Right Side' scraper is still running.
07 Apr, 2025 21:21:18 - Last modified time: 12
07 Apr, 2025 21:22:21 - 'Google Main Right Side' scraper is still running.
07 Apr, 2025 21:22:21 - Last modified time: 5
07 Apr, 2025 21:23:25 - 'Google Main Right Side' scraper is still running.
07 Apr, 2025 21:23:25 - Last modified time: 4
07 Apr, 2025 21:24:28 - 'Google Main Right Side' scraper is still running.
07 Apr, 2025 21:24:28 - Last modified time: 16
07 Apr, 2025 21:25:32 - 'Google Main Right Side' scraper is still running.
07 Apr, 2025 21:25:32 - Last modified time: 7
07 Apr, 2025 21:26:33 - 'Google Main Right Side' scraper is still running.
07 Apr, 2025 21:26:34 - Last modified time: 5
07 Apr, 2025 21:27:37 - 'Google Main Right Side' scraper is still running.
07 Apr, 2025 21:27:37 - Last modified time: 9
07 Apr, 2025 21:28:40 - 'Google Main Right Side' scraper is still running.
07 Apr, 2025 21:28:40 - Last modified time: 6
07 Apr, 2025 21:29:44 - 'Google Main Right Side' scraper is still running.
07 Apr, 2025 21:29:44 - Last modified time: 6
07 Apr, 2025 21:30:47 - 'Google Main Right Side' scraper is still running.
07 Apr, 2025 21:30:47 - Last modified time: 4
07 Apr, 2025 21:31:51 - 'Google Main Right Side' scraper is still running.
07 Apr, 2025 21:31:51 - Last modified time: 4
07 Apr, 2025 21:32:54 - 'Google Main Right Side' scraper is still running.
07 Apr, 2025 21:32:54 - Last modified time: 3
07 Apr, 2025 21:33:56 - 'Google Main Right Side' scraper is still running.
07 Apr, 2025 21:33:56 - Last modified time: 6
07 Apr, 2025 21:35:00 - 'Google Main Right Side' scraper is still running.
07 Apr, 2025 21:35:00 - Last modified time: 8
07 Apr, 2025 21:36:03 - 'Google Main Right Side' scraper is still running.
07 Apr, 2025 21:36:03 - Last modified time: 6
07 Apr, 2025 21:37:07 - 'Google Main Right Side' scraper is still running.
07 Apr, 2025 21:37:07 - Last modified time: 3
07 Apr, 2025 21:38:09 - 'Google Main Right Side' scraper is still running.
07 Apr, 2025 21:38:09 - Last modified time: 16
07 Apr, 2025 21:39:12 - 'Google Main Right Side' scraper is still running.
07 Apr, 2025 21:39:12 - Last modified time: 17
07 Apr, 2025 21:40:14 - 'Google Main Right Side' scraper is still running.
07 Apr, 2025 21:40:14 - Last modified time: 12
07 Apr, 2025 21:41:17 - 'Google Main Right Side' scraper is still running.
07 Apr, 2025 21:41:17 - Last modified time: 14
07 Apr, 2025 21:42:18 - 'Google Main Right Side' scraper is still running.
07 Apr, 2025 21:42:18 - Last modified time: 3
07 Apr, 2025 21:43:21 - 'Google Main Right Side' scraper is still running.
07 Apr, 2025 21:43:21 - Last modified time: 7
07 Apr, 2025 21:44:23 - 'Google Main Right Side' scraper is still running.
07 Apr, 2025 21:44:23 - Last modified time: 3
07 Apr, 2025 21:45:24 - 'Google Main Right Side' scraper is still running.
07 Apr, 2025 21:45:24 - Last modified time: 3
07 Apr, 2025 21:46:26 - 'Google Main Right Side' scraper is still running.
07 Apr, 2025 21:46:26 - Last modified time: 3
07 Apr, 2025 21:47:29 - 'Google Main Right Side' scraper is still running.
07 Apr, 2025 21:47:29 - Last modified time: 8
07 Apr, 2025 21:48:32 - 'Google Main Right Side' scraper is still running.
07 Apr, 2025 21:48:32 - Last modified time: 15
07 Apr, 2025 21:49:35 - 'Google Main Right Side' scraper is still running.
07 Apr, 2025 21:49:35 - Last modified time: 15
07 Apr, 2025 21:50:37 - 'Google Main Right Side' scraper is still running.
07 Apr, 2025 21:50:38 - Last modified time: 0
07 Apr, 2025 21:51:40 - 'Google Main Right Side' scraper is still running.
07 Apr, 2025 21:51:40 - Last modified time: 15
07 Apr, 2025 21:52:42 - 'Google Main Right Side' scraper is still running.
07 Apr, 2025 21:52:42 - Last modified time: 10
07 Apr, 2025 21:53:45 - 'Google Main Right Side' scraper is still running.
07 Apr, 2025 21:53:45 - Last modified time: 4
07 Apr, 2025 21:54:47 - 'Google Main Right Side' scraper is still running.
07 Apr, 2025 21:54:47 - Last modified time: 7
07 Apr, 2025 21:55:50 - 'Google Main Right Side' scraper is still running.
07 Apr, 2025 21:55:50 - Last modified time: 17
07 Apr, 2025 21:56:53 - 'Google Main Right Side' scraper is still running.
07 Apr, 2025 21:56:53 - Last modified time: 0
07 Apr, 2025 21:57:57 - 'Google Main Right Side' scraper is still running.
07 Apr, 2025 21:57:57 - Last modified time: 14
07 Apr, 2025 21:59:00 - 'Google Main Right Side' scraper is still running.
07 Apr, 2025 21:59:00 - Last modified time: 18
07 Apr, 2025 22:00:02 - 'Google Main Right Side' scraper is still running.
07 Apr, 2025 22:00:02 - Last modified time: 15
07 Apr, 2025 22:01:06 - 'Google Main Right Side' scraper is still running.
07 Apr, 2025 22:01:06 - Last modified time: 16
07 Apr, 2025 22:02:09 - 'Google Main Right Side' scraper is still running.
07 Apr, 2025 22:02:09 - Last modified time: 1
07 Apr, 2025 22:03:12 - 'Google Main Right Side' scraper is still running.
07 Apr, 2025 22:03:12 - Last modified time: 0
07 Apr, 2025 22:04:16 - 'Google Main Right Side' scraper is still running.
07 Apr, 2025 22:04:16 - Last modified time: 1
07 Apr, 2025 22:05:19 - 'Google Main Right Side' scraper is still running.
07 Apr, 2025 22:05:19 - Last modified time: 5
07 Apr, 2025 22:06:22 - 'Google Main Right Side' scraper is still running.
07 Apr, 2025 22:06:22 - Last modified time: 9
07 Apr, 2025 22:07:25 - 'Google Main Right Side' scraper is still running.
07 Apr, 2025 22:07:25 - Last modified time: 15
07 Apr, 2025 22:08:27 - 'Google Main Right Side' scraper is still running.
07 Apr, 2025 22:08:27 - Last modified time: 14
07 Apr, 2025 22:09:29 - 'Google Main Right Side' scraper is still running.
07 Apr, 2025 22:09:29 - Last modified time: 9
07 Apr, 2025 22:10:32 - 'Google Main Right Side' scraper is still running.
07 Apr, 2025 22:10:32 - Last modified time: 3
07 Apr, 2025 22:11:35 - 'Google Main Right Side' scraper is still running.
07 Apr, 2025 22:11:35 - Last modified time: 8
07 Apr, 2025 22:12:38 - 'Google Main Right Side' scraper is still running.
07 Apr, 2025 22:12:38 - Last modified time: 2
07 Apr, 2025 22:13:41 - 'Google Main Right Side' scraper is still running.
07 Apr, 2025 22:13:41 - Last modified time: 14
07 Apr, 2025 22:14:45 - 'Google Main Right Side' scraper is still running.
07 Apr, 2025 22:14:45 - Last modified time: 15
07 Apr, 2025 22:15:46 - 'Google Main Right Side' scraper is still running.
07 Apr, 2025 22:15:46 - Last modified time: 4
07 Apr, 2025 22:16:49 - 'Google Main Right Side' scraper is still running.
07 Apr, 2025 22:16:49 - Last modified time: 9
07 Apr, 2025 22:17:53 - 'Google Main Right Side' scraper is still running.
07 Apr, 2025 22:17:53 - Last modified time: 13
07 Apr, 2025 22:18:56 - 'Google Main Right Side' scraper is still running.
07 Apr, 2025 22:18:56 - Last modified time: 11
07 Apr, 2025 22:20:00 - 'Google Main Right Side' scraper is still running.
07 Apr, 2025 22:20:00 - Last modified time: 7
07 Apr, 2025 22:21:04 - 'Google Main Right Side' scraper is still running.
07 Apr, 2025 22:21:04 - Last modified time: 12
07 Apr, 2025 22:22:07 - 'Google Main Right Side' scraper is still running.
07 Apr, 2025 22:22:07 - Last modified time: 7
07 Apr, 2025 22:23:09 - 'Google Main Right Side' scraper is still running.
07 Apr, 2025 22:23:09 - Last modified time: 9
07 Apr, 2025 22:24:13 - 'Google Main Right Side' scraper is still running.
07 Apr, 2025 22:24:13 - Last modified time: 5
07 Apr, 2025 22:25:16 - 'Google Main Right Side' scraper is still running.
07 Apr, 2025 22:25:16 - Last modified time: 10
07 Apr, 2025 22:26:20 - 'Google Main Right Side' scraper is still running.
07 Apr, 2025 22:26:20 - Last modified time: 6
07 Apr, 2025 22:27:23 - 'Google Main Right Side' scraper is still running.
07 Apr, 2025 22:27:23 - Last modified time: 2
07 Apr, 2025 22:28:27 - 'Google Main Right Side' scraper is still running.
07 Apr, 2025 22:28:27 - Last modified time: 8
07 Apr, 2025 22:29:31 - 'Google Main Right Side' scraper is still running.
07 Apr, 2025 22:29:31 - Last modified time: 12
07 Apr, 2025 22:30:32 - 'Google Main Right Side' scraper is still running.
07 Apr, 2025 22:30:32 - Last modified time: 4
07 Apr, 2025 22:31:36 - 'Google Main Right Side' scraper is still running.
07 Apr, 2025 22:31:36 - Last modified time: 12
07 Apr, 2025 22:32:39 - 'Google Main Right Side' scraper is still running.
07 Apr, 2025 22:32:39 - Last modified time: 2
07 Apr, 2025 22:33:43 - 'Google Main Right Side' scraper is still running.
07 Apr, 2025 22:33:43 - Last modified time: 2
07 Apr, 2025 22:34:46 - 'Google Main Right Side' scraper is still running.
07 Apr, 2025 22:34:46 - Last modified time: 1
07 Apr, 2025 22:35:50 - 'Google Main Right Side' scraper is still running.
07 Apr, 2025 22:35:50 - Last modified time: 1
07 Apr, 2025 22:36:54 - 'Google Main Right Side' scraper is still running.
07 Apr, 2025 22:36:54 - Last modified time: 8
07 Apr, 2025 22:37:57 - 'Google Main Right Side' scraper is still running.
07 Apr, 2025 22:37:57 - Last modified time: 8
07 Apr, 2025 22:38:59 - 'Google Main Right Side' scraper is still running.
07 Apr, 2025 22:38:59 - Last modified time: 7
07 Apr, 2025 22:40:02 - 'Google Main Right Side' scraper is still running.
07 Apr, 2025 22:40:02 - Last modified time: 7
07 Apr, 2025 22:41:06 - 'Google Main Right Side' scraper is still running.
07 Apr, 2025 22:41:06 - Last modified time: 11
07 Apr, 2025 22:42:10 - 'Google Main Right Side' scraper is still running.
07 Apr, 2025 22:42:10 - Last modified time: 5
07 Apr, 2025 22:43:14 - 'Google Main Right Side' scraper is still running.
07 Apr, 2025 22:43:14 - Last modified time: 4
07 Apr, 2025 22:44:17 - 'Google Main Right Side' scraper is still running.
07 Apr, 2025 22:44:17 - Last modified time: 19
07 Apr, 2025 22:45:21 - 'Google Main Right Side' scraper is still running.
07 Apr, 2025 22:45:21 - Last modified time: 10
07 Apr, 2025 22:46:23 - 'Google Main Right Side' scraper is still running.
07 Apr, 2025 22:46:23 - Last modified time: 5
07 Apr, 2025 22:47:26 - 'Google Main Right Side' scraper is still running.
07 Apr, 2025 22:47:26 - Last modified time: 7
07 Apr, 2025 22:48:30 - 'Google Main Right Side' scraper is still running.
07 Apr, 2025 22:48:30 - Last modified time: 13
07 Apr, 2025 22:49:34 - 'Google Main Right Side' scraper is still running.
07 Apr, 2025 22:49:34 - Last modified time: 9
07 Apr, 2025 22:50:37 - 'Google Main Right Side' scraper is still running.
07 Apr, 2025 22:50:37 - Last modified time: 1
07 Apr, 2025 22:51:41 - 'Google Main Right Side' scraper is still running.
07 Apr, 2025 22:51:41 - Last modified time: 19
07 Apr, 2025 22:52:44 - 'Google Main Right Side' scraper is still running.
07 Apr, 2025 22:52:44 - Last modified time: 14
07 Apr, 2025 22:53:46 - 'Google Main Right Side' scraper is still running.
07 Apr, 2025 22:53:46 - Last modified time: 0
07 Apr, 2025 22:54:50 - 'Google Main Right Side' scraper is still running.
07 Apr, 2025 22:54:50 - Last modified time: 17
07 Apr, 2025 22:55:54 - 'Google Main Right Side' scraper is still running.
07 Apr, 2025 22:55:54 - Last modified time: 7
07 Apr, 2025 22:56:57 - 'Google Main Right Side' scraper is still running.
07 Apr, 2025 22:56:57 - Last modified time: 5
07 Apr, 2025 22:58:01 - 'Google Main Right Side' scraper is still running.
07 Apr, 2025 22:58:01 - Last modified time: 5
07 Apr, 2025 22:59:04 - 'Google Main Right Side' scraper is still running.
07 Apr, 2025 22:59:04 - Last modified time: 2
07 Apr, 2025 23:00:08 - 'Google Main Right Side' scraper is still running.
07 Apr, 2025 23:00:08 - Last modified time: 18
07 Apr, 2025 23:01:10 - 'Google Main Right Side' scraper is still running.
07 Apr, 2025 23:01:10 - Last modified time: 15
07 Apr, 2025 23:02:14 - 'Google Main Right Side' scraper is still running.
07 Apr, 2025 23:02:14 - Last modified time: 18
07 Apr, 2025 23:03:18 - 'Google Main Right Side' scraper is still running.
07 Apr, 2025 23:03:18 - Last modified time: 11
07 Apr, 2025 23:04:21 - 'Google Main Right Side' scraper is still running.
07 Apr, 2025 23:04:21 - Last modified time: 10
07 Apr, 2025 23:05:25 - 'Google Main Right Side' scraper is still running.
07 Apr, 2025 23:05:25 - Last modified time: 9
07 Apr, 2025 23:06:29 - 'Google Main Right Side' scraper is still running.
07 Apr, 2025 23:06:29 - Last modified time: 2
07 Apr, 2025 23:07:32 - 'Google Main Right Side' scraper is still running.
07 Apr, 2025 23:07:32 - Last modified time: 1
07 Apr, 2025 23:08:35 - 'Google Main Right Side' scraper is still running.
07 Apr, 2025 23:08:35 - Last modified time: 3
07 Apr, 2025 23:09:37 - 'Google Main Right Side' scraper is still running.
07 Apr, 2025 23:09:37 - Last modified time: 4
07 Apr, 2025 23:10:40 - 'Google Main Right Side' scraper is still running.
07 Apr, 2025 23:10:40 - Last modified time: 9
07 Apr, 2025 23:11:44 - 'Google Main Right Side' scraper is still running.
07 Apr, 2025 23:11:44 - Last modified time: 4
07 Apr, 2025 23:12:47 - 'Google Main Right Side' scraper is still running.
07 Apr, 2025 23:12:47 - Last modified time: 1
07 Apr, 2025 23:13:51 - 'Google Main Right Side' scraper is still running.
07 Apr, 2025 23:13:51 - Last modified time: 12
07 Apr, 2025 23:14:54 - 'Google Main Right Side' scraper is still running.
07 Apr, 2025 23:14:54 - Last modified time: 13
07 Apr, 2025 23:15:58 - 'Google Main Right Side' scraper is still running.
07 Apr, 2025 23:15:58 - Last modified time: 11
07 Apr, 2025 23:17:00 - 'Google Main Right Side' scraper is still running.
07 Apr, 2025 23:17:00 - Last modified time: 9
07 Apr, 2025 23:18:03 - 'Google Main Right Side' scraper is still running.
07 Apr, 2025 23:18:03 - Last modified time: 6
07 Apr, 2025 23:19:07 - 'Google Main Right Side' scraper is still running.
07 Apr, 2025 23:19:07 - Last modified time: 7
07 Apr, 2025 23:20:10 - 'Google Main Right Side' scraper is still running.
07 Apr, 2025 23:20:10 - Last modified time: 19
07 Apr, 2025 23:21:14 - 'Google Main Right Side' scraper is still running.
07 Apr, 2025 23:21:14 - Last modified time: 13
07 Apr, 2025 23:22:18 - 'Google Main Right Side' scraper is still running.
07 Apr, 2025 23:22:18 - Last modified time: 9
07 Apr, 2025 23:23:21 - 'Google Main Right Side' scraper is still running.
07 Apr, 2025 23:23:21 - Last modified time: 12
07 Apr, 2025 23:24:23 - 'Google Main Right Side' scraper is still running.
07 Apr, 2025 23:24:23 - Last modified time: 8
07 Apr, 2025 23:25:27 - 'Google Main Right Side' scraper is still running.
07 Apr, 2025 23:25:27 - Last modified time: 7
07 Apr, 2025 23:26:31 - 'Google Main Right Side' scraper is still running.
07 Apr, 2025 23:26:31 - Last modified time: 12
07 Apr, 2025 23:27:34 - 'Google Main Right Side' scraper is still running.
07 Apr, 2025 23:27:34 - Last modified time: 0
07 Apr, 2025 23:28:38 - 'Google Main Right Side' scraper is still running.
07 Apr, 2025 23:28:38 - Last modified time: 3
07 Apr, 2025 23:29:42 - 'Google Main Right Side' scraper is still running.
07 Apr, 2025 23:29:42 - Last modified time: 9
07 Apr, 2025 23:30:45 - 'Google Main Right Side' scraper is still running.
07 Apr, 2025 23:30:45 - Last modified time: 10
07 Apr, 2025 23:31:47 - 'Google Main Right Side' scraper is still running.
07 Apr, 2025 23:31:47 - Last modified time: 1
07 Apr, 2025 23:32:51 - 'Google Main Right Side' scraper is still running.
07 Apr, 2025 23:32:51 - Last modified time: 4
07 Apr, 2025 23:33:55 - 'Google Main Right Side' scraper is still running.
07 Apr, 2025 23:33:55 - Last modified time: 15
07 Apr, 2025 23:34:58 - 'Google Main Right Side' scraper is still running.
07 Apr, 2025 23:34:58 - Last modified time: 3
07 Apr, 2025 23:36:02 - 'Google Main Right Side' scraper is still running.
07 Apr, 2025 23:36:02 - Last modified time: 13
07 Apr, 2025 23:37:06 - 'Google Main Right Side' scraper is still running.
07 Apr, 2025 23:37:06 - Last modified time: 12
07 Apr, 2025 23:38:10 - 'Google Main Right Side' scraper is still running.
07 Apr, 2025 23:38:10 - Last modified time: 5
07 Apr, 2025 23:39:13 - 'Google Main Right Side' scraper is still running.
07 Apr, 2025 23:39:13 - Last modified time: 5
07 Apr, 2025 23:40:15 - 'Google Main Right Side' scraper is still running.
07 Apr, 2025 23:40:15 - Last modified time: 0
07 Apr, 2025 23:41:19 - 'Google Main Right Side' scraper is still running.
07 Apr, 2025 23:41:19 - Last modified time: 3
07 Apr, 2025 23:42:23 - 'Google Main Right Side' scraper is still running.
07 Apr, 2025 23:42:23 - Last modified time: 6
07 Apr, 2025 23:43:26 - 'Google Main Right Side' scraper is still running.
07 Apr, 2025 23:43:26 - Last modified time: 12
07 Apr, 2025 23:44:30 - 'Google Main Right Side' scraper is still running.
07 Apr, 2025 23:44:30 - Last modified time: 1
07 Apr, 2025 23:45:34 - 'Google Main Right Side' scraper is still running.
07 Apr, 2025 23:45:34 - Last modified time: 12
07 Apr, 2025 23:46:38 - 'Google Main Right Side' scraper is still running.
07 Apr, 2025 23:46:38 - Last modified time: 4
07 Apr, 2025 23:47:40 - 'Google Main Right Side' scraper is still running.
07 Apr, 2025 23:47:40 - Last modified time: 2
07 Apr, 2025 23:48:44 - 'Google Main Right Side' scraper is still running.
07 Apr, 2025 23:48:44 - Last modified time: 19
07 Apr, 2025 23:49:47 - 'Google Main Right Side' scraper is still running.
07 Apr, 2025 23:49:47 - Last modified time: 7
07 Apr, 2025 23:50:51 - 'Google Main Right Side' scraper is still running.
07 Apr, 2025 23:50:51 - Last modified time: 5
07 Apr, 2025 23:51:55 - 'Google Main Right Side' scraper is still running.
07 Apr, 2025 23:51:55 - Last modified time: 5
07 Apr, 2025 23:52:58 - 'Google Main Right Side' scraper is still running.
07 Apr, 2025 23:52:58 - Last modified time: 7
07 Apr, 2025 23:54:02 - 'Google Main Right Side' scraper is still running.
07 Apr, 2025 23:54:02 - Last modified time: 19
07 Apr, 2025 23:55:04 - 'Google Main Right Side' scraper is still running.
07 Apr, 2025 23:55:04 - Last modified time: 10
07 Apr, 2025 23:56:07 - 'Google Main Right Side' scraper is still running.
07 Apr, 2025 23:56:08 - Last modified time: 2
07 Apr, 2025 23:57:11 - 'Google Main Right Side' scraper is still running.
07 Apr, 2025 23:57:11 - Last modified time: 7
07 Apr, 2025 23:58:15 - 'Google Main Right Side' scraper is still running.
07 Apr, 2025 23:58:15 - Last modified time: 6
07 Apr, 2025 23:59:19 - 'Google Main Right Side' scraper is still running.
07 Apr, 2025 23:59:19 - Last modified time: 9
08 Apr, 2025 00:00:22 - 'Google Main Right Side' scraper is still running.
08 Apr, 2025 00:00:22 - Last modified time: 3
08 Apr, 2025 00:01:26 - 'Google Main Right Side' scraper is still running.
08 Apr, 2025 00:01:26 - Last modified time: 16
08 Apr, 2025 00:02:28 - 'Google Main Right Side' scraper is still running.
08 Apr, 2025 00:02:28 - Last modified time: 12
08 Apr, 2025 00:03:32 - 'Google Main Right Side' scraper is still running.
08 Apr, 2025 00:03:32 - Last modified time: 10
08 Apr, 2025 00:04:36 - 'Google Main Right Side' scraper is still running.
08 Apr, 2025 00:04:36 - Last modified time: 8
08 Apr, 2025 00:05:39 - 'Google Main Right Side' scraper is still running.
08 Apr, 2025 00:05:39 - Last modified time: 5
08 Apr, 2025 00:06:40 - 'Google Main Right Side' scraper is still running.
08 Apr, 2025 00:06:40 - Last modified time: 13
08 Apr, 2025 00:07:43 - 'Google Main Right Side' scraper is still running.
08 Apr, 2025 00:07:43 - Last modified time: 6
08 Apr, 2025 00:08:46 - 'Google Main Right Side' scraper is still running.
08 Apr, 2025 00:08:46 - Last modified time: 7
08 Apr, 2025 00:09:48 - 'Google Main Right Side' scraper is still running.
08 Apr, 2025 00:09:48 - Last modified time: 7
08 Apr, 2025 00:10:50 - 'Google Main Right Side' scraper is still running.
08 Apr, 2025 00:10:50 - Last modified time: 3
08 Apr, 2025 00:11:52 - 'Google Main Right Side' scraper is still running.
08 Apr, 2025 00:11:52 - Last modified time: 10
08 Apr, 2025 00:12:54 - 'Google Main Right Side' scraper is still running.
08 Apr, 2025 00:12:54 - Last modified time: 10
08 Apr, 2025 00:13:56 - 'Google Main Right Side' scraper is still running.
08 Apr, 2025 00:13:56 - Last modified time: 3
08 Apr, 2025 00:14:58 - 'Google Main Right Side' scraper is still running.
08 Apr, 2025 00:14:58 - Last modified time: 16
08 Apr, 2025 00:16:01 - 'Google Main Right Side' scraper is still running.
08 Apr, 2025 00:16:01 - Last modified time: 12
08 Apr, 2025 00:17:03 - 'Google Main Right Side' scraper is still running.
08 Apr, 2025 00:17:03 - Last modified time: 6
08 Apr, 2025 00:18:06 - 'Google Main Right Side' scraper is still running.
08 Apr, 2025 00:18:06 - Last modified time: 17
08 Apr, 2025 00:19:08 - 'Google Main Right Side' scraper is still running.
08 Apr, 2025 00:19:08 - Last modified time: 10
08 Apr, 2025 00:20:11 - 'Google Main Right Side' scraper is still running.
08 Apr, 2025 00:20:11 - Last modified time: 5
08 Apr, 2025 00:21:13 - 'Google Main Right Side' scraper is still running.
08 Apr, 2025 00:21:13 - Last modified time: 4
08 Apr, 2025 00:22:15 - 'Google Main Right Side' scraper is still running.
08 Apr, 2025 00:22:15 - Last modified time: 14
08 Apr, 2025 00:23:17 - 'Google Main Right Side' scraper is still running.
08 Apr, 2025 00:23:17 - Last modified time: 0
08 Apr, 2025 00:24:20 - 'Google Main Right Side' scraper is still running.
08 Apr, 2025 00:24:20 - Last modified time: 14
08 Apr, 2025 00:25:23 - 'Google Main Right Side' scraper is still running.
08 Apr, 2025 00:25:23 - Last modified time: 19
08 Apr, 2025 00:26:27 - 'Google Main Right Side' scraper is still running.
08 Apr, 2025 00:26:27 - Last modified time: 15
08 Apr, 2025 00:27:30 - 'Google Main Right Side' scraper is still running.
08 Apr, 2025 00:27:30 - Last modified time: 11
08 Apr, 2025 00:28:34 - 'Google Main Right Side' scraper is still running.
08 Apr, 2025 00:28:34 - Last modified time: 8
08 Apr, 2025 00:29:36 - 'Google Main Right Side' scraper is still running.
08 Apr, 2025 00:29:36 - Last modified time: 9
08 Apr, 2025 00:30:39 - 'Google Main Right Side' scraper is still running.
08 Apr, 2025 00:30:39 - Last modified time: 14
08 Apr, 2025 00:31:42 - 'Google Main Right Side' scraper is still running.
08 Apr, 2025 00:31:42 - Last modified time: 13
08 Apr, 2025 00:32:46 - 'Google Main Right Side' scraper is still running.
08 Apr, 2025 00:32:46 - Last modified time: 6
08 Apr, 2025 00:33:49 - 'Google Main Right Side' scraper is still running.
08 Apr, 2025 00:33:49 - Last modified time: 17
08 Apr, 2025 00:34:52 - 'Google Main Right Side' scraper is still running.
08 Apr, 2025 00:34:53 - Last modified time: 6
08 Apr, 2025 00:35:56 - 'Google Main Right Side' scraper is still running.
08 Apr, 2025 00:35:56 - Last modified time: 2
08 Apr, 2025 00:36:57 - 'Google Main Right Side' scraper is still running.
08 Apr, 2025 00:36:57 - Last modified time: 0
08 Apr, 2025 00:38:01 - 'Google Main Right Side' scraper is still running.
08 Apr, 2025 00:38:01 - Last modified time: 16
08 Apr, 2025 00:39:05 - 'Google Main Right Side' scraper is still running.
08 Apr, 2025 00:39:05 - Last modified time: 11
08 Apr, 2025 00:40:08 - 'Google Main Right Side' scraper is still running.
08 Apr, 2025 00:40:08 - Last modified time: 7
08 Apr, 2025 00:41:11 - 'Google Main Right Side' scraper is still running.
08 Apr, 2025 00:41:11 - Last modified time: 19
08 Apr, 2025 00:42:15 - 'Google Main Right Side' scraper is still running.
08 Apr, 2025 00:42:15 - Last modified time: 6
08 Apr, 2025 00:43:18 - 'Google Main Right Side' scraper is still running.
08 Apr, 2025 00:43:18 - Last modified time: 5
08 Apr, 2025 00:44:20 - 'Google Main Right Side' scraper is still running.
08 Apr, 2025 00:44:20 - Last modified time: 1
08 Apr, 2025 00:45:24 - 'Google Main Right Side' scraper is still running.
08 Apr, 2025 00:45:24 - Last modified time: 5
08 Apr, 2025 00:46:27 - 'Google Main Right Side' scraper is still running.
08 Apr, 2025 00:46:28 - Last modified time: 17
08 Apr, 2025 00:47:32 - 'Google Main Right Side' scraper is still running.
08 Apr, 2025 00:47:32 - Last modified time: 14
08 Apr, 2025 00:48:35 - 'Google Main Right Side' scraper is still running.
08 Apr, 2025 00:48:36 - Last modified time: 15
08 Apr, 2025 00:49:39 - 'Google Main Right Side' scraper is still running.
08 Apr, 2025 00:49:39 - Last modified time: 12
08 Apr, 2025 00:50:43 - 'Google Main Right Side' scraper is still running.
08 Apr, 2025 00:50:43 - Last modified time: 13
08 Apr, 2025 00:51:47 - 'Google Main Right Side' scraper is still running.
08 Apr, 2025 00:51:47 - Last modified time: 9
08 Apr, 2025 00:52:49 - 'Google Main Right Side' scraper is still running.
08 Apr, 2025 00:52:49 - Last modified time: 6
08 Apr, 2025 00:53:53 - 'Google Main Right Side' scraper is still running.
08 Apr, 2025 00:53:53 - Last modified time: 7
08 Apr, 2025 00:54:57 - 'Google Main Right Side' scraper is still running.
08 Apr, 2025 00:54:57 - Last modified time: 9
08 Apr, 2025 00:56:00 - 'Google Main Right Side' scraper is still running.
08 Apr, 2025 00:56:00 - Last modified time: 9
08 Apr, 2025 00:57:04 - 'Google Main Right Side' scraper is still running.
08 Apr, 2025 00:57:04 - Last modified time: 10
08 Apr, 2025 00:58:08 - 'Google Main Right Side' scraper is still running.
08 Apr, 2025 00:58:08 - Last modified time: 1
08 Apr, 2025 00:59:12 - 'Google Main Right Side' scraper is still running.
08 Apr, 2025 00:59:12 - Last modified time: 9
08 Apr, 2025 01:00:14 - 'Google Main Right Side' scraper is still running.
08 Apr, 2025 01:00:14 - Last modified time: 0
08 Apr, 2025 01:01:18 - 'Google Main Right Side' scraper is still running.
08 Apr, 2025 01:01:18 - Last modified time: 11
08 Apr, 2025 01:02:21 - 'Google Main Right Side' scraper is still running.
08 Apr, 2025 01:02:21 - Last modified time: 9
08 Apr, 2025 01:03:25 - 'Google Main Right Side' scraper is still running.
08 Apr, 2025 01:03:25 - Last modified time: 9
08 Apr, 2025 01:04:29 - 'Google Main Right Side' scraper is still running.
08 Apr, 2025 01:04:29 - Last modified time: 12
08 Apr, 2025 01:05:33 - 'Google Main Right Side' scraper is still running.
08 Apr, 2025 01:05:33 - Last modified time: 5
08 Apr, 2025 01:06:37 - 'Google Main Right Side' scraper is still running.
08 Apr, 2025 01:06:37 - Last modified time: 12
08 Apr, 2025 01:07:39 - 'Google Main Right Side' scraper is still running.
08 Apr, 2025 01:07:39 - Last modified time: 13
08 Apr, 2025 01:08:43 - 'Google Main Right Side' scraper is still running.
08 Apr, 2025 01:08:43 - Last modified time: 8
08 Apr, 2025 01:09:47 - 'Google Main Right Side' scraper is still running.
08 Apr, 2025 01:09:47 - Last modified time: 11
08 Apr, 2025 01:10:47 - 'Google Main Right Side' scraper is still running.
08 Apr, 2025 01:10:47 - Last modified time: 15
08 Apr, 2025 01:11:47 - 'Google Main Right Side' scraper is still running.
08 Apr, 2025 01:11:47 - Last modified time: 1
08 Apr, 2025 01:12:47 - 'Google Main Right Side' scraper is still running.
08 Apr, 2025 01:12:47 - Last modified time: 6
08 Apr, 2025 01:13:47 - 'Google Main Right Side' scraper is still running.
08 Apr, 2025 01:13:47 - Last modified time: 13
08 Apr, 2025 01:14:47 - 'Google Main Right Side' scraper is still running.
08 Apr, 2025 01:14:47 - Last modified time: 4
08 Apr, 2025 01:15:47 - 'Google Main Right Side' scraper is still running.
08 Apr, 2025 01:15:47 - Last modified time: 7
08 Apr, 2025 01:16:47 - 'Google Main Right Side' scraper is still running.
08 Apr, 2025 01:16:47 - Last modified time: 17
08 Apr, 2025 01:17:47 - 'Google Main Right Side' scraper is still running.
08 Apr, 2025 01:17:47 - Last modified time: 8
08 Apr, 2025 01:18:47 - 'Google Main Right Side' scraper is still running.
08 Apr, 2025 01:18:47 - Last modified time: 7
08 Apr, 2025 01:19:48 - 'Google Main Right Side' scraper is still running.
08 Apr, 2025 01:19:48 - Last modified time: 2
08 Apr, 2025 01:20:48 - 'Google Main Right Side' scraper is still running.
08 Apr, 2025 01:20:48 - Last modified time: 2
08 Apr, 2025 01:21:48 - 'Google Main Right Side' scraper is still running.
08 Apr, 2025 01:21:48 - Last modified time: 10
08 Apr, 2025 01:22:48 - 'Google Main Right Side' scraper is still running.
08 Apr, 2025 01:22:49 - Last modified time: 0
08 Apr, 2025 01:23:50 - 'Google Main Right Side' scraper is still running.
08 Apr, 2025 01:23:50 - Last modified time: 8
08 Apr, 2025 01:24:50 - 'Google Main Right Side' scraper is still running.
08 Apr, 2025 01:24:50 - Last modified time: 7
08 Apr, 2025 01:25:52 - 'Google Main Right Side' scraper is still running.
08 Apr, 2025 01:25:52 - Last modified time: 17
08 Apr, 2025 01:26:54 - 'Google Main Right Side' scraper is still running.
08 Apr, 2025 01:26:55 - Last modified time: 8
08 Apr, 2025 01:27:56 - 'Google Main Right Side' scraper is still running.
08 Apr, 2025 01:27:56 - Last modified time: 7
08 Apr, 2025 01:28:58 - 'Google Main Right Side' scraper is still running.
08 Apr, 2025 01:28:58 - Last modified time: 4
08 Apr, 2025 01:30:01 - 'Google Main Right Side' scraper is still running.
08 Apr, 2025 01:30:01 - Last modified time: 12
08 Apr, 2025 01:31:04 - 'Google Main Right Side' scraper is still running.
08 Apr, 2025 01:31:04 - Last modified time: 2
08 Apr, 2025 01:32:07 - 'Google Main Right Side' scraper is still running.
08 Apr, 2025 01:32:07 - Last modified time: 11
08 Apr, 2025 01:33:09 - 'Google Main Right Side' scraper is still running.
08 Apr, 2025 01:33:09 - Last modified time: 3
08 Apr, 2025 01:34:12 - 'Google Main Right Side' scraper is still running.
08 Apr, 2025 01:34:12 - Last modified time: 14
08 Apr, 2025 01:35:16 - 'Google Main Right Side' scraper is still running.
08 Apr, 2025 01:35:16 - Last modified time: 6
08 Apr, 2025 01:36:17 - 'Google Main Right Side' scraper is still running.
08 Apr, 2025 01:36:17 - Last modified time: 6
08 Apr, 2025 01:37:21 - 'Google Main Right Side' scraper is still running.
08 Apr, 2025 01:37:21 - Last modified time: 1
08 Apr, 2025 01:38:25 - 'Google Main Right Side' scraper is still running.
08 Apr, 2025 01:38:25 - Last modified time: 1
08 Apr, 2025 01:39:29 - 'Google Main Right Side' scraper is still running.
08 Apr, 2025 01:39:29 - Last modified time: 2
08 Apr, 2025 01:40:32 - 'Google Main Right Side' scraper is still running.
08 Apr, 2025 01:40:32 - Last modified time: 3
08 Apr, 2025 01:41:36 - 'Google Main Right Side' scraper is still running.
08 Apr, 2025 01:41:36 - Last modified time: 20
08 Apr, 2025 01:42:39 - 'Google Main Right Side' scraper is still running.
08 Apr, 2025 01:42:39 - Last modified time: 13
08 Apr, 2025 01:43:40 - 'Google Main Right Side' scraper is still running.
08 Apr, 2025 01:43:40 - Last modified time: 15
08 Apr, 2025 01:44:44 - 'Google Main Right Side' scraper is still running.
08 Apr, 2025 01:44:44 - Last modified time: 16
08 Apr, 2025 01:45:47 - 'Google Main Right Side' scraper is still running.
08 Apr, 2025 01:45:47 - Last modified time: 3
08 Apr, 2025 01:46:50 - 'Google Main Right Side' scraper is still running.
08 Apr, 2025 01:46:50 - Last modified time: 14
08 Apr, 2025 01:47:54 - 'Google Main Right Side' scraper is still running.
08 Apr, 2025 01:47:54 - Last modified time: 12
08 Apr, 2025 01:48:57 - 'Google Main Right Side' scraper is still running.
08 Apr, 2025 01:48:57 - Last modified time: 14
08 Apr, 2025 01:50:01 - 'Google Main Right Side' scraper is still running.
08 Apr, 2025 01:50:01 - Last modified time: 12
08 Apr, 2025 01:51:02 - 'Google Main Right Side' scraper is still running.
08 Apr, 2025 01:51:02 - Last modified time: 5
08 Apr, 2025 01:52:06 - 'Google Main Right Side' scraper is still running.
08 Apr, 2025 01:52:06 - Last modified time: 8
08 Apr, 2025 01:53:09 - 'Google Main Right Side' scraper is still running.
08 Apr, 2025 01:53:09 - Last modified time: 10
08 Apr, 2025 01:54:13 - 'Google Main Right Side' scraper is still running.
08 Apr, 2025 01:54:13 - Last modified time: 6
08 Apr, 2025 01:55:17 - 'Google Main Right Side' scraper is still running.
08 Apr, 2025 01:55:17 - Last modified time: 8
08 Apr, 2025 01:56:21 - 'Google Main Right Side' scraper is still running.
08 Apr, 2025 01:56:21 - Last modified time: 13
08 Apr, 2025 01:57:26 - 'Google Main Right Side' scraper is still running.
08 Apr, 2025 01:57:26 - Last modified time: 12
08 Apr, 2025 01:58:28 - 'Google Main Right Side' scraper is still running.
08 Apr, 2025 01:58:28 - Last modified time: 16
08 Apr, 2025 01:59:32 - 'Google Main Right Side' scraper is still running.
08 Apr, 2025 01:59:32 - Last modified time: 0
08 Apr, 2025 02:00:36 - 'Google Main Right Side' scraper is still running.
08 Apr, 2025 02:00:36 - Last modified time: 18
08 Apr, 2025 02:01:40 - 'Google Main Right Side' scraper is still running.
08 Apr, 2025 02:01:40 - Last modified time: 12
08 Apr, 2025 02:02:44 - 'Google Main Right Side' scraper is still running.
08 Apr, 2025 02:02:44 - Last modified time: 15
08 Apr, 2025 02:03:47 - 'Google Main Right Side' scraper is still running.
08 Apr, 2025 02:03:47 - Last modified time: 2
08 Apr, 2025 02:04:51 - 'Google Main Right Side' scraper is still running.
08 Apr, 2025 02:04:51 - Last modified time: 15
08 Apr, 2025 02:05:54 - 'Google Main Right Side' scraper is still running.
08 Apr, 2025 02:05:54 - Last modified time: 5
08 Apr, 2025 02:06:56 - 'Google Main Right Side' scraper is still running.
08 Apr, 2025 02:06:56 - Last modified time: 9
08 Apr, 2025 02:08:00 - 'Google Main Right Side' scraper is still running.
08 Apr, 2025 02:08:00 - Last modified time: 8
08 Apr, 2025 02:09:03 - 'Google Main Right Side' scraper is still running.
08 Apr, 2025 02:09:03 - Last modified time: 10
08 Apr, 2025 02:10:07 - 'Google Main Right Side' scraper is still running.
08 Apr, 2025 02:10:07 - Last modified time: 14
08 Apr, 2025 02:11:11 - 'Google Main Right Side' scraper is still running.
08 Apr, 2025 02:11:11 - Last modified time: 16
08 Apr, 2025 02:12:14 - 'Google Main Right Side' scraper is still running.
08 Apr, 2025 02:12:14 - Last modified time: 1
08 Apr, 2025 02:13:18 - 'Google Main Right Side' scraper is still running.
08 Apr, 2025 02:13:18 - Last modified time: 10
08 Apr, 2025 02:14:20 - 'Google Main Right Side' scraper is still running.
08 Apr, 2025 02:14:20 - Last modified time: 2
08 Apr, 2025 02:15:24 - 'Google Main Right Side' scraper is still running.
08 Apr, 2025 02:15:24 - Last modified time: 3
08 Apr, 2025 02:16:28 - 'Google Main Right Side' scraper is still running.
08 Apr, 2025 02:16:28 - Last modified time: 16
08 Apr, 2025 02:17:31 - 'Google Main Right Side' scraper is still running.
08 Apr, 2025 02:17:31 - Last modified time: 9
08 Apr, 2025 02:18:35 - 'Google Main Right Side' scraper is still running.
08 Apr, 2025 02:18:35 - Last modified time: 11
08 Apr, 2025 02:19:39 - 'Google Main Right Side' scraper is still running.
08 Apr, 2025 02:19:39 - Last modified time: 12
08 Apr, 2025 02:20:43 - 'Google Main Right Side' scraper is still running.
08 Apr, 2025 02:20:43 - Last modified time: 15
08 Apr, 2025 02:21:45 - 'Google Main Right Side' scraper is still running.
08 Apr, 2025 02:21:45 - Last modified time: 17
08 Apr, 2025 02:22:49 - 'Google Main Right Side' scraper is still running.
08 Apr, 2025 02:22:49 - Last modified time: -1
08 Apr, 2025 02:23:53 - 'Google Main Right Side' scraper is still running.
08 Apr, 2025 02:23:53 - Last modified time: 3
08 Apr, 2025 02:24:58 - 'Google Main Right Side' scraper is still running.
08 Apr, 2025 02:24:58 - Last modified time: 13
08 Apr, 2025 02:26:02 - 'Google Main Right Side' scraper is still running.
08 Apr, 2025 02:26:02 - Last modified time: 10
08 Apr, 2025 02:27:06 - 'Google Main Right Side' scraper is still running.
08 Apr, 2025 02:27:06 - Last modified time: 11
08 Apr, 2025 02:28:10 - 'Google Main Right Side' scraper is still running.
08 Apr, 2025 02:28:10 - Last modified time: 3
08 Apr, 2025 02:29:12 - 'Google Main Right Side' scraper is still running.
08 Apr, 2025 02:29:12 - Last modified time: 3
08 Apr, 2025 02:30:16 - 'Google Main Right Side' scraper is still running.
08 Apr, 2025 02:30:16 - Last modified time: 0
08 Apr, 2025 02:31:20 - 'Google Main Right Side' scraper is still running.
08 Apr, 2025 02:31:20 - Last modified time: 11
08 Apr, 2025 02:32:25 - 'Google Main Right Side' scraper is still running.
08 Apr, 2025 02:32:25 - Last modified time: 14
08 Apr, 2025 02:33:29 - 'Google Main Right Side' scraper is still running.
08 Apr, 2025 02:33:29 - Last modified time: 17
08 Apr, 2025 02:34:33 - 'Google Main Right Side' scraper is still running.
08 Apr, 2025 02:34:33 - Last modified time: 4
08 Apr, 2025 02:35:37 - 'Google Main Right Side' scraper is still running.
08 Apr, 2025 02:35:37 - Last modified time: 8
08 Apr, 2025 02:36:41 - 'Google Main Right Side' scraper is still running.
08 Apr, 2025 02:36:41 - Last modified time: 16
08 Apr, 2025 02:37:43 - 'Google Main Right Side' scraper is still running.
08 Apr, 2025 02:37:43 - Last modified time: 4
08 Apr, 2025 02:38:47 - 'Google Main Right Side' scraper is still running.
08 Apr, 2025 02:38:47 - Last modified time: 19
08 Apr, 2025 02:39:52 - 'Google Main Right Side' scraper is still running.
08 Apr, 2025 02:39:52 - Last modified time: 19
08 Apr, 2025 02:40:56 - 'Google Main Right Side' scraper is still running.
08 Apr, 2025 02:40:56 - Last modified time: 15
08 Apr, 2025 02:42:00 - 'Google Main Right Side' scraper is still running.
08 Apr, 2025 02:42:00 - Last modified time: 9
08 Apr, 2025 02:43:04 - 'Google Main Right Side' scraper is still running.
08 Apr, 2025 02:43:04 - Last modified time: 5
08 Apr, 2025 02:44:08 - 'Google Main Right Side' scraper is still running.
08 Apr, 2025 02:44:08 - Last modified time: 11
08 Apr, 2025 02:45:10 - 'Google Main Right Side' scraper is still running.
08 Apr, 2025 02:45:10 - Last modified time: 15
08 Apr, 2025 02:46:14 - 'Google Main Right Side' scraper is still running.
08 Apr, 2025 02:46:14 - Last modified time: 15
08 Apr, 2025 02:47:18 - 'Google Main Right Side' scraper is still running.
08 Apr, 2025 02:47:18 - Last modified time: 4
08 Apr, 2025 02:48:22 - 'Google Main Right Side' scraper is still running.
08 Apr, 2025 02:48:22 - Last modified time: 4
08 Apr, 2025 02:49:26 - 'Google Main Right Side' scraper is still running.
08 Apr, 2025 02:49:26 - Last modified time: 10
08 Apr, 2025 02:50:30 - 'Google Main Right Side' scraper is still running.
08 Apr, 2025 02:50:30 - Last modified time: 14
08 Apr, 2025 02:51:34 - 'Google Main Right Side' scraper is still running.
08 Apr, 2025 02:51:34 - Last modified time: 6
08 Apr, 2025 02:52:36 - 'Google Main Right Side' scraper is still running.
08 Apr, 2025 02:52:36 - Last modified time: 10
08 Apr, 2025 02:53:40 - 'Google Main Right Side' scraper is still running.
08 Apr, 2025 02:53:40 - Last modified time: 11
08 Apr, 2025 02:54:44 - 'Google Main Right Side' scraper is still running.
08 Apr, 2025 02:54:44 - Last modified time: 17
08 Apr, 2025 02:55:48 - 'Google Main Right Side' scraper is still running.
08 Apr, 2025 02:55:48 - Last modified time: 1
08 Apr, 2025 02:56:52 - 'Google Main Right Side' scraper is still running.
08 Apr, 2025 02:56:52 - Last modified time: 11
08 Apr, 2025 02:57:56 - 'Google Main Right Side' scraper is still running.
08 Apr, 2025 02:57:56 - Last modified time: 1
08 Apr, 2025 02:59:00 - 'Google Main Right Side' scraper is still running.
08 Apr, 2025 02:59:00 - Last modified time: 1
08 Apr, 2025 03:00:02 - 'Google Main Right Side' scraper is still running.
08 Apr, 2025 03:00:02 - Last modified time: 5
08 Apr, 2025 03:01:07 - 'Google Main Right Side' scraper is still running.
08 Apr, 2025 03:01:07 - Last modified time: 13
08 Apr, 2025 03:02:11 - 'Google Main Right Side' scraper is still running.
08 Apr, 2025 03:02:11 - Last modified time: 2
08 Apr, 2025 03:03:15 - 'Google Main Right Side' scraper is still running.
08 Apr, 2025 03:03:15 - Last modified time: 17
08 Apr, 2025 03:04:19 - 'Google Main Right Side' scraper is still running.
08 Apr, 2025 03:04:19 - Last modified time: 9
08 Apr, 2025 03:05:23 - 'Google Main Right Side' scraper is still running.
08 Apr, 2025 03:05:23 - Last modified time: 13
08 Apr, 2025 03:06:27 - 'Google Main Right Side' scraper is still running.
08 Apr, 2025 03:06:27 - Last modified time: 2
08 Apr, 2025 03:07:31 - 'Google Main Right Side' scraper is still running.
08 Apr, 2025 03:07:31 - Last modified time: 9
08 Apr, 2025 03:08:33 - 'Google Main Right Side' scraper is still running.
08 Apr, 2025 03:08:33 - Last modified time: 7
08 Apr, 2025 03:09:37 - 'Google Main Right Side' scraper is still running.
08 Apr, 2025 03:09:37 - Last modified time: 10
08 Apr, 2025 03:10:41 - 'Google Main Right Side' scraper is still running.
08 Apr, 2025 03:10:41 - Last modified time: 8
08 Apr, 2025 03:11:45 - 'Google Main Right Side' scraper is still running.
08 Apr, 2025 03:11:45 - Last modified time: 13
08 Apr, 2025 03:12:49 - 'Google Main Right Side' scraper is still running.
08 Apr, 2025 03:12:49 - Last modified time: 2
08 Apr, 2025 03:13:53 - 'Google Main Right Side' scraper is still running.
08 Apr, 2025 03:13:53 - Last modified time: 16
08 Apr, 2025 03:14:57 - 'Google Main Right Side' scraper is still running.
08 Apr, 2025 03:14:57 - Last modified time: 1
08 Apr, 2025 03:15:59 - 'Google Main Right Side' scraper is still running.
08 Apr, 2025 03:15:59 - Last modified time: 8
08 Apr, 2025 03:17:04 - 'Google Main Right Side' scraper is still running.
08 Apr, 2025 03:17:04 - Last modified time: 4
08 Apr, 2025 03:18:08 - 'Google Main Right Side' scraper is still running.
08 Apr, 2025 03:18:08 - Last modified time: 4
08 Apr, 2025 03:19:11 - 'Google Main Right Side' scraper is still running.
08 Apr, 2025 03:19:11 - Last modified time: 1
08 Apr, 2025 03:20:16 - 'Google Main Right Side' scraper is still running.
08 Apr, 2025 03:20:16 - Last modified time: 11
08 Apr, 2025 03:21:20 - 'Google Main Right Side' scraper is still running.
08 Apr, 2025 03:21:20 - Last modified time: 16
08 Apr, 2025 03:22:24 - 'Google Main Right Side' scraper is still running.
08 Apr, 2025 03:22:24 - Last modified time: 10
08 Apr, 2025 03:23:26 - 'Google Main Right Side' scraper is still running.
08 Apr, 2025 03:23:26 - Last modified time: 5
08 Apr, 2025 03:24:30 - 'Google Main Right Side' scraper is still running.
08 Apr, 2025 03:24:30 - Last modified time: 2
08 Apr, 2025 03:25:34 - 'Google Main Right Side' scraper is still running.
08 Apr, 2025 03:25:34 - Last modified time: 14
08 Apr, 2025 03:26:38 - 'Google Main Right Side' scraper is still running.
08 Apr, 2025 03:26:39 - Last modified time: 13
08 Apr, 2025 03:27:43 - 'Google Main Right Side' scraper is still running.
08 Apr, 2025 03:27:43 - Last modified time: 10
08 Apr, 2025 03:28:47 - 'Google Main Right Side' scraper is still running.
08 Apr, 2025 03:28:47 - Last modified time: 12
08 Apr, 2025 03:29:51 - 'Google Main Right Side' scraper is still running.
08 Apr, 2025 03:29:51 - Last modified time: 8
08 Apr, 2025 03:30:53 - 'Google Main Right Side' scraper is still running.
08 Apr, 2025 03:30:53 - Last modified time: 7
08 Apr, 2025 03:31:57 - 'Google Main Right Side' scraper is still running.
08 Apr, 2025 03:31:57 - Last modified time: 5
08 Apr, 2025 03:33:01 - 'Google Main Right Side' scraper is still running.
08 Apr, 2025 03:33:01 - Last modified time: 10
08 Apr, 2025 03:34:05 - 'Google Main Right Side' scraper is still running.
08 Apr, 2025 03:34:05 - Last modified time: 7
08 Apr, 2025 03:35:09 - 'Google Main Right Side' scraper is still running.
08 Apr, 2025 03:35:09 - Last modified time: 3
08 Apr, 2025 03:36:13 - 'Google Main Right Side' scraper is still running.
08 Apr, 2025 03:36:13 - Last modified time: 7
08 Apr, 2025 03:37:17 - 'Google Main Right Side' scraper is still running.
08 Apr, 2025 03:37:17 - Last modified time: 3
08 Apr, 2025 03:38:21 - 'Google Main Right Side' scraper is still running.
08 Apr, 2025 03:38:21 - Last modified time: 7
08 Apr, 2025 03:39:23 - 'Google Main Right Side' scraper is still running.
08 Apr, 2025 03:39:23 - Last modified time: 6
08 Apr, 2025 03:40:27 - 'Google Main Right Side' scraper is still running.
08 Apr, 2025 03:40:27 - Last modified time: 12
08 Apr, 2025 03:41:32 - 'Google Main Right Side' scraper is still running.
08 Apr, 2025 03:41:32 - Last modified time: 6
08 Apr, 2025 03:42:36 - 'Google Main Right Side' scraper is still running.
08 Apr, 2025 03:42:36 - Last modified time: 9
08 Apr, 2025 03:43:40 - 'Google Main Right Side' scraper is still running.
08 Apr, 2025 03:43:40 - Last modified time: 10
08 Apr, 2025 03:44:44 - 'Google Main Right Side' scraper is still running.
08 Apr, 2025 03:44:44 - Last modified time: 3
08 Apr, 2025 03:45:48 - 'Google Main Right Side' scraper is still running.
08 Apr, 2025 03:45:48 - Last modified time: 3
08 Apr, 2025 03:46:50 - 'Google Main Right Side' scraper is still running.
08 Apr, 2025 03:46:50 - Last modified time: 9
08 Apr, 2025 03:47:54 - 'Google Main Right Side' scraper is still running.
08 Apr, 2025 03:47:54 - Last modified time: 1
08 Apr, 2025 03:48:58 - 'Google Main Right Side' scraper is still running.
08 Apr, 2025 03:48:58 - Last modified time: 17
08 Apr, 2025 03:50:02 - 'Google Main Right Side' scraper is still running.
08 Apr, 2025 03:50:02 - Last modified time: 8
08 Apr, 2025 03:51:06 - 'Google Main Right Side' scraper is still running.
08 Apr, 2025 03:51:06 - Last modified time: 3
08 Apr, 2025 03:52:10 - 'Google Main Right Side' scraper is still running.
08 Apr, 2025 03:52:10 - Last modified time: 9
08 Apr, 2025 03:53:14 - 'Google Main Right Side' scraper is still running.
08 Apr, 2025 03:53:14 - Last modified time: 8
08 Apr, 2025 03:54:16 - 'Google Main Right Side' scraper is still running.
08 Apr, 2025 03:54:16 - Last modified time: 1
08 Apr, 2025 03:55:20 - 'Google Main Right Side' scraper is still running.
08 Apr, 2025 03:55:20 - Last modified time: 15
08 Apr, 2025 03:56:23 - 'Google Main Right Side' scraper is still running.
08 Apr, 2025 03:56:23 - Last modified time: 10
08 Apr, 2025 03:57:28 - 'Google Main Right Side' scraper is still running.
08 Apr, 2025 03:57:28 - Last modified time: 14
08 Apr, 2025 03:58:32 - 'Google Main Right Side' scraper is still running.
08 Apr, 2025 03:58:32 - Last modified time: 6
08 Apr, 2025 03:59:35 - 'Google Main Right Side' scraper is still running.
08 Apr, 2025 03:59:35 - Last modified time: 12
08 Apr, 2025 04:00:39 - 'Google Main Right Side' scraper is still running.
08 Apr, 2025 04:00:39 - Last modified time: 12
08 Apr, 2025 04:01:41 - 'Google Main Right Side' scraper is still running.
08 Apr, 2025 04:01:41 - Last modified time: 3
08 Apr, 2025 04:02:46 - 'Google Main Right Side' scraper is still running.
08 Apr, 2025 04:02:46 - Last modified time: 11
08 Apr, 2025 04:03:50 - 'Google Main Right Side' scraper is still running.
08 Apr, 2025 04:03:50 - Last modified time: 8
08 Apr, 2025 04:04:54 - 'Google Main Right Side' scraper is still running.
08 Apr, 2025 04:04:54 - Last modified time: 3
08 Apr, 2025 04:05:58 - 'Google Main Right Side' scraper is still running.
08 Apr, 2025 04:05:58 - Last modified time: 14
08 Apr, 2025 04:07:00 - 'Google Main Right Side' scraper is still running.
08 Apr, 2025 04:07:00 - Last modified time: 19
08 Apr, 2025 04:08:03 - 'Google Main Right Side' scraper is still running.
08 Apr, 2025 04:08:03 - Last modified time: 9
08 Apr, 2025 04:09:06 - 'Google Main Right Side' scraper is still running.
08 Apr, 2025 04:09:06 - Last modified time: 10
08 Apr, 2025 04:10:07 - 'Google Main Right Side' scraper is still running.
08 Apr, 2025 04:10:07 - Last modified time: 10
08 Apr, 2025 04:11:10 - 'Google Main Right Side' scraper is still running.
08 Apr, 2025 04:11:10 - Last modified time: 17
08 Apr, 2025 04:12:12 - 'Google Main Right Side' scraper is still running.
08 Apr, 2025 04:12:12 - Last modified time: 11
08 Apr, 2025 04:13:13 - 'Google Main Right Side' scraper is still running.
08 Apr, 2025 04:13:13 - Last modified time: 12
08 Apr, 2025 04:14:16 - 'Google Main Right Side' scraper is still running.
08 Apr, 2025 04:14:16 - Last modified time: 12
08 Apr, 2025 04:15:18 - 'Google Main Right Side' scraper is still running.
08 Apr, 2025 04:15:18 - Last modified time: 9
08 Apr, 2025 04:16:21 - 'Google Main Right Side' scraper is still running.
08 Apr, 2025 04:16:21 - Last modified time: 5
08 Apr, 2025 04:17:24 - 'Google Main Right Side' scraper is still running.
08 Apr, 2025 04:17:24 - Last modified time: 8
08 Apr, 2025 04:18:27 - 'Google Main Right Side' scraper is still running.
08 Apr, 2025 04:18:27 - Last modified time: 6
08 Apr, 2025 04:19:30 - 'Google Main Right Side' scraper is still running.
08 Apr, 2025 04:19:30 - Last modified time: 2
08 Apr, 2025 04:20:33 - 'Google Main Right Side' scraper is still running.
08 Apr, 2025 04:20:33 - Last modified time: 7
08 Apr, 2025 04:21:35 - 'Google Main Right Side' scraper is still running.
08 Apr, 2025 04:21:35 - Last modified time: 13
08 Apr, 2025 04:22:38 - 'Google Main Right Side' scraper is still running.
08 Apr, 2025 04:22:38 - Last modified time: 4
08 Apr, 2025 04:23:42 - 'Google Main Right Side' scraper is still running.
08 Apr, 2025 04:23:42 - Last modified time: 10
08 Apr, 2025 04:24:46 - 'Google Main Right Side' scraper is still running.
08 Apr, 2025 04:24:46 - Last modified time: 8
08 Apr, 2025 04:25:51 - 'Google Main Right Side' scraper is still running.
08 Apr, 2025 04:25:51 - Last modified time: 7
08 Apr, 2025 04:26:55 - 'Google Main Right Side' scraper is still running.
08 Apr, 2025 04:26:55 - Last modified time: 5
08 Apr, 2025 04:27:59 - 'Google Main Right Side' scraper is still running.
08 Apr, 2025 04:27:59 - Last modified time: 1
08 Apr, 2025 04:29:01 - 'Google Main Right Side' scraper is still running.
08 Apr, 2025 04:29:01 - Last modified time: 7
08 Apr, 2025 04:30:05 - 'Google Main Right Side' scraper is still running.
08 Apr, 2025 04:30:05 - Last modified time: 20
08 Apr, 2025 04:31:09 - 'Google Main Right Side' scraper is still running.
08 Apr, 2025 04:31:09 - Last modified time: 12
08 Apr, 2025 04:32:13 - 'Google Main Right Side' scraper is still running.
08 Apr, 2025 04:32:13 - Last modified time: 12
08 Apr, 2025 04:33:17 - 'Google Main Right Side' scraper is still running.
08 Apr, 2025 04:33:17 - Last modified time: 9
08 Apr, 2025 04:34:21 - 'Google Main Right Side' scraper is still running.
08 Apr, 2025 04:34:21 - Last modified time: 16
08 Apr, 2025 04:35:25 - 'Google Main Right Side' scraper is still running.
08 Apr, 2025 04:35:25 - Last modified time: 10
08 Apr, 2025 04:36:27 - 'Google Main Right Side' scraper is still running.
08 Apr, 2025 04:36:27 - Last modified time: 0
08 Apr, 2025 04:37:30 - 'Google Main Right Side' scraper is still running.
08 Apr, 2025 04:37:30 - Last modified time: 5
08 Apr, 2025 04:38:35 - 'Google Main Right Side' scraper is still running.
08 Apr, 2025 04:38:35 - Last modified time: 9
08 Apr, 2025 04:39:38 - 'Google Main Right Side' scraper is still running.
08 Apr, 2025 04:39:38 - Last modified time: 1
08 Apr, 2025 04:40:42 - 'Google Main Right Side' scraper is still running.
08 Apr, 2025 04:40:42 - Last modified time: 19
08 Apr, 2025 04:41:46 - 'Google Main Right Side' scraper is still running.
08 Apr, 2025 04:41:46 - Last modified time: 5
08 Apr, 2025 04:42:50 - 'Google Main Right Side' scraper is still running.
08 Apr, 2025 04:42:50 - Last modified time: 5
08 Apr, 2025 04:43:53 - 'Google Main Right Side' scraper is still running.
08 Apr, 2025 04:43:53 - Last modified time: 10
08 Apr, 2025 04:44:56 - 'Google Main Right Side' scraper is still running.
08 Apr, 2025 04:44:56 - Last modified time: 13
08 Apr, 2025 04:46:01 - 'Google Main Right Side' scraper is still running.
08 Apr, 2025 04:46:01 - Last modified time: 7
08 Apr, 2025 04:47:05 - 'Google Main Right Side' scraper is still running.
08 Apr, 2025 04:47:05 - Last modified time: 7
08 Apr, 2025 04:48:09 - 'Google Main Right Side' scraper is still running.
08 Apr, 2025 04:48:09 - Last modified time: 2
08 Apr, 2025 04:49:14 - 'Google Main Right Side' scraper is still running.
08 Apr, 2025 04:49:14 - Last modified time: 7
08 Apr, 2025 04:50:18 - 'Google Main Right Side' scraper is still running.
08 Apr, 2025 04:50:18 - Last modified time: 13
08 Apr, 2025 04:51:20 - 'Google Main Right Side' scraper is still running.
08 Apr, 2025 04:51:20 - Last modified time: 6
08 Apr, 2025 04:52:24 - 'Google Main Right Side' scraper is still running.
08 Apr, 2025 04:52:24 - Last modified time: 14
08 Apr, 2025 04:53:28 - 'Google Main Right Side' scraper is still running.
08 Apr, 2025 04:53:28 - Last modified time: 5
08 Apr, 2025 04:54:31 - 'Google Main Right Side' scraper is still running.
08 Apr, 2025 04:54:31 - Last modified time: 1
08 Apr, 2025 04:55:36 - 'Google Main Right Side' scraper is still running.
08 Apr, 2025 04:55:36 - Last modified time: 16
08 Apr, 2025 04:56:40 - 'Google Main Right Side' scraper is still running.
08 Apr, 2025 04:56:40 - Last modified time: 4
08 Apr, 2025 04:57:42 - 'Google Main Right Side' scraper is still running.
08 Apr, 2025 04:57:42 - Last modified time: 8
08 Apr, 2025 04:58:43 - 'Google Main Right Side' scraper is still running.
08 Apr, 2025 04:58:43 - Last modified time: 16
08 Apr, 2025 04:59:45 - 'Google Main Right Side' scraper is still running.
08 Apr, 2025 04:59:45 - Last modified time: 8
08 Apr, 2025 05:00:48 - 'Google Main Right Side' scraper is still running.
08 Apr, 2025 05:00:48 - Last modified time: 3
08 Apr, 2025 05:01:51 - 'Google Main Right Side' scraper is still running.
08 Apr, 2025 05:01:51 - Last modified time: 4
08 Apr, 2025 05:02:52 - 'Google Main Right Side' scraper is still running.
08 Apr, 2025 05:02:52 - Last modified time: 15
08 Apr, 2025 05:03:55 - 'Google Main Right Side' scraper is still running.
08 Apr, 2025 05:03:55 - Last modified time: 17
08 Apr, 2025 05:04:58 - 'Google Main Right Side' scraper is still running.
08 Apr, 2025 05:04:58 - Last modified time: 2
08 Apr, 2025 05:06:01 - 'Google Main Right Side' scraper is still running.
08 Apr, 2025 05:06:01 - Last modified time: 8
08 Apr, 2025 05:07:04 - 'Google Main Right Side' scraper is still running.
08 Apr, 2025 05:07:04 - Last modified time: 13
08 Apr, 2025 05:08:07 - 'Google Main Right Side' scraper is still running.
08 Apr, 2025 05:08:07 - Last modified time: 9
08 Apr, 2025 05:09:10 - 'Google Main Right Side' scraper is still running.
08 Apr, 2025 05:09:10 - Last modified time: 5
08 Apr, 2025 13:05:20 - 'Google Main Right Side' scraper is not running. Starting...
08 Apr, 2025 13:05:20 - 'Google Main Right Side' scraper started.
08 Apr, 2025 13:08:20 - 'Google Main Right Side' scraper is not running. Checking if it is stuck...
08 Apr, 2025 13:08:20 - Process finished. Restarting the process...
08 Apr, 2025 13:08:20 - 'Google Main Right Side' scraper started.
08 Apr, 2025 13:09:20 - 'Google Main Right Side' scraper is still running.
08 Apr, 2025 13:09:20 - Last modified time: 101
08 Apr, 2025 13:10:20 - 'Google Main Right Side' scraper is still running.
08 Apr, 2025 13:10:20 - Last modified time: 1
08 Apr, 2025 13:11:20 - 'Google Main Right Side' scraper is still running.
08 Apr, 2025 13:11:20 - Last modified time: 20
08 Apr, 2025 13:12:20 - 'Google Main Right Side' scraper is not running. Checking if it is stuck...
08 Apr, 2025 13:12:21 - Process finished. Restarting the process...
08 Apr, 2025 13:12:21 - 'Google Main Right Side' scraper started.
08 Apr, 2025 13:13:21 - 'Google Main Right Side' scraper is still running.
08 Apr, 2025 13:13:21 - Last modified time: 1
08 Apr, 2025 13:14:21 - 'Google Main Right Side' scraper is still running.
08 Apr, 2025 13:14:21 - Last modified time: 7
08 Apr, 2025 13:15:21 - 'Google Main Right Side' scraper is not running. Checking if it is stuck...
08 Apr, 2025 13:15:21 - Process finished. Restarting the process...
08 Apr, 2025 13:15:21 - 'Google Main Right Side' scraper started.
08 Apr, 2025 13:16:21 - 'Google Main Right Side' scraper is still running.
08 Apr, 2025 13:16:21 - Last modified time: 120
08 Apr, 2025 13:17:21 - 'Google Main Right Side' scraper is still running.
08 Apr, 2025 13:17:21 - Last modified time: 25
08 Apr, 2025 13:18:21 - 'Google Main Right Side' scraper is not running. Checking if it is stuck...
08 Apr, 2025 13:18:21 - Process finished. Restarting the process...
08 Apr, 2025 13:18:21 - 'Google Main Right Side' scraper started.
08 Apr, 2025 13:19:21 - 'Google Main Right Side' scraper is still running.
08 Apr, 2025 13:19:21 - Last modified time: 1
08 Apr, 2025 13:20:21 - 'Google Main Right Side' scraper is still running.
08 Apr, 2025 13:20:21 - Last modified time: 3
08 Apr, 2025 13:21:21 - 'Google Main Right Side' scraper is still running.
08 Apr, 2025 13:21:21 - Last modified time: 52
08 Apr, 2025 13:22:21 - 'Google Main Right Side' scraper is not running. Checking if it is stuck...
08 Apr, 2025 13:22:21 - Process finished. Restarting the process...
08 Apr, 2025 13:22:21 - 'Google Main Right Side' scraper started.
08 Apr, 2025 13:23:21 - 'Google Main Right Side' scraper is still running.
08 Apr, 2025 13:23:21 - Last modified time: 91
08 Apr, 2025 13:24:21 - 'Google Main Right Side' scraper is not running. Checking if it is stuck...
08 Apr, 2025 13:24:21 - Process finished. Restarting the process...
08 Apr, 2025 13:24:21 - 'Google Main Right Side' scraper started.
08 Apr, 2025 13:27:19 - 'Google Main Right Side' scraper is not running. Starting...
08 Apr, 2025 13:27:20 - 'Google Main Right Side' scraper started.
08 Apr, 2025 13:30:20 - 'Google Main Right Side' scraper is still running.
08 Apr, 2025 13:30:20 - Last modified time: 2
08 Apr, 2025 13:31:20 - 'Google Main Right Side' scraper is still running.
08 Apr, 2025 13:31:20 - Last modified time: 2
08 Apr, 2025 13:32:20 - 'Google Main Right Side' scraper is still running.
08 Apr, 2025 13:32:20 - Last modified time: 2
08 Apr, 2025 13:33:20 - 'Google Main Right Side' scraper is still running.
08 Apr, 2025 13:33:20 - Last modified time: 7
08 Apr, 2025 13:34:20 - 'Google Main Right Side' scraper is still running.
08 Apr, 2025 13:34:20 - Last modified time: 1
08 Apr, 2025 13:35:20 - 'Google Main Right Side' scraper is still running.
08 Apr, 2025 13:35:20 - Last modified time: 6
08 Apr, 2025 13:36:20 - 'Google Main Right Side' scraper is still running.
08 Apr, 2025 13:36:20 - Last modified time: 2
08 Apr, 2025 13:37:20 - 'Google Main Right Side' scraper is still running.
08 Apr, 2025 13:37:20 - Last modified time: 6
08 Apr, 2025 13:38:20 - 'Google Main Right Side' scraper is still running.
08 Apr, 2025 13:38:20 - Last modified time: 1
08 Apr, 2025 13:39:20 - 'Google Main Right Side' scraper is still running.
08 Apr, 2025 13:39:20 - Last modified time: 1
08 Apr, 2025 13:40:20 - 'Google Main Right Side' scraper is still running.
08 Apr, 2025 13:40:20 - Last modified time: 4
08 Apr, 2025 13:41:20 - 'Google Main Right Side' scraper is still running.
08 Apr, 2025 13:41:20 - Last modified time: 1
08 Apr, 2025 13:42:20 - 'Google Main Right Side' scraper is still running.
08 Apr, 2025 13:42:20 - Last modified time: 28
08 Apr, 2025 13:43:20 - 'Google Main Right Side' scraper is still running.
08 Apr, 2025 13:43:20 - Last modified time: 88
08 Apr, 2025 13:44:20 - 'Google Main Right Side' scraper is still running.
08 Apr, 2025 13:44:20 - Last modified time: 148
08 Apr, 2025 13:45:20 - 'Google Main Right Side' scraper is still running.
08 Apr, 2025 13:45:20 - Last modified time: 208
08 Apr, 2025 13:46:20 - 'Google Main Right Side' scraper is still running.
08 Apr, 2025 13:46:20 - Last modified time: 268
08 Apr, 2025 13:47:20 - 'Google Main Right Side' scraper is still running.
08 Apr, 2025 13:47:20 - Last modified time: 328
08 Apr, 2025 13:48:20 - 'Google Main Right Side' scraper is still running.
08 Apr, 2025 13:48:20 - Last modified time: 388
08 Apr, 2025 13:49:20 - 'Google Main Right Side' scraper is still running.
08 Apr, 2025 13:49:20 - Last modified time: 448
08 Apr, 2025 13:50:20 - 'Google Main Right Side' scraper is still running.
08 Apr, 2025 13:50:20 - Last modified time: 508
08 Apr, 2025 13:51:20 - 'Google Main Right Side' scraper is still running.
08 Apr, 2025 13:51:20 - Last modified time: 568
08 Apr, 2025 13:52:20 - 'Google Main Right Side' scraper is still running.
08 Apr, 2025 13:52:20 - Last modified time: 628
08 Apr, 2025 13:53:20 - 'Google Main Right Side' scraper is still running.
08 Apr, 2025 13:53:20 - Last modified time: 688
08 Apr, 2025 13:54:20 - 'Google Main Right Side' scraper is still running.
08 Apr, 2025 13:54:20 - Last modified time: 748
08 Apr, 2025 13:55:20 - 'Google Main Right Side' scraper is still running.
08 Apr, 2025 13:55:20 - Last modified time: 808
08 Apr, 2025 13:56:20 - 'Google Main Right Side' scraper is still running.
08 Apr, 2025 13:56:20 - Last modified time: 868
08 Apr, 2025 13:57:20 - 'Google Main Right Side' scraper is still running.
08 Apr, 2025 13:57:20 - Last modified time: 928
08 Apr, 2025 13:58:20 - 'Google Main Right Side' scraper is still running.
08 Apr, 2025 13:58:21 - Last modified time: 989
08 Apr, 2025 13:59:21 - 'Google Main Right Side' scraper is still running.
08 Apr, 2025 13:59:21 - Last modified time: 1049
08 Apr, 2025 14:00:21 - 'Google Main Right Side' scraper is still running.
08 Apr, 2025 14:00:21 - Last modified time: 1109
08 Apr, 2025 14:01:21 - 'Google Main Right Side' scraper is still running.
08 Apr, 2025 14:01:21 - Last modified time: 1169
08 Apr, 2025 14:02:21 - 'Google Main Right Side' scraper is still running.
08 Apr, 2025 14:02:21 - Last modified time: 1229
08 Apr, 2025 14:03:21 - 'Google Main Right Side' scraper is still running.
08 Apr, 2025 14:03:21 - Last modified time: 1289
08 Apr, 2025 14:04:21 - 'Google Main Right Side' scraper is still running.
08 Apr, 2025 14:04:21 - Last modified time: 1349
08 Apr, 2025 14:05:21 - 'Google Main Right Side' scraper is still running.
08 Apr, 2025 14:05:21 - Last modified time: 1409
08 Apr, 2025 14:06:26 - 'Google Main Right Side' scraper is not running. Starting...
08 Apr, 2025 14:06:26 - 'Google Main Right Side' scraper started.
08 Apr, 2025 14:09:27 - 'Google Main Right Side' scraper is still running.
08 Apr, 2025 14:09:27 - Last modified time: 54
08 Apr, 2025 14:10:27 - 'Google Main Right Side' scraper is still running.
08 Apr, 2025 14:10:27 - Last modified time: 114
08 Apr, 2025 14:11:27 - 'Google Main Right Side' scraper is still running.
08 Apr, 2025 14:11:27 - Last modified time: 1
08 Apr, 2025 14:12:27 - 'Google Main Right Side' scraper is still running.
08 Apr, 2025 14:12:27 - Last modified time: 1
08 Apr, 2025 14:13:27 - 'Google Main Right Side' scraper is still running.
08 Apr, 2025 14:13:27 - Last modified time: 2
08 Apr, 2025 14:14:27 - 'Google Main Right Side' scraper is still running.
08 Apr, 2025 14:14:27 - Last modified time: 1
08 Apr, 2025 14:15:27 - 'Google Main Right Side' scraper is still running.
08 Apr, 2025 14:15:27 - Last modified time: 3
08 Apr, 2025 14:16:27 - 'Google Main Right Side' scraper is still running.
08 Apr, 2025 14:16:27 - Last modified time: 1
08 Apr, 2025 14:17:27 - 'Google Main Right Side' scraper is still running.
08 Apr, 2025 14:17:27 - Last modified time: 5
08 Apr, 2025 14:18:27 - 'Google Main Right Side' scraper is still running.
08 Apr, 2025 14:18:27 - Last modified time: 1
08 Apr, 2025 14:19:27 - 'Google Main Right Side' scraper is still running.
08 Apr, 2025 14:19:27 - Last modified time: 4
08 Apr, 2025 14:20:27 - 'Google Main Right Side' scraper is still running.
08 Apr, 2025 14:20:27 - Last modified time: 0
08 Apr, 2025 14:21:27 - 'Google Main Right Side' scraper is still running.
08 Apr, 2025 14:21:27 - Last modified time: 4
08 Apr, 2025 14:22:27 - 'Google Main Right Side' scraper is still running.
08 Apr, 2025 14:22:27 - Last modified time: 5
08 Apr, 2025 14:23:27 - 'Google Main Right Side' scraper is still running.
08 Apr, 2025 14:23:27 - Last modified time: 6
08 Apr, 2025 14:24:27 - 'Google Main Right Side' scraper is still running.
08 Apr, 2025 14:24:27 - Last modified time: 1
08 Apr, 2025 14:25:27 - 'Google Main Right Side' scraper is still running.
08 Apr, 2025 14:25:27 - Last modified time: 4
08 Apr, 2025 14:26:27 - 'Google Main Right Side' scraper is not running. Checking if it is stuck...
08 Apr, 2025 14:26:27 - Process finished. Restarting the process...
08 Apr, 2025 14:26:27 - 'Google Main Right Side' scraper started.
08 Apr, 2025 14:27:27 - 'Google Main Right Side' scraper is still running.
08 Apr, 2025 14:27:27 - Last modified time: 2
08 Apr, 2025 14:28:27 - 'Google Main Right Side' scraper is still running.
08 Apr, 2025 14:28:27 - Last modified time: 18
08 Apr, 2025 14:29:27 - 'Google Main Right Side' scraper is still running.
08 Apr, 2025 14:29:27 - Last modified time: 39
08 Apr, 2025 14:30:27 - 'Google Main Right Side' scraper is still running.
08 Apr, 2025 14:30:27 - Last modified time: 4
08 Apr, 2025 14:31:27 - 'Google Main Right Side' scraper is still running.
08 Apr, 2025 14:31:27 - Last modified time: 0
08 Apr, 2025 14:32:27 - 'Google Main Right Side' scraper is still running.
08 Apr, 2025 14:32:27 - Last modified time: 0
08 Apr, 2025 14:33:27 - 'Google Main Right Side' scraper is still running.
08 Apr, 2025 14:33:27 - Last modified time: 0
08 Apr, 2025 14:34:27 - 'Google Main Right Side' scraper is still running.
08 Apr, 2025 14:34:27 - Last modified time: 1
08 Apr, 2025 14:35:27 - 'Google Main Right Side' scraper is still running.
08 Apr, 2025 14:35:27 - Last modified time: 0
08 Apr, 2025 14:36:27 - 'Google Main Right Side' scraper is still running.
08 Apr, 2025 14:36:28 - Last modified time: 2
08 Apr, 2025 14:37:28 - 'Google Main Right Side' scraper is still running.
08 Apr, 2025 14:37:28 - Last modified time: 5
08 Apr, 2025 14:38:28 - 'Google Main Right Side' scraper is still running.
08 Apr, 2025 14:38:28 - Last modified time: 4
08 Apr, 2025 14:39:28 - 'Google Main Right Side' scraper is still running.
08 Apr, 2025 14:39:28 - Last modified time: 4
08 Apr, 2025 14:40:28 - 'Google Main Right Side' scraper is still running.
08 Apr, 2025 14:40:28 - Last modified time: 4
08 Apr, 2025 14:41:28 - 'Google Main Right Side' scraper is still running.
08 Apr, 2025 14:41:28 - Last modified time: 4
08 Apr, 2025 14:42:28 - 'Google Main Right Side' scraper is still running.
08 Apr, 2025 14:42:28 - Last modified time: 6
08 Apr, 2025 14:43:28 - 'Google Main Right Side' scraper is still running.
08 Apr, 2025 14:43:28 - Last modified time: 2
08 Apr, 2025 14:44:28 - 'Google Main Right Side' scraper is still running.
08 Apr, 2025 14:44:28 - Last modified time: 1
08 Apr, 2025 14:45:28 - 'Google Main Right Side' scraper is still running.
08 Apr, 2025 14:45:28 - Last modified time: 5
08 Apr, 2025 14:46:28 - 'Google Main Right Side' scraper is still running.
08 Apr, 2025 14:46:28 - Last modified time: 4
08 Apr, 2025 14:47:28 - 'Google Main Right Side' scraper is still running.
08 Apr, 2025 14:47:28 - Last modified time: 6
08 Apr, 2025 14:48:28 - 'Google Main Right Side' scraper is not running. Checking if it is stuck...
08 Apr, 2025 14:48:28 - Process finished. Restarting the process...
08 Apr, 2025 14:48:28 - 'Google Main Right Side' scraper started.
08 Apr, 2025 14:49:28 - 'Google Main Right Side' scraper is still running.
08 Apr, 2025 14:49:28 - Last modified time: 2
08 Apr, 2025 14:50:28 - 'Google Main Right Side' scraper is still running.
08 Apr, 2025 14:50:28 - Last modified time: 2
08 Apr, 2025 14:51:28 - 'Google Main Right Side' scraper is still running.
08 Apr, 2025 14:51:28 - Last modified time: 50
08 Apr, 2025 14:52:28 - 'Google Main Right Side' scraper is still running.
08 Apr, 2025 14:52:28 - Last modified time: 110
08 Apr, 2025 14:53:28 - 'Google Main Right Side' scraper is still running.
08 Apr, 2025 14:53:28 - Last modified time: 1
08 Apr, 2025 14:54:28 - 'Google Main Right Side' scraper is still running.
08 Apr, 2025 14:54:28 - Last modified time: 0
08 Apr, 2025 14:55:28 - 'Google Main Right Side' scraper is still running.
08 Apr, 2025 14:55:28 - Last modified time: 2
08 Apr, 2025 14:56:28 - 'Google Main Right Side' scraper is still running.
08 Apr, 2025 14:56:28 - Last modified time: 0
08 Apr, 2025 14:57:28 - 'Google Main Right Side' scraper is still running.
08 Apr, 2025 14:57:28 - Last modified time: 0
08 Apr, 2025 14:58:28 - 'Google Main Right Side' scraper is still running.
08 Apr, 2025 14:58:28 - Last modified time: 4
08 Apr, 2025 14:59:28 - 'Google Main Right Side' scraper is still running.
08 Apr, 2025 14:59:28 - Last modified time: 1
08 Apr, 2025 15:00:28 - 'Google Main Right Side' scraper is still running.
08 Apr, 2025 15:00:28 - Last modified time: 0
08 Apr, 2025 15:01:28 - 'Google Main Right Side' scraper is still running.
08 Apr, 2025 15:01:28 - Last modified time: 0
08 Apr, 2025 15:02:28 - 'Google Main Right Side' scraper is still running.
08 Apr, 2025 15:02:28 - Last modified time: 0
08 Apr, 2025 15:03:28 - 'Google Main Right Side' scraper is still running.
08 Apr, 2025 15:03:28 - Last modified time: 0
08 Apr, 2025 15:04:29 - 'Google Main Right Side' scraper is still running.
08 Apr, 2025 15:04:29 - Last modified time: 1
08 Apr, 2025 15:05:29 - 'Google Main Right Side' scraper is still running.
08 Apr, 2025 15:05:29 - Last modified time: 6
08 Apr, 2025 15:06:29 - 'Google Main Right Side' scraper is still running.
08 Apr, 2025 15:06:29 - Last modified time: 1
08 Apr, 2025 15:07:29 - 'Google Main Right Side' scraper is still running.
08 Apr, 2025 15:07:29 - Last modified time: 0
08 Apr, 2025 15:08:29 - 'Google Main Right Side' scraper is still running.
08 Apr, 2025 15:08:29 - Last modified time: 5
08 Apr, 2025 15:09:29 - 'Google Main Right Side' scraper is not running. Checking if it is stuck...
08 Apr, 2025 15:09:29 - Process finished. Restarting the process...
08 Apr, 2025 15:09:29 - 'Google Main Right Side' scraper started.
08 Apr, 2025 15:10:29 - 'Google Main Right Side' scraper is still running.
08 Apr, 2025 15:10:29 - Last modified time: 1
08 Apr, 2025 15:11:29 - 'Google Main Right Side' scraper is still running.
08 Apr, 2025 15:11:29 - Last modified time: 1
08 Apr, 2025 15:12:29 - 'Google Main Right Side' scraper is still running.
08 Apr, 2025 15:12:29 - Last modified time: 61
08 Apr, 2025 15:13:29 - 'Google Main Right Side' scraper is still running.
08 Apr, 2025 15:13:29 - Last modified time: 121
08 Apr, 2025 15:14:29 - 'Google Main Right Side' scraper is still running.
08 Apr, 2025 15:14:29 - Last modified time: 0
08 Apr, 2025 15:15:29 - 'Google Main Right Side' scraper is still running.
08 Apr, 2025 15:15:29 - Last modified time: 2
08 Apr, 2025 15:16:29 - 'Google Main Right Side' scraper is still running.
08 Apr, 2025 15:16:29 - Last modified time: 62
08 Apr, 2025 15:17:29 - 'Google Main Right Side' scraper is still running.
08 Apr, 2025 15:17:29 - Last modified time: 122
08 Apr, 2025 15:18:29 - 'Google Main Right Side' scraper is still running.
08 Apr, 2025 15:18:29 - Last modified time: 182
08 Apr, 2025 15:19:29 - 'Google Main Right Side' scraper is still running.
08 Apr, 2025 15:19:29 - Last modified time: 242
08 Apr, 2025 15:20:29 - 'Google Main Right Side' scraper is still running.
08 Apr, 2025 15:20:29 - Last modified time: 302
08 Apr, 2025 15:21:29 - 'Google Main Right Side' scraper is still running.
08 Apr, 2025 15:21:29 - Last modified time: 362
08 Apr, 2025 15:22:29 - 'Google Main Right Side' scraper is still running.
08 Apr, 2025 15:22:29 - Last modified time: 422
08 Apr, 2025 15:23:29 - 'Google Main Right Side' scraper is still running.
08 Apr, 2025 15:23:29 - Last modified time: 482
08 Apr, 2025 15:24:29 - 'Google Main Right Side' scraper is still running.
08 Apr, 2025 15:24:29 - Last modified time: 542
08 Apr, 2025 15:25:29 - 'Google Main Right Side' scraper is still running.
08 Apr, 2025 15:25:29 - Last modified time: 602
08 Apr, 2025 15:26:29 - 'Google Main Right Side' scraper is still running.
08 Apr, 2025 15:26:29 - Last modified time: 662
08 Apr, 2025 15:27:29 - 'Google Main Right Side' scraper is still running.
08 Apr, 2025 15:27:29 - Last modified time: 722
08 Apr, 2025 15:28:29 - 'Google Main Right Side' scraper is still running.
08 Apr, 2025 15:28:29 - Last modified time: 782
08 Apr, 2025 15:29:29 - 'Google Main Right Side' scraper is still running.
08 Apr, 2025 15:29:29 - Last modified time: 842
08 Apr, 2025 15:30:29 - 'Google Main Right Side' scraper is still running.
08 Apr, 2025 15:30:30 - Last modified time: 902
08 Apr, 2025 15:31:30 - 'Google Main Right Side' scraper is still running.
08 Apr, 2025 15:31:30 - Last modified time: 30
08 Apr, 2025 15:32:30 - 'Google Main Right Side' scraper is still running.
08 Apr, 2025 15:32:30 - Last modified time: 90
08 Apr, 2025 15:33:30 - 'Google Main Right Side' scraper is still running.
08 Apr, 2025 15:33:30 - Last modified time: 150
08 Apr, 2025 15:34:30 - 'Google Main Right Side' scraper is still running.
08 Apr, 2025 15:34:30 - Last modified time: 210
08 Apr, 2025 15:35:30 - 'Google Main Right Side' scraper is still running.
08 Apr, 2025 15:35:30 - Last modified time: 270
08 Apr, 2025 15:36:30 - 'Google Main Right Side' scraper is still running.
08 Apr, 2025 15:36:30 - Last modified time: 330
08 Apr, 2025 15:37:30 - 'Google Main Right Side' scraper is still running.
08 Apr, 2025 15:37:30 - Last modified time: 390
08 Apr, 2025 15:38:30 - 'Google Main Right Side' scraper is still running.
08 Apr, 2025 15:38:30 - Last modified time: 450
08 Apr, 2025 15:39:30 - 'Google Main Right Side' scraper is still running.
08 Apr, 2025 15:39:30 - Last modified time: 510
08 Apr, 2025 15:40:30 - 'Google Main Right Side' scraper is still running.
08 Apr, 2025 15:40:30 - Last modified time: 570
08 Apr, 2025 15:41:30 - 'Google Main Right Side' scraper is still running.
08 Apr, 2025 15:41:30 - Last modified time: 630
08 Apr, 2025 15:42:30 - 'Google Main Right Side' scraper is still running.
08 Apr, 2025 15:42:30 - Last modified time: 690
08 Apr, 2025 15:43:30 - 'Google Main Right Side' scraper is still running.
08 Apr, 2025 15:43:30 - Last modified time: 750
08 Apr, 2025 15:44:30 - 'Google Main Right Side' scraper is still running.
08 Apr, 2025 15:44:30 - Last modified time: 810
08 Apr, 2025 15:45:30 - 'Google Main Right Side' scraper is still running.
08 Apr, 2025 15:45:30 - Last modified time: 870
08 Apr, 2025 15:46:30 - 'Google Main Right Side' scraper is still running.
08 Apr, 2025 15:46:30 - Last modified time: 930
08 Apr, 2025 15:47:30 - 'Google Main Right Side' scraper is still running.
08 Apr, 2025 15:47:30 - Last modified time: 990
08 Apr, 2025 15:48:30 - 'Google Main Right Side' scraper is still running.
08 Apr, 2025 15:48:30 - Last modified time: 1050
08 Apr, 2025 15:49:30 - 'Google Main Right Side' scraper is still running.
08 Apr, 2025 15:49:30 - Last modified time: 1110
08 Apr, 2025 15:50:30 - 'Google Main Right Side' scraper is still running.
08 Apr, 2025 15:50:30 - Last modified time: 1170
08 Apr, 2025 15:51:30 - 'Google Main Right Side' scraper is still running.
08 Apr, 2025 15:51:30 - Last modified time: 1230
08 Apr, 2025 15:52:30 - 'Google Main Right Side' scraper is still running.
08 Apr, 2025 15:52:30 - Last modified time: 1290
08 Apr, 2025 15:53:30 - 'Google Main Right Side' scraper is still running.
08 Apr, 2025 15:53:30 - Last modified time: 1350
08 Apr, 2025 15:54:30 - 'Google Main Right Side' scraper is still running.
08 Apr, 2025 15:54:30 - Last modified time: 1410
08 Apr, 2025 15:55:31 - 'Google Main Right Side' scraper is still running.
08 Apr, 2025 15:55:31 - Last modified time: 1471
08 Apr, 2025 15:56:31 - 'Google Main Right Side' scraper is still running.
08 Apr, 2025 15:56:31 - Last modified time: 1531
08 Apr, 2025 15:57:31 - 'Google Main Right Side' scraper is still running.
08 Apr, 2025 15:57:31 - Last modified time: 1591
08 Apr, 2025 15:58:31 - 'Google Main Right Side' scraper is still running.
08 Apr, 2025 15:58:31 - Last modified time: 1651
08 Apr, 2025 15:59:31 - 'Google Main Right Side' scraper is still running.
08 Apr, 2025 15:59:31 - Last modified time: 1711
08 Apr, 2025 16:00:31 - 'Google Main Right Side' scraper is still running.
08 Apr, 2025 16:00:31 - Last modified time: 1771
08 Apr, 2025 16:01:31 - 'Google Main Right Side' scraper is still running.
08 Apr, 2025 16:01:31 - Last modified time: 1831
08 Apr, 2025 16:01:31 - Log files hasn't been updated in the last 30 minutes. Deleting log directory and rebooting the server...
08 Apr, 2025 16:01:31 - Deleting log directory...
08 Apr, 2025 16:01:31 - Restarting the script: Killing all running processes and relaunching...
08 Apr, 2025 16:01:36 - 'Google Main Right Side' scraper is not running. Starting...
08 Apr, 2025 16:01:36 - 'Google Main Right Side' scraper started.
08 Apr, 2025 16:04:36 - 'Google Main Right Side' scraper is not running. Checking if it is stuck...
08 Apr, 2025 16:04:36 - Process finished. Restarting the process...
08 Apr, 2025 16:04:36 - 'Google Main Right Side' scraper started.
08 Apr, 2025 16:05:36 - 'Google Main Right Side' scraper is still running.
08 Apr, 2025 16:05:36 - Last modified time: 105
08 Apr, 2025 16:06:36 - 'Google Main Right Side' scraper is still running.
08 Apr, 2025 16:06:36 - Last modified time: 165
08 Apr, 2025 16:07:36 - 'Google Main Right Side' scraper is not running. Checking if it is stuck...
08 Apr, 2025 16:07:36 - Process finished. Restarting the process...
08 Apr, 2025 16:07:36 - 'Google Main Right Side' scraper started.
08 Apr, 2025 16:08:36 - 'Google Main Right Side' scraper is still running.
08 Apr, 2025 16:08:36 - Last modified time: 105
08 Apr, 2025 16:09:36 - 'Google Main Right Side' scraper is still running.
08 Apr, 2025 16:09:36 - Last modified time: 165
08 Apr, 2025 16:10:36 - 'Google Main Right Side' scraper is not running. Checking if it is stuck...
08 Apr, 2025 16:10:36 - Process finished. Restarting the process...
08 Apr, 2025 16:10:36 - 'Google Main Right Side' scraper started.
08 Apr, 2025 16:11:37 - 'Google Main Right Side' scraper is still running.
08 Apr, 2025 16:11:37 - Last modified time: 107
08 Apr, 2025 16:12:37 - 'Google Main Right Side' scraper is still running.
08 Apr, 2025 16:12:37 - Last modified time: 167
08 Apr, 2025 16:13:37 - 'Google Main Right Side' scraper is not running. Checking if it is stuck...
08 Apr, 2025 16:13:37 - Process finished. Restarting the process...
08 Apr, 2025 16:13:37 - 'Google Main Right Side' scraper started.
08 Apr, 2025 16:14:37 - 'Google Main Right Side' scraper is still running.
08 Apr, 2025 16:14:37 - Last modified time: 108
08 Apr, 2025 16:15:37 - 'Google Main Right Side' scraper is still running.
08 Apr, 2025 16:15:37 - Last modified time: 168
08 Apr, 2025 16:16:37 - 'Google Main Right Side' scraper is not running. Checking if it is stuck...
08 Apr, 2025 16:16:37 - Process finished. Restarting the process...
08 Apr, 2025 16:16:37 - 'Google Main Right Side' scraper started.
08 Apr, 2025 16:17:37 - 'Google Main Right Side' scraper is still running.
08 Apr, 2025 16:17:37 - Last modified time: 109
08 Apr, 2025 16:18:37 - 'Google Main Right Side' scraper is still running.
08 Apr, 2025 16:18:37 - Last modified time: 169
08 Apr, 2025 16:19:37 - 'Google Main Right Side' scraper is not running. Checking if it is stuck...
08 Apr, 2025 16:19:37 - Process finished. Restarting the process...
08 Apr, 2025 16:19:37 - 'Google Main Right Side' scraper started.
08 Apr, 2025 16:20:37 - 'Google Main Right Side' scraper is still running.
08 Apr, 2025 16:20:37 - Last modified time: 104
08 Apr, 2025 16:21:37 - 'Google Main Right Side' scraper is still running.
08 Apr, 2025 16:21:37 - Last modified time: 164
08 Apr, 2025 16:22:37 - 'Google Main Right Side' scraper is not running. Checking if it is stuck...
08 Apr, 2025 16:22:37 - Process finished. Restarting the process...
08 Apr, 2025 16:22:37 - 'Google Main Right Side' scraper started.
08 Apr, 2025 16:23:37 - 'Google Main Right Side' scraper is still running.
08 Apr, 2025 16:23:37 - Last modified time: 105
08 Apr, 2025 16:24:37 - 'Google Main Right Side' scraper is still running.
08 Apr, 2025 16:24:37 - Last modified time: 165
08 Apr, 2025 16:25:37 - 'Google Main Right Side' scraper is not running. Checking if it is stuck...
08 Apr, 2025 16:25:37 - Process finished. Restarting the process...
08 Apr, 2025 16:25:37 - 'Google Main Right Side' scraper started.
08 Apr, 2025 16:26:37 - 'Google Main Right Side' scraper is still running.
08 Apr, 2025 16:26:37 - Last modified time: 106
08 Apr, 2025 16:27:37 - 'Google Main Right Side' scraper is still running.
08 Apr, 2025 16:27:37 - Last modified time: 166
08 Apr, 2025 16:28:38 - 'Google Main Right Side' scraper is not running. Checking if it is stuck...
08 Apr, 2025 16:28:38 - Process finished. Restarting the process...
08 Apr, 2025 16:28:38 - 'Google Main Right Side' scraper started.
08 Apr, 2025 16:29:38 - 'Google Main Right Side' scraper is still running.
08 Apr, 2025 16:29:38 - Last modified time: 108
08 Apr, 2025 16:30:38 - 'Google Main Right Side' scraper is still running.
08 Apr, 2025 16:30:38 - Last modified time: 168
08 Apr, 2025 16:31:38 - 'Google Main Right Side' scraper is not running. Checking if it is stuck...
08 Apr, 2025 16:31:38 - Process finished. Restarting the process...
08 Apr, 2025 16:31:38 - 'Google Main Right Side' scraper started.
08 Apr, 2025 16:32:38 - 'Google Main Right Side' scraper is still running.
08 Apr, 2025 16:32:38 - Last modified time: 108
08 Apr, 2025 16:33:38 - 'Google Main Right Side' scraper is still running.
08 Apr, 2025 16:33:38 - Last modified time: 168
08 Apr, 2025 16:34:38 - 'Google Main Right Side' scraper is not running. Checking if it is stuck...
08 Apr, 2025 16:34:38 - Process finished. Restarting the process...
08 Apr, 2025 16:34:38 - 'Google Main Right Side' scraper started.
08 Apr, 2025 16:35:39 - 'Google Main Right Side' scraper is still running.
08 Apr, 2025 16:35:39 - Last modified time: 109
08 Apr, 2025 16:36:39 - 'Google Main Right Side' scraper is still running.
08 Apr, 2025 16:36:39 - Last modified time: 169
08 Apr, 2025 16:37:39 - 'Google Main Right Side' scraper is not running. Checking if it is stuck...
08 Apr, 2025 16:37:39 - Process finished. Restarting the process...
08 Apr, 2025 16:37:39 - 'Google Main Right Side' scraper started.
08 Apr, 2025 16:38:39 - 'Google Main Right Side' scraper is still running.
08 Apr, 2025 16:38:39 - Last modified time: 105
08 Apr, 2025 16:39:39 - 'Google Main Right Side' scraper is still running.
08 Apr, 2025 16:39:39 - Last modified time: 165
08 Apr, 2025 16:40:39 - 'Google Main Right Side' scraper is not running. Checking if it is stuck...
08 Apr, 2025 16:40:39 - Process finished. Restarting the process...
08 Apr, 2025 16:40:39 - 'Google Main Right Side' scraper started.
08 Apr, 2025 16:41:39 - 'Google Main Right Side' scraper is still running.
08 Apr, 2025 16:41:39 - Last modified time: 106
08 Apr, 2025 16:42:39 - 'Google Main Right Side' scraper is still running.
08 Apr, 2025 16:42:39 - Last modified time: 166
08 Apr, 2025 16:43:39 - 'Google Main Right Side' scraper is not running. Checking if it is stuck...
08 Apr, 2025 16:43:39 - Process finished. Restarting the process...
08 Apr, 2025 16:43:39 - 'Google Main Right Side' scraper started.
08 Apr, 2025 16:44:39 - 'Google Main Right Side' scraper is still running.
08 Apr, 2025 16:44:39 - Last modified time: 107
08 Apr, 2025 16:45:39 - 'Google Main Right Side' scraper is still running.
08 Apr, 2025 16:45:39 - Last modified time: 167
08 Apr, 2025 16:46:39 - 'Google Main Right Side' scraper is not running. Checking if it is stuck...
08 Apr, 2025 16:46:39 - Process finished. Restarting the process...
08 Apr, 2025 16:46:39 - 'Google Main Right Side' scraper started.
08 Apr, 2025 16:47:39 - 'Google Main Right Side' scraper is still running.
08 Apr, 2025 16:47:39 - Last modified time: 107
08 Apr, 2025 16:48:39 - 'Google Main Right Side' scraper is still running.
08 Apr, 2025 16:48:39 - Last modified time: 167
08 Apr, 2025 16:49:39 - 'Google Main Right Side' scraper is not running. Checking if it is stuck...
08 Apr, 2025 16:49:40 - Process finished. Restarting the process...
08 Apr, 2025 16:49:40 - 'Google Main Right Side' scraper started.
08 Apr, 2025 16:50:40 - 'Google Main Right Side' scraper is still running.
08 Apr, 2025 16:50:40 - Last modified time: 109
08 Apr, 2025 16:51:40 - 'Google Main Right Side' scraper is still running.
08 Apr, 2025 16:51:40 - Last modified time: 169
08 Apr, 2025 16:52:40 - 'Google Main Right Side' scraper is not running. Checking if it is stuck...
08 Apr, 2025 16:52:40 - Process finished. Restarting the process...
08 Apr, 2025 16:52:40 - 'Google Main Right Side' scraper started.
08 Apr, 2025 16:53:40 - 'Google Main Right Side' scraper is still running.
08 Apr, 2025 16:53:40 - Last modified time: 105
08 Apr, 2025 16:54:40 - 'Google Main Right Side' scraper is still running.
08 Apr, 2025 16:54:40 - Last modified time: 165
08 Apr, 2025 16:55:40 - 'Google Main Right Side' scraper is not running. Checking if it is stuck...
08 Apr, 2025 16:55:40 - Process finished. Restarting the process...
08 Apr, 2025 16:55:40 - 'Google Main Right Side' scraper started.
08 Apr, 2025 16:56:40 - 'Google Main Right Side' scraper is still running.
08 Apr, 2025 16:56:40 - Last modified time: 105
08 Apr, 2025 16:57:40 - 'Google Main Right Side' scraper is still running.
08 Apr, 2025 16:57:40 - Last modified time: 165
08 Apr, 2025 16:58:40 - 'Google Main Right Side' scraper is not running. Checking if it is stuck...
08 Apr, 2025 16:58:40 - Process finished. Restarting the process...
08 Apr, 2025 16:58:40 - 'Google Main Right Side' scraper started.
08 Apr, 2025 16:59:40 - 'Google Main Right Side' scraper is still running.
08 Apr, 2025 16:59:40 - Last modified time: 106
08 Apr, 2025 17:00:40 - 'Google Main Right Side' scraper is still running.
08 Apr, 2025 17:00:40 - Last modified time: 166
08 Apr, 2025 17:01:40 - 'Google Main Right Side' scraper is not running. Checking if it is stuck...
08 Apr, 2025 17:01:40 - Process finished. Restarting the process...
08 Apr, 2025 17:01:40 - 'Google Main Right Side' scraper started.
08 Apr, 2025 17:02:40 - 'Google Main Right Side' scraper is still running.
08 Apr, 2025 17:02:40 - Last modified time: 107
08 Apr, 2025 17:03:40 - 'Google Main Right Side' scraper is still running.
08 Apr, 2025 17:03:40 - Last modified time: 167
08 Apr, 2025 17:04:40 - 'Google Main Right Side' scraper is not running. Checking if it is stuck...
08 Apr, 2025 17:04:40 - Process finished. Restarting the process...
08 Apr, 2025 17:04:40 - 'Google Main Right Side' scraper started.
08 Apr, 2025 17:05:40 - 'Google Main Right Side' scraper is still running.
08 Apr, 2025 17:05:40 - Last modified time: 108
08 Apr, 2025 17:06:40 - 'Google Main Right Side' scraper is still running.
08 Apr, 2025 17:06:40 - Last modified time: 168
08 Apr, 2025 17:07:40 - 'Google Main Right Side' scraper is not running. Checking if it is stuck...
08 Apr, 2025 17:07:40 - Process finished. Restarting the process...
08 Apr, 2025 17:07:40 - 'Google Main Right Side' scraper started.
08 Apr, 2025 17:08:40 - 'Google Main Right Side' scraper is still running.
08 Apr, 2025 17:08:40 - Last modified time: 109
08 Apr, 2025 17:09:40 - 'Google Main Right Side' scraper is still running.
08 Apr, 2025 17:09:40 - Last modified time: 169
08 Apr, 2025 17:10:40 - 'Google Main Right Side' scraper is not running. Checking if it is stuck...
08 Apr, 2025 17:10:40 - Process finished. Restarting the process...
08 Apr, 2025 17:10:40 - 'Google Main Right Side' scraper started.
08 Apr, 2025 17:11:40 - 'Google Main Right Side' scraper is still running.
08 Apr, 2025 17:11:40 - Last modified time: 104
08 Apr, 2025 17:12:40 - 'Google Main Right Side' scraper is still running.
08 Apr, 2025 17:12:40 - Last modified time: 164
08 Apr, 2025 17:13:41 - 'Google Main Right Side' scraper is not running. Checking if it is stuck...
08 Apr, 2025 17:13:41 - Process finished. Restarting the process...
08 Apr, 2025 17:13:41 - 'Google Main Right Side' scraper started.
08 Apr, 2025 17:14:41 - 'Google Main Right Side' scraper is still running.
08 Apr, 2025 17:14:41 - Last modified time: 106
08 Apr, 2025 17:15:41 - 'Google Main Right Side' scraper is still running.
08 Apr, 2025 17:15:41 - Last modified time: 166
08 Apr, 2025 17:16:41 - 'Google Main Right Side' scraper is not running. Checking if it is stuck...
08 Apr, 2025 17:16:41 - Process finished. Restarting the process...
08 Apr, 2025 17:16:41 - 'Google Main Right Side' scraper started.
08 Apr, 2025 17:17:41 - 'Google Main Right Side' scraper is still running.
08 Apr, 2025 17:17:41 - Last modified time: 107
08 Apr, 2025 17:18:41 - 'Google Main Right Side' scraper is still running.
08 Apr, 2025 17:18:41 - Last modified time: 167
08 Apr, 2025 17:19:41 - 'Google Main Right Side' scraper is not running. Checking if it is stuck...
08 Apr, 2025 17:19:41 - Process finished. Restarting the process...
08 Apr, 2025 17:19:41 - 'Google Main Right Side' scraper started.
08 Apr, 2025 17:20:41 - 'Google Main Right Side' scraper is still running.
08 Apr, 2025 17:20:41 - Last modified time: 108
08 Apr, 2025 17:21:41 - 'Google Main Right Side' scraper is still running.
08 Apr, 2025 17:21:41 - Last modified time: 168
08 Apr, 2025 17:22:41 - 'Google Main Right Side' scraper is not running. Checking if it is stuck...
08 Apr, 2025 17:22:41 - Process finished. Restarting the process...
08 Apr, 2025 17:22:41 - 'Google Main Right Side' scraper started.
08 Apr, 2025 17:23:41 - 'Google Main Right Side' scraper is still running.
08 Apr, 2025 17:23:41 - Last modified time: 109
08 Apr, 2025 17:24:41 - 'Google Main Right Side' scraper is still running.
08 Apr, 2025 17:24:41 - Last modified time: 169
08 Apr, 2025 17:25:41 - 'Google Main Right Side' scraper is not running. Checking if it is stuck...
08 Apr, 2025 17:25:41 - Process finished. Restarting the process...
08 Apr, 2025 17:25:41 - 'Google Main Right Side' scraper started.
08 Apr, 2025 17:26:41 - 'Google Main Right Side' scraper is still running.
08 Apr, 2025 17:26:41 - Last modified time: 104
08 Apr, 2025 17:27:41 - 'Google Main Right Side' scraper is still running.
08 Apr, 2025 17:27:41 - Last modified time: 164
08 Apr, 2025 17:28:41 - 'Google Main Right Side' scraper is not running. Checking if it is stuck...
08 Apr, 2025 17:28:41 - Process finished. Restarting the process...
08 Apr, 2025 17:28:41 - 'Google Main Right Side' scraper started.
08 Apr, 2025 17:29:41 - 'Google Main Right Side' scraper is still running.
08 Apr, 2025 17:29:41 - Last modified time: 105
08 Apr, 2025 17:30:41 - 'Google Main Right Side' scraper is still running.
08 Apr, 2025 17:30:41 - Last modified time: 165
08 Apr, 2025 17:31:41 - 'Google Main Right Side' scraper is not running. Checking if it is stuck...
08 Apr, 2025 17:31:41 - Process finished. Restarting the process...
08 Apr, 2025 17:31:41 - 'Google Main Right Side' scraper started.
08 Apr, 2025 17:32:41 - 'Google Main Right Side' scraper is still running.
08 Apr, 2025 17:32:41 - Last modified time: 106
08 Apr, 2025 17:33:41 - 'Google Main Right Side' scraper is still running.
08 Apr, 2025 17:33:41 - Last modified time: 166
08 Apr, 2025 17:34:41 - 'Google Main Right Side' scraper is not running. Checking if it is stuck...
08 Apr, 2025 17:34:41 - Process finished. Restarting the process...
08 Apr, 2025 17:34:41 - 'Google Main Right Side' scraper started.
08 Apr, 2025 17:35:41 - 'Google Main Right Side' scraper is still running.
08 Apr, 2025 17:35:41 - Last modified time: 107
08 Apr, 2025 17:36:41 - 'Google Main Right Side' scraper is still running.
08 Apr, 2025 17:36:41 - Last modified time: 167
08 Apr, 2025 17:37:42 - 'Google Main Right Side' scraper is not running. Checking if it is stuck...
08 Apr, 2025 17:37:42 - Process finished. Restarting the process...
08 Apr, 2025 17:37:42 - 'Google Main Right Side' scraper started.
08 Apr, 2025 17:38:42 - 'Google Main Right Side' scraper is still running.
08 Apr, 2025 17:38:42 - Last modified time: 108
08 Apr, 2025 17:39:42 - 'Google Main Right Side' scraper is still running.
08 Apr, 2025 17:39:42 - Last modified time: 168
08 Apr, 2025 17:40:42 - 'Google Main Right Side' scraper is not running. Checking if it is stuck...
08 Apr, 2025 17:40:42 - Process finished. Restarting the process...
08 Apr, 2025 17:40:42 - 'Google Main Right Side' scraper started.
08 Apr, 2025 17:41:42 - 'Google Main Right Side' scraper is still running.
08 Apr, 2025 17:41:42 - Last modified time: 109
08 Apr, 2025 17:42:42 - 'Google Main Right Side' scraper is still running.
08 Apr, 2025 17:42:42 - Last modified time: 169
08 Apr, 2025 17:43:42 - 'Google Main Right Side' scraper is not running. Checking if it is stuck...
08 Apr, 2025 17:43:42 - Process finished. Restarting the process...
08 Apr, 2025 17:43:42 - 'Google Main Right Side' scraper started.
08 Apr, 2025 17:44:42 - 'Google Main Right Side' scraper is still running.
08 Apr, 2025 17:44:42 - Last modified time: 105
08 Apr, 2025 17:45:42 - 'Google Main Right Side' scraper is still running.
08 Apr, 2025 17:45:42 - Last modified time: 165
08 Apr, 2025 17:46:42 - 'Google Main Right Side' scraper is not running. Checking if it is stuck...
08 Apr, 2025 17:46:42 - Process finished. Restarting the process...
08 Apr, 2025 17:46:42 - 'Google Main Right Side' scraper started.
08 Apr, 2025 17:47:42 - 'Google Main Right Side' scraper is still running.
08 Apr, 2025 17:47:42 - Last modified time: 106
08 Apr, 2025 17:48:42 - 'Google Main Right Side' scraper is still running.
08 Apr, 2025 17:48:42 - Last modified time: 166
08 Apr, 2025 17:49:42 - 'Google Main Right Side' scraper is not running. Checking if it is stuck...
08 Apr, 2025 17:49:42 - Process finished. Restarting the process...
08 Apr, 2025 17:49:42 - 'Google Main Right Side' scraper started.
08 Apr, 2025 17:50:42 - 'Google Main Right Side' scraper is still running.
08 Apr, 2025 17:50:42 - Last modified time: 107
08 Apr, 2025 17:51:42 - 'Google Main Right Side' scraper is still running.
08 Apr, 2025 17:51:42 - Last modified time: 167
08 Apr, 2025 17:52:42 - 'Google Main Right Side' scraper is not running. Checking if it is stuck...
08 Apr, 2025 17:52:42 - Process finished. Restarting the process...
08 Apr, 2025 17:52:42 - 'Google Main Right Side' scraper started.
08 Apr, 2025 17:53:42 - 'Google Main Right Side' scraper is still running.
08 Apr, 2025 17:53:42 - Last modified time: 107
08 Apr, 2025 17:54:42 - 'Google Main Right Side' scraper is still running.
08 Apr, 2025 17:54:42 - Last modified time: 167
08 Apr, 2025 17:55:42 - 'Google Main Right Side' scraper is not running. Checking if it is stuck...
08 Apr, 2025 17:55:42 - Process finished. Restarting the process...
08 Apr, 2025 17:55:42 - 'Google Main Right Side' scraper started.
08 Apr, 2025 17:56:42 - 'Google Main Right Side' scraper is still running.
08 Apr, 2025 17:56:42 - Last modified time: 108
08 Apr, 2025 17:57:42 - 'Google Main Right Side' scraper is still running.
08 Apr, 2025 17:57:42 - Last modified time: 168
08 Apr, 2025 17:58:42 - 'Google Main Right Side' scraper is not running. Checking if it is stuck...
08 Apr, 2025 17:58:42 - Process finished. Restarting the process...
08 Apr, 2025 17:58:42 - 'Google Main Right Side' scraper started.
08 Apr, 2025 17:59:42 - 'Google Main Right Side' scraper is still running.
08 Apr, 2025 17:59:42 - Last modified time: 104
08 Apr, 2025 18:00:43 - 'Google Main Right Side' scraper is still running.
08 Apr, 2025 18:00:43 - Last modified time: 165
08 Apr, 2025 18:01:43 - 'Google Main Right Side' scraper is not running. Checking if it is stuck...
08 Apr, 2025 18:01:43 - Process finished. Restarting the process...
08 Apr, 2025 18:01:43 - 'Google Main Right Side' scraper started.
08 Apr, 2025 18:02:43 - 'Google Main Right Side' scraper is still running.
08 Apr, 2025 18:02:43 - Last modified time: 106
08 Apr, 2025 18:03:43 - 'Google Main Right Side' scraper is still running.
08 Apr, 2025 18:03:43 - Last modified time: 166
08 Apr, 2025 18:04:43 - 'Google Main Right Side' scraper is not running. Checking if it is stuck...
08 Apr, 2025 18:04:43 - Process finished. Restarting the process...
08 Apr, 2025 18:04:43 - 'Google Main Right Side' scraper started.
08 Apr, 2025 18:05:43 - 'Google Main Right Side' scraper is still running.
08 Apr, 2025 18:05:43 - Last modified time: 106
08 Apr, 2025 18:06:43 - 'Google Main Right Side' scraper is still running.
08 Apr, 2025 18:06:43 - Last modified time: 166
08 Apr, 2025 18:07:43 - 'Google Main Right Side' scraper is not running. Checking if it is stuck...
08 Apr, 2025 18:07:43 - Process finished. Restarting the process...
08 Apr, 2025 18:07:43 - 'Google Main Right Side' scraper started.
08 Apr, 2025 18:08:43 - 'Google Main Right Side' scraper is still running.
08 Apr, 2025 18:08:43 - Last modified time: 107
08 Apr, 2025 18:09:43 - 'Google Main Right Side' scraper is still running.
08 Apr, 2025 18:09:43 - Last modified time: 167
08 Apr, 2025 18:10:43 - 'Google Main Right Side' scraper is not running. Checking if it is stuck...
08 Apr, 2025 18:10:43 - Process finished. Restarting the process...
08 Apr, 2025 18:10:43 - 'Google Main Right Side' scraper started.
08 Apr, 2025 18:11:43 - 'Google Main Right Side' scraper is still running.
08 Apr, 2025 18:11:43 - Last modified time: 108
08 Apr, 2025 18:12:43 - 'Google Main Right Side' scraper is still running.
08 Apr, 2025 18:12:43 - Last modified time: 168
08 Apr, 2025 18:13:43 - 'Google Main Right Side' scraper is not running. Checking if it is stuck...
08 Apr, 2025 18:13:43 - Process finished. Restarting the process...
08 Apr, 2025 18:13:43 - 'Google Main Right Side' scraper started.
08 Apr, 2025 18:14:43 - 'Google Main Right Side' scraper is still running.
08 Apr, 2025 18:14:43 - Last modified time: 109
08 Apr, 2025 18:15:43 - 'Google Main Right Side' scraper is still running.
08 Apr, 2025 18:15:43 - Last modified time: 169
08 Apr, 2025 18:16:43 - 'Google Main Right Side' scraper is not running. Checking if it is stuck...
08 Apr, 2025 18:16:43 - Process finished. Restarting the process...
08 Apr, 2025 18:16:43 - 'Google Main Right Side' scraper started.
08 Apr, 2025 18:17:43 - 'Google Main Right Side' scraper is still running.
08 Apr, 2025 18:17:43 - Last modified time: 104
08 Apr, 2025 18:18:43 - 'Google Main Right Side' scraper is still running.
08 Apr, 2025 18:18:43 - Last modified time: 164
08 Apr, 2025 18:19:43 - 'Google Main Right Side' scraper is not running. Checking if it is stuck...
08 Apr, 2025 18:19:43 - Process finished. Restarting the process...
08 Apr, 2025 18:19:43 - 'Google Main Right Side' scraper started.
08 Apr, 2025 18:20:43 - 'Google Main Right Side' scraper is still running.
08 Apr, 2025 18:20:43 - Last modified time: 105
08 Apr, 2025 18:21:43 - 'Google Main Right Side' scraper is still running.
08 Apr, 2025 18:21:43 - Last modified time: 165
08 Apr, 2025 18:22:43 - 'Google Main Right Side' scraper is not running. Checking if it is stuck...
08 Apr, 2025 18:22:43 - Process finished. Restarting the process...
08 Apr, 2025 18:22:43 - 'Google Main Right Side' scraper started.
08 Apr, 2025 18:23:43 - 'Google Main Right Side' scraper is still running.
08 Apr, 2025 18:23:43 - Last modified time: 106
08 Apr, 2025 18:24:44 - 'Google Main Right Side' scraper is still running.
08 Apr, 2025 18:24:44 - Last modified time: 167
08 Apr, 2025 18:25:44 - 'Google Main Right Side' scraper is not running. Checking if it is stuck...
08 Apr, 2025 18:25:44 - Process finished. Restarting the process...
08 Apr, 2025 18:25:44 - 'Google Main Right Side' scraper started.
08 Apr, 2025 18:26:44 - 'Google Main Right Side' scraper is still running.
08 Apr, 2025 18:26:44 - Last modified time: 107
08 Apr, 2025 18:27:44 - 'Google Main Right Side' scraper is still running.
08 Apr, 2025 18:27:44 - Last modified time: 167
08 Apr, 2025 18:28:44 - 'Google Main Right Side' scraper is not running. Checking if it is stuck...
08 Apr, 2025 18:28:44 - Process finished. Restarting the process...
08 Apr, 2025 18:28:44 - 'Google Main Right Side' scraper started.
08 Apr, 2025 18:29:44 - 'Google Main Right Side' scraper is still running.
08 Apr, 2025 18:29:44 - Last modified time: 108
08 Apr, 2025 18:30:44 - 'Google Main Right Side' scraper is still running.
08 Apr, 2025 18:30:44 - Last modified time: 168
08 Apr, 2025 18:31:44 - 'Google Main Right Side' scraper is not running. Checking if it is stuck...
08 Apr, 2025 18:31:44 - Process finished. Restarting the process...
08 Apr, 2025 18:31:44 - 'Google Main Right Side' scraper started.
08 Apr, 2025 18:32:44 - 'Google Main Right Side' scraper is still running.
08 Apr, 2025 18:32:44 - Last modified time: 109
08 Apr, 2025 18:33:44 - 'Google Main Right Side' scraper is still running.
08 Apr, 2025 18:33:44 - Last modified time: 169
08 Apr, 2025 18:34:44 - 'Google Main Right Side' scraper is not running. Checking if it is stuck...
08 Apr, 2025 18:34:44 - Process finished. Restarting the process...
08 Apr, 2025 18:34:44 - 'Google Main Right Side' scraper started.
08 Apr, 2025 18:35:44 - 'Google Main Right Side' scraper is still running.
08 Apr, 2025 18:35:44 - Last modified time: 105
08 Apr, 2025 18:36:45 - 'Google Main Right Side' scraper is still running.
08 Apr, 2025 18:36:45 - Last modified time: 166
08 Apr, 2025 18:37:45 - 'Google Main Right Side' scraper is not running. Checking if it is stuck...
08 Apr, 2025 18:37:45 - Process finished. Restarting the process...
08 Apr, 2025 18:37:45 - 'Google Main Right Side' scraper started.
08 Apr, 2025 18:38:45 - 'Google Main Right Side' scraper is still running.
08 Apr, 2025 18:38:45 - Last modified time: 106
08 Apr, 2025 18:39:45 - 'Google Main Right Side' scraper is still running.
08 Apr, 2025 18:39:45 - Last modified time: 166
08 Apr, 2025 18:40:45 - 'Google Main Right Side' scraper is not running. Checking if it is stuck...
08 Apr, 2025 18:40:45 - Process finished. Restarting the process...
08 Apr, 2025 18:40:45 - 'Google Main Right Side' scraper started.
08 Apr, 2025 18:41:45 - 'Google Main Right Side' scraper is still running.
08 Apr, 2025 18:41:45 - Last modified time: 107
08 Apr, 2025 18:42:45 - 'Google Main Right Side' scraper is still running.
08 Apr, 2025 18:42:45 - Last modified time: 167
08 Apr, 2025 18:43:45 - 'Google Main Right Side' scraper is not running. Checking if it is stuck...
08 Apr, 2025 18:43:45 - Process finished. Restarting the process...
08 Apr, 2025 18:43:45 - 'Google Main Right Side' scraper started.
08 Apr, 2025 18:44:45 - 'Google Main Right Side' scraper is still running.
08 Apr, 2025 18:44:45 - Last modified time: 108
08 Apr, 2025 18:45:45 - 'Google Main Right Side' scraper is still running.
08 Apr, 2025 18:45:45 - Last modified time: 168
08 Apr, 2025 18:46:45 - 'Google Main Right Side' scraper is not running. Checking if it is stuck...
08 Apr, 2025 18:46:45 - Process finished. Restarting the process...
08 Apr, 2025 18:46:45 - 'Google Main Right Side' scraper started.
08 Apr, 2025 18:47:45 - 'Google Main Right Side' scraper is still running.
08 Apr, 2025 18:47:45 - Last modified time: 109
08 Apr, 2025 18:48:45 - 'Google Main Right Side' scraper is still running.
08 Apr, 2025 18:48:45 - Last modified time: 169
08 Apr, 2025 18:49:45 - 'Google Main Right Side' scraper is not running. Checking if it is stuck...
08 Apr, 2025 18:49:45 - Process finished. Restarting the process...
08 Apr, 2025 18:49:45 - 'Google Main Right Side' scraper started.
08 Apr, 2025 18:50:45 - 'Google Main Right Side' scraper is still running.
08 Apr, 2025 18:50:45 - Last modified time: 104
08 Apr, 2025 18:51:45 - 'Google Main Right Side' scraper is still running.
08 Apr, 2025 18:51:45 - Last modified time: 164
08 Apr, 2025 18:52:45 - 'Google Main Right Side' scraper is not running. Checking if it is stuck...
08 Apr, 2025 18:52:45 - Process finished. Restarting the process...
08 Apr, 2025 18:52:45 - 'Google Main Right Side' scraper started.
08 Apr, 2025 18:53:45 - 'Google Main Right Side' scraper is still running.
08 Apr, 2025 18:53:45 - Last modified time: 105
08 Apr, 2025 18:54:45 - 'Google Main Right Side' scraper is still running.
08 Apr, 2025 18:54:45 - Last modified time: 165
08 Apr, 2025 18:55:45 - 'Google Main Right Side' scraper is not running. Checking if it is stuck...
08 Apr, 2025 18:55:45 - Process finished. Restarting the process...
08 Apr, 2025 18:55:45 - 'Google Main Right Side' scraper started.
08 Apr, 2025 18:56:45 - 'Google Main Right Side' scraper is still running.
08 Apr, 2025 18:56:45 - Last modified time: 106
08 Apr, 2025 18:57:45 - 'Google Main Right Side' scraper is still running.
08 Apr, 2025 18:57:45 - Last modified time: 166
08 Apr, 2025 18:58:45 - 'Google Main Right Side' scraper is not running. Checking if it is stuck...
08 Apr, 2025 18:58:45 - Process finished. Restarting the process...
08 Apr, 2025 18:58:45 - 'Google Main Right Side' scraper started.
08 Apr, 2025 18:59:46 - 'Google Main Right Side' scraper is still running.
08 Apr, 2025 18:59:46 - Last modified time: 108
08 Apr, 2025 19:00:46 - 'Google Main Right Side' scraper is still running.
08 Apr, 2025 19:00:46 - Last modified time: 168
08 Apr, 2025 19:01:46 - 'Google Main Right Side' scraper is not running. Checking if it is stuck...
08 Apr, 2025 19:01:46 - Process finished. Restarting the process...
08 Apr, 2025 19:01:46 - 'Google Main Right Side' scraper started.
08 Apr, 2025 19:02:47 - 'Google Main Right Side' scraper is still running.
08 Apr, 2025 19:02:47 - Last modified time: 109
08 Apr, 2025 19:03:47 - 'Google Main Right Side' scraper is still running.
08 Apr, 2025 19:03:47 - Last modified time: 169
08 Apr, 2025 19:04:47 - 'Google Main Right Side' scraper is not running. Checking if it is stuck...
08 Apr, 2025 19:04:47 - Process finished. Restarting the process...
08 Apr, 2025 19:04:47 - 'Google Main Right Side' scraper started.
08 Apr, 2025 19:05:47 - 'Google Main Right Side' scraper is still running.
08 Apr, 2025 19:05:47 - Last modified time: 109
08 Apr, 2025 19:06:48 - 'Google Main Right Side' scraper is still running.
08 Apr, 2025 19:06:48 - Last modified time: 170
08 Apr, 2025 19:07:49 - 'Google Main Right Side' scraper is not running. Checking if it is stuck...
08 Apr, 2025 19:07:49 - Process finished. Restarting the process...
08 Apr, 2025 19:07:49 - 'Google Main Right Side' scraper started.
08 Apr, 2025 19:08:50 - 'Google Main Right Side' scraper is still running.
08 Apr, 2025 19:08:50 - Last modified time: 106
08 Apr, 2025 19:09:51 - 'Google Main Right Side' scraper is still running.
08 Apr, 2025 19:09:51 - Last modified time: 167
08 Apr, 2025 19:10:52 - 'Google Main Right Side' scraper is not running. Checking if it is stuck...
08 Apr, 2025 19:10:53 - Process finished. Restarting the process...
08 Apr, 2025 19:10:53 - 'Google Main Right Side' scraper started.
08 Apr, 2025 19:11:53 - 'Google Main Right Side' scraper is still running.
08 Apr, 2025 19:11:53 - Last modified time: 107
08 Apr, 2025 19:12:54 - 'Google Main Right Side' scraper is still running.
08 Apr, 2025 19:12:54 - Last modified time: 168
08 Apr, 2025 19:13:55 - 'Google Main Right Side' scraper is not running. Checking if it is stuck...
08 Apr, 2025 19:13:55 - Process finished. Restarting the process...
08 Apr, 2025 19:13:55 - 'Google Main Right Side' scraper started.
08 Apr, 2025 19:14:56 - 'Google Main Right Side' scraper is still running.
08 Apr, 2025 19:14:56 - Last modified time: 108
08 Apr, 2025 19:15:57 - 'Google Main Right Side' scraper is still running.
08 Apr, 2025 19:15:57 - Last modified time: 169
08 Apr, 2025 19:16:58 - 'Google Main Right Side' scraper is not running. Checking if it is stuck...
08 Apr, 2025 19:16:58 - Process finished. Restarting the process...
08 Apr, 2025 19:16:58 - 'Google Main Right Side' scraper started.
08 Apr, 2025 19:17:59 - 'Google Main Right Side' scraper is still running.
08 Apr, 2025 19:17:59 - Last modified time: 110
08 Apr, 2025 19:19:00 - 'Google Main Right Side' scraper is still running.
08 Apr, 2025 19:19:00 - Last modified time: 171
08 Apr, 2025 19:20:00 - 'Google Main Right Side' scraper is not running. Checking if it is stuck...
08 Apr, 2025 19:20:00 - Process finished. Restarting the process...
08 Apr, 2025 19:20:01 - 'Google Main Right Side' scraper started.
08 Apr, 2025 19:21:01 - 'Google Main Right Side' scraper is still running.
08 Apr, 2025 19:21:01 - Last modified time: 110
08 Apr, 2025 19:22:02 - 'Google Main Right Side' scraper is still running.
08 Apr, 2025 19:22:03 - Last modified time: 172
08 Apr, 2025 19:23:04 - 'Google Main Right Side' scraper is not running. Checking if it is stuck...
08 Apr, 2025 19:23:04 - Process finished. Restarting the process...
08 Apr, 2025 19:23:04 - 'Google Main Right Side' scraper started.
08 Apr, 2025 19:24:05 - 'Google Main Right Side' scraper is still running.
08 Apr, 2025 19:24:05 - Last modified time: 107
08 Apr, 2025 19:25:06 - 'Google Main Right Side' scraper is still running.
08 Apr, 2025 19:25:06 - Last modified time: 168
08 Apr, 2025 19:26:07 - 'Google Main Right Side' scraper is not running. Checking if it is stuck...
08 Apr, 2025 19:26:07 - Process finished. Restarting the process...
08 Apr, 2025 19:26:07 - 'Google Main Right Side' scraper started.
08 Apr, 2025 19:27:07 - 'Google Main Right Side' scraper is still running.
08 Apr, 2025 19:27:07 - Last modified time: 107
08 Apr, 2025 19:28:08 - 'Google Main Right Side' scraper is still running.
08 Apr, 2025 19:28:08 - Last modified time: 168
08 Apr, 2025 19:29:09 - 'Google Main Right Side' scraper is not running. Checking if it is stuck...
08 Apr, 2025 19:29:09 - Process finished. Restarting the process...
08 Apr, 2025 19:29:09 - 'Google Main Right Side' scraper started.
08 Apr, 2025 19:30:10 - 'Google Main Right Side' scraper is still running.
08 Apr, 2025 19:30:10 - Last modified time: 108
08 Apr, 2025 19:31:11 - 'Google Main Right Side' scraper is still running.
08 Apr, 2025 19:31:11 - Last modified time: 169
08 Apr, 2025 19:32:12 - 'Google Main Right Side' scraper is not running. Checking if it is stuck...
08 Apr, 2025 19:32:12 - Process finished. Restarting the process...
08 Apr, 2025 19:32:12 - 'Google Main Right Side' scraper started.
08 Apr, 2025 19:33:13 - 'Google Main Right Side' scraper is still running.
08 Apr, 2025 19:33:14 - Last modified time: 110
08 Apr, 2025 19:34:14 - 'Google Main Right Side' scraper is still running.
08 Apr, 2025 19:34:14 - Last modified time: 170
08 Apr, 2025 19:35:15 - 'Google Main Right Side' scraper is not running. Checking if it is stuck...
08 Apr, 2025 19:35:15 - Process finished. Restarting the process...
08 Apr, 2025 19:35:15 - 'Google Main Right Side' scraper started.
08 Apr, 2025 19:36:16 - 'Google Main Right Side' scraper is still running.
08 Apr, 2025 19:36:16 - Last modified time: 110
08 Apr, 2025 19:37:17 - 'Google Main Right Side' scraper is still running.
08 Apr, 2025 19:37:17 - Last modified time: 171
08 Apr, 2025 19:38:19 - 'Google Main Right Side' scraper is not running. Checking if it is stuck...
08 Apr, 2025 19:38:19 - Process finished. Restarting the process...
08 Apr, 2025 19:38:19 - 'Google Main Right Side' scraper started.
08 Apr, 2025 19:39:20 - 'Google Main Right Side' scraper is still running.
08 Apr, 2025 19:39:20 - Last modified time: 111
08 Apr, 2025 19:40:21 - 'Google Main Right Side' scraper is still running.
08 Apr, 2025 19:40:21 - Last modified time: 172
08 Apr, 2025 19:41:21 - 'Google Main Right Side' scraper is not running. Checking if it is stuck...
08 Apr, 2025 19:41:21 - Process finished. Restarting the process...
08 Apr, 2025 19:41:21 - 'Google Main Right Side' scraper started.
08 Apr, 2025 19:42:23 - 'Google Main Right Side' scraper is still running.
08 Apr, 2025 19:42:23 - Last modified time: 107
08 Apr, 2025 19:43:24 - 'Google Main Right Side' scraper is still running.
08 Apr, 2025 19:43:24 - Last modified time: 168
08 Apr, 2025 19:44:25 - 'Google Main Right Side' scraper is not running. Checking if it is stuck...
08 Apr, 2025 19:44:25 - Process finished. Restarting the process...
08 Apr, 2025 19:44:25 - 'Google Main Right Side' scraper started.
08 Apr, 2025 19:45:26 - 'Google Main Right Side' scraper is still running.
08 Apr, 2025 19:45:26 - Last modified time: 108
08 Apr, 2025 19:46:27 - 'Google Main Right Side' scraper is still running.
08 Apr, 2025 19:46:27 - Last modified time: 169
08 Apr, 2025 19:47:28 - 'Google Main Right Side' scraper is not running. Checking if it is stuck...
08 Apr, 2025 19:47:28 - Process finished. Restarting the process...
08 Apr, 2025 19:47:28 - 'Google Main Right Side' scraper started.
08 Apr, 2025 19:48:30 - 'Google Main Right Side' scraper is still running.
08 Apr, 2025 19:48:30 - Last modified time: 109
08 Apr, 2025 19:49:30 - 'Google Main Right Side' scraper is still running.
08 Apr, 2025 19:49:30 - Last modified time: 169
08 Apr, 2025 19:50:31 - 'Google Main Right Side' scraper is not running. Checking if it is stuck...
08 Apr, 2025 19:50:31 - Process finished. Restarting the process...
08 Apr, 2025 19:50:31 - 'Google Main Right Side' scraper started.
08 Apr, 2025 19:51:32 - 'Google Main Right Side' scraper is still running.
08 Apr, 2025 19:51:32 - Last modified time: 109
08 Apr, 2025 19:52:34 - 'Google Main Right Side' scraper is still running.
08 Apr, 2025 19:52:34 - Last modified time: 171
08 Apr, 2025 19:53:35 - 'Google Main Right Side' scraper is not running. Checking if it is stuck...
08 Apr, 2025 19:53:35 - Process finished. Restarting the process...
08 Apr, 2025 19:53:35 - 'Google Main Right Side' scraper started.
08 Apr, 2025 19:54:36 - 'Google Main Right Side' scraper is still running.
08 Apr, 2025 19:54:36 - Last modified time: 111
08 Apr, 2025 19:55:37 - 'Google Main Right Side' scraper is still running.
08 Apr, 2025 19:55:37 - Last modified time: 172
08 Apr, 2025 19:56:38 - 'Google Main Right Side' scraper is not running. Checking if it is stuck...
08 Apr, 2025 19:56:38 - Process finished. Restarting the process...
08 Apr, 2025 19:56:38 - 'Google Main Right Side' scraper started.
08 Apr, 2025 19:57:39 - 'Google Main Right Side' scraper is still running.
08 Apr, 2025 19:57:39 - Last modified time: 107
08 Apr, 2025 19:58:40 - 'Google Main Right Side' scraper is still running.
08 Apr, 2025 19:58:40 - Last modified time: 168
08 Apr, 2025 19:59:41 - 'Google Main Right Side' scraper is not running. Checking if it is stuck...
08 Apr, 2025 19:59:41 - Process finished. Restarting the process...
08 Apr, 2025 19:59:41 - 'Google Main Right Side' scraper started.
08 Apr, 2025 20:00:42 - 'Google Main Right Side' scraper is still running.
08 Apr, 2025 20:00:42 - Last modified time: 107
08 Apr, 2025 20:01:43 - 'Google Main Right Side' scraper is still running.
08 Apr, 2025 20:01:43 - Last modified time: 168
08 Apr, 2025 20:02:45 - 'Google Main Right Side' scraper is not running. Checking if it is stuck...
08 Apr, 2025 20:02:45 - Process finished. Restarting the process...
08 Apr, 2025 20:02:45 - 'Google Main Right Side' scraper started.
08 Apr, 2025 20:03:45 - 'Google Main Right Side' scraper is still running.
08 Apr, 2025 20:03:45 - Last modified time: 108
08 Apr, 2025 20:04:46 - 'Google Main Right Side' scraper is still running.
08 Apr, 2025 20:04:46 - Last modified time: 169
08 Apr, 2025 20:05:48 - 'Google Main Right Side' scraper is not running. Checking if it is stuck...
08 Apr, 2025 20:05:48 - Process finished. Restarting the process...
08 Apr, 2025 20:05:48 - 'Google Main Right Side' scraper started.
08 Apr, 2025 20:06:49 - 'Google Main Right Side' scraper is still running.
08 Apr, 2025 20:06:49 - Last modified time: 109
08 Apr, 2025 20:07:50 - 'Google Main Right Side' scraper is still running.
08 Apr, 2025 20:07:50 - Last modified time: 170
08 Apr, 2025 20:08:51 - 'Google Main Right Side' scraper is not running. Checking if it is stuck...
08 Apr, 2025 20:08:51 - Process finished. Restarting the process...
08 Apr, 2025 20:08:51 - 'Google Main Right Side' scraper started.
08 Apr, 2025 20:09:52 - 'Google Main Right Side' scraper is still running.
08 Apr, 2025 20:09:52 - Last modified time: 110
08 Apr, 2025 20:10:53 - 'Google Main Right Side' scraper is still running.
08 Apr, 2025 20:10:53 - Last modified time: 171
08 Apr, 2025 20:11:54 - 'Google Main Right Side' scraper is not running. Checking if it is stuck...
08 Apr, 2025 20:11:54 - Process finished. Restarting the process...
08 Apr, 2025 20:11:54 - 'Google Main Right Side' scraper started.
08 Apr, 2025 20:12:55 - 'Google Main Right Side' scraper is still running.
08 Apr, 2025 20:12:55 - Last modified time: 111
08 Apr, 2025 20:13:56 - 'Google Main Right Side' scraper is still running.
08 Apr, 2025 20:13:56 - Last modified time: 172
08 Apr, 2025 20:14:57 - 'Google Main Right Side' scraper is not running. Checking if it is stuck...
08 Apr, 2025 20:14:57 - Process finished. Restarting the process...
08 Apr, 2025 20:14:57 - 'Google Main Right Side' scraper started.
08 Apr, 2025 20:15:58 - 'Google Main Right Side' scraper is still running.
08 Apr, 2025 20:15:58 - Last modified time: 107
08 Apr, 2025 20:16:59 - 'Google Main Right Side' scraper is still running.
08 Apr, 2025 20:16:59 - Last modified time: 168
08 Apr, 2025 20:18:00 - 'Google Main Right Side' scraper is not running. Checking if it is stuck...
08 Apr, 2025 20:18:00 - Process finished. Restarting the process...
08 Apr, 2025 20:18:00 - 'Google Main Right Side' scraper started.
08 Apr, 2025 20:19:01 - 'Google Main Right Side' scraper is still running.
08 Apr, 2025 20:19:01 - Last modified time: 107
08 Apr, 2025 20:20:02 - 'Google Main Right Side' scraper is still running.
08 Apr, 2025 20:20:02 - Last modified time: 168
08 Apr, 2025 20:21:03 - 'Google Main Right Side' scraper is not running. Checking if it is stuck...
08 Apr, 2025 20:21:03 - Process finished. Restarting the process...
08 Apr, 2025 20:21:03 - 'Google Main Right Side' scraper started.
08 Apr, 2025 20:22:05 - 'Google Main Right Side' scraper is still running.
08 Apr, 2025 20:22:05 - Last modified time: 109
08 Apr, 2025 20:23:06 - 'Google Main Right Side' scraper is still running.
08 Apr, 2025 20:23:06 - Last modified time: 170
08 Apr, 2025 20:24:07 - 'Google Main Right Side' scraper is not running. Checking if it is stuck...
08 Apr, 2025 20:24:07 - Process finished. Restarting the process...
08 Apr, 2025 20:24:07 - 'Google Main Right Side' scraper started.
08 Apr, 2025 20:25:08 - 'Google Main Right Side' scraper is still running.
08 Apr, 2025 20:25:08 - Last modified time: 110
08 Apr, 2025 20:26:09 - 'Google Main Right Side' scraper is still running.
08 Apr, 2025 20:26:09 - Last modified time: 171
08 Apr, 2025 20:27:10 - 'Google Main Right Side' scraper is not running. Checking if it is stuck...
08 Apr, 2025 20:27:10 - Process finished. Restarting the process...
08 Apr, 2025 20:27:10 - 'Google Main Right Side' scraper started.
08 Apr, 2025 20:28:11 - 'Google Main Right Side' scraper is still running.
08 Apr, 2025 20:28:11 - Last modified time: 110
08 Apr, 2025 20:29:13 - 'Google Main Right Side' scraper is still running.
08 Apr, 2025 20:29:13 - Last modified time: 172
08 Apr, 2025 20:30:14 - 'Google Main Right Side' scraper is not running. Checking if it is stuck...
08 Apr, 2025 20:30:14 - Process finished. Restarting the process...
08 Apr, 2025 20:30:14 - 'Google Main Right Side' scraper started.
08 Apr, 2025 20:31:15 - 'Google Main Right Side' scraper is still running.
08 Apr, 2025 20:31:15 - Last modified time: 106
08 Apr, 2025 20:32:16 - 'Google Main Right Side' scraper is still running.
08 Apr, 2025 20:32:16 - Last modified time: 167
08 Apr, 2025 20:33:17 - 'Google Main Right Side' scraper is not running. Checking if it is stuck...
08 Apr, 2025 20:33:17 - Process finished. Restarting the process...
08 Apr, 2025 20:33:17 - 'Google Main Right Side' scraper started.
08 Apr, 2025 20:34:18 - 'Google Main Right Side' scraper is still running.
08 Apr, 2025 20:34:18 - Last modified time: 107
08 Apr, 2025 20:35:19 - 'Google Main Right Side' scraper is still running.
08 Apr, 2025 20:35:19 - Last modified time: 168
08 Apr, 2025 20:36:21 - 'Google Main Right Side' scraper is not running. Checking if it is stuck...
08 Apr, 2025 20:36:21 - Process finished. Restarting the process...
08 Apr, 2025 20:36:21 - 'Google Main Right Side' scraper started.
08 Apr, 2025 20:37:22 - 'Google Main Right Side' scraper is still running.
08 Apr, 2025 20:37:22 - Last modified time: 108
08 Apr, 2025 20:38:23 - 'Google Main Right Side' scraper is still running.
08 Apr, 2025 20:38:23 - Last modified time: 169
08 Apr, 2025 20:39:24 - 'Google Main Right Side' scraper is not running. Checking if it is stuck...
08 Apr, 2025 20:39:24 - Process finished. Restarting the process...
08 Apr, 2025 20:39:24 - 'Google Main Right Side' scraper started.
08 Apr, 2025 20:40:25 - 'Google Main Right Side' scraper is still running.
08 Apr, 2025 20:40:25 - Last modified time: 109
08 Apr, 2025 20:41:26 - 'Google Main Right Side' scraper is still running.
08 Apr, 2025 20:41:26 - Last modified time: 170
08 Apr, 2025 20:42:27 - 'Google Main Right Side' scraper is not running. Checking if it is stuck...
08 Apr, 2025 20:42:27 - Process finished. Restarting the process...
08 Apr, 2025 20:42:27 - 'Google Main Right Side' scraper started.
08 Apr, 2025 20:43:28 - 'Google Main Right Side' scraper is still running.
08 Apr, 2025 20:43:28 - Last modified time: 110
08 Apr, 2025 20:44:30 - 'Google Main Right Side' scraper is still running.
08 Apr, 2025 20:44:30 - Last modified time: 172
08 Apr, 2025 20:45:31 - 'Google Main Right Side' scraper is not running. Checking if it is stuck...
08 Apr, 2025 20:45:31 - Process finished. Restarting the process...
08 Apr, 2025 20:45:31 - 'Google Main Right Side' scraper started.
08 Apr, 2025 20:46:32 - 'Google Main Right Side' scraper is still running.
08 Apr, 2025 20:46:32 - Last modified time: 111
08 Apr, 2025 20:47:34 - 'Google Main Right Side' scraper is still running.
08 Apr, 2025 20:47:34 - Last modified time: 173
08 Apr, 2025 20:48:34 - 'Google Main Right Side' scraper is not running. Checking if it is stuck...
08 Apr, 2025 20:48:34 - Process finished. Restarting the process...
08 Apr, 2025 20:48:34 - 'Google Main Right Side' scraper started.
08 Apr, 2025 20:49:36 - 'Google Main Right Side' scraper is still running.
08 Apr, 2025 20:49:36 - Last modified time: 107
08 Apr, 2025 20:50:37 - 'Google Main Right Side' scraper is still running.
08 Apr, 2025 20:50:37 - Last modified time: 168
08 Apr, 2025 20:51:38 - 'Google Main Right Side' scraper is not running. Checking if it is stuck...
08 Apr, 2025 20:51:38 - Process finished. Restarting the process...
08 Apr, 2025 20:51:38 - 'Google Main Right Side' scraper started.
08 Apr, 2025 20:52:39 - 'Google Main Right Side' scraper is still running.
08 Apr, 2025 20:52:39 - Last modified time: 108
08 Apr, 2025 20:53:41 - 'Google Main Right Side' scraper is still running.
08 Apr, 2025 20:53:41 - Last modified time: 170
08 Apr, 2025 20:54:42 - 'Google Main Right Side' scraper is not running. Checking if it is stuck...
08 Apr, 2025 20:54:42 - Process finished. Restarting the process...
08 Apr, 2025 20:54:42 - 'Google Main Right Side' scraper started.
08 Apr, 2025 20:55:43 - 'Google Main Right Side' scraper is still running.
08 Apr, 2025 20:55:43 - Last modified time: 109
08 Apr, 2025 20:56:44 - 'Google Main Right Side' scraper is still running.
08 Apr, 2025 20:56:44 - Last modified time: 170
08 Apr, 2025 20:57:45 - 'Google Main Right Side' scraper is not running. Checking if it is stuck...
08 Apr, 2025 20:57:45 - Process finished. Restarting the process...
08 Apr, 2025 20:57:45 - 'Google Main Right Side' scraper started.
08 Apr, 2025 20:58:47 - 'Google Main Right Side' scraper is still running.
08 Apr, 2025 20:58:47 - Last modified time: 110
08 Apr, 2025 20:59:48 - 'Google Main Right Side' scraper is still running.
08 Apr, 2025 20:59:48 - Last modified time: 171
08 Apr, 2025 21:00:49 - 'Google Main Right Side' scraper is not running. Checking if it is stuck...
08 Apr, 2025 21:00:49 - Process finished. Restarting the process...
08 Apr, 2025 21:00:49 - 'Google Main Right Side' scraper started.
08 Apr, 2025 21:01:50 - 'Google Main Right Side' scraper is still running.
08 Apr, 2025 21:01:50 - Last modified time: 110
08 Apr, 2025 21:02:51 - 'Google Main Right Side' scraper is still running.
08 Apr, 2025 21:02:51 - Last modified time: 171
08 Apr, 2025 21:03:52 - 'Google Main Right Side' scraper is not running. Checking if it is stuck...
08 Apr, 2025 21:03:52 - Process finished. Restarting the process...
08 Apr, 2025 21:03:52 - 'Google Main Right Side' scraper started.
08 Apr, 2025 21:04:54 - 'Google Main Right Side' scraper is still running.
08 Apr, 2025 21:04:54 - Last modified time: 107
08 Apr, 2025 21:05:55 - 'Google Main Right Side' scraper is still running.
08 Apr, 2025 21:05:55 - Last modified time: 168
08 Apr, 2025 21:06:56 - 'Google Main Right Side' scraper is not running. Checking if it is stuck...
08 Apr, 2025 21:06:56 - Process finished. Restarting the process...
08 Apr, 2025 21:06:56 - 'Google Main Right Side' scraper started.
08 Apr, 2025 21:07:57 - 'Google Main Right Side' scraper is still running.
08 Apr, 2025 21:07:57 - Last modified time: 107
08 Apr, 2025 21:08:59 - 'Google Main Right Side' scraper is still running.
08 Apr, 2025 21:08:59 - Last modified time: 169
08 Apr, 2025 21:09:59 - 'Google Main Right Side' scraper is not running. Checking if it is stuck...
08 Apr, 2025 21:09:59 - Process finished. Restarting the process...
08 Apr, 2025 21:09:59 - 'Google Main Right Side' scraper started.
08 Apr, 2025 21:11:01 - 'Google Main Right Side' scraper is still running.
08 Apr, 2025 21:11:01 - Last modified time: 108
08 Apr, 2025 21:12:02 - 'Google Main Right Side' scraper is still running.
08 Apr, 2025 21:12:02 - Last modified time: 169
08 Apr, 2025 21:13:03 - 'Google Main Right Side' scraper is not running. Checking if it is stuck...
08 Apr, 2025 21:13:03 - Process finished. Restarting the process...
08 Apr, 2025 21:13:03 - 'Google Main Right Side' scraper started.
08 Apr, 2025 21:14:05 - 'Google Main Right Side' scraper is still running.
08 Apr, 2025 21:14:05 - Last modified time: 110
08 Apr, 2025 21:15:06 - 'Google Main Right Side' scraper is still running.
08 Apr, 2025 21:15:06 - Last modified time: 171
08 Apr, 2025 21:16:07 - 'Google Main Right Side' scraper is not running. Checking if it is stuck...
08 Apr, 2025 21:16:07 - Process finished. Restarting the process...
08 Apr, 2025 21:16:07 - 'Google Main Right Side' scraper started.
08 Apr, 2025 21:17:08 - 'Google Main Right Side' scraper is still running.
08 Apr, 2025 21:17:08 - Last modified time: 110
08 Apr, 2025 21:18:09 - 'Google Main Right Side' scraper is still running.
08 Apr, 2025 21:18:09 - Last modified time: 171
08 Apr, 2025 21:19:10 - 'Google Main Right Side' scraper is not running. Checking if it is stuck...
08 Apr, 2025 21:19:10 - Process finished. Restarting the process...
08 Apr, 2025 21:19:10 - 'Google Main Right Side' scraper started.
08 Apr, 2025 21:20:11 - 'Google Main Right Side' scraper is still running.
08 Apr, 2025 21:20:11 - Last modified time: 110
08 Apr, 2025 21:21:11 - 'Google Main Right Side' scraper is still running.
08 Apr, 2025 21:21:11 - Last modified time: 170
08 Apr, 2025 21:22:11 - 'Google Main Right Side' scraper is not running. Checking if it is stuck...
08 Apr, 2025 21:22:11 - Process finished. Restarting the process...
08 Apr, 2025 21:22:11 - 'Google Main Right Side' scraper started.
08 Apr, 2025 21:23:12 - 'Google Main Right Side' scraper is still running.
08 Apr, 2025 21:23:12 - Last modified time: 106
08 Apr, 2025 21:24:12 - 'Google Main Right Side' scraper is still running.
08 Apr, 2025 21:24:12 - Last modified time: 166
08 Apr, 2025 21:25:13 - 'Google Main Right Side' scraper is not running. Checking if it is stuck...
08 Apr, 2025 21:25:13 - Process finished. Restarting the process...
08 Apr, 2025 21:25:13 - 'Google Main Right Side' scraper started.
08 Apr, 2025 21:26:14 - 'Google Main Right Side' scraper is still running.
08 Apr, 2025 21:26:14 - Last modified time: 107
08 Apr, 2025 21:27:15 - 'Google Main Right Side' scraper is still running.
08 Apr, 2025 21:27:15 - Last modified time: 168
08 Apr, 2025 21:28:16 - 'Google Main Right Side' scraper is not running. Checking if it is stuck...
08 Apr, 2025 21:28:16 - Process finished. Restarting the process...
08 Apr, 2025 21:28:16 - 'Google Main Right Side' scraper started.
08 Apr, 2025 21:29:16 - 'Google Main Right Side' scraper is still running.
08 Apr, 2025 21:29:16 - Last modified time: 108
08 Apr, 2025 21:30:17 - 'Google Main Right Side' scraper is still running.
08 Apr, 2025 21:30:17 - Last modified time: 169
08 Apr, 2025 21:31:18 - 'Google Main Right Side' scraper is not running. Checking if it is stuck...
08 Apr, 2025 21:31:18 - Process finished. Restarting the process...
08 Apr, 2025 21:31:18 - 'Google Main Right Side' scraper started.
08 Apr, 2025 21:32:19 - 'Google Main Right Side' scraper is still running.
08 Apr, 2025 21:32:19 - Last modified time: 109
08 Apr, 2025 21:33:20 - 'Google Main Right Side' scraper is still running.
08 Apr, 2025 21:33:20 - Last modified time: 170
08 Apr, 2025 21:34:21 - 'Google Main Right Side' scraper is not running. Checking if it is stuck...
08 Apr, 2025 21:34:21 - Process finished. Restarting the process...
08 Apr, 2025 21:34:21 - 'Google Main Right Side' scraper started.
08 Apr, 2025 21:35:22 - 'Google Main Right Side' scraper is still running.
08 Apr, 2025 21:35:22 - Last modified time: 110
08 Apr, 2025 21:36:24 - 'Google Main Right Side' scraper is still running.
08 Apr, 2025 21:36:24 - Last modified time: 172
08 Apr, 2025 21:37:25 - 'Google Main Right Side' scraper is not running. Checking if it is stuck...
08 Apr, 2025 21:37:25 - Process finished. Restarting the process...
08 Apr, 2025 21:37:25 - 'Google Main Right Side' scraper started.
08 Apr, 2025 21:38:26 - 'Google Main Right Side' scraper is still running.
08 Apr, 2025 21:38:26 - Last modified time: 106
08 Apr, 2025 21:39:27 - 'Google Main Right Side' scraper is still running.
08 Apr, 2025 21:39:27 - Last modified time: 167
08 Apr, 2025 21:40:28 - 'Google Main Right Side' scraper is not running. Checking if it is stuck...
08 Apr, 2025 21:40:28 - Process finished. Restarting the process...
08 Apr, 2025 21:40:28 - 'Google Main Right Side' scraper started.
08 Apr, 2025 21:41:29 - 'Google Main Right Side' scraper is still running.
08 Apr, 2025 21:41:29 - Last modified time: 107
08 Apr, 2025 21:42:30 - 'Google Main Right Side' scraper is still running.
08 Apr, 2025 21:42:30 - Last modified time: 168
08 Apr, 2025 21:43:31 - 'Google Main Right Side' scraper is not running. Checking if it is stuck...
08 Apr, 2025 21:43:31 - Process finished. Restarting the process...
08 Apr, 2025 21:43:31 - 'Google Main Right Side' scraper started.
08 Apr, 2025 21:44:32 - 'Google Main Right Side' scraper is still running.
08 Apr, 2025 21:44:32 - Last modified time: 108
08 Apr, 2025 21:45:33 - 'Google Main Right Side' scraper is still running.
08 Apr, 2025 21:45:33 - Last modified time: 169
08 Apr, 2025 21:46:33 - 'Google Main Right Side' scraper is not running. Checking if it is stuck...
08 Apr, 2025 21:46:34 - Process finished. Restarting the process...
08 Apr, 2025 21:46:34 - 'Google Main Right Side' scraper started.
08 Apr, 2025 21:47:35 - 'Google Main Right Side' scraper is still running.
08 Apr, 2025 21:47:35 - Last modified time: 109
08 Apr, 2025 21:48:36 - 'Google Main Right Side' scraper is still running.
08 Apr, 2025 21:48:36 - Last modified time: 170
08 Apr, 2025 21:49:37 - 'Google Main Right Side' scraper is not running. Checking if it is stuck...
08 Apr, 2025 21:49:37 - Process finished. Restarting the process...
08 Apr, 2025 21:49:37 - 'Google Main Right Side' scraper started.
08 Apr, 2025 21:50:38 - 'Google Main Right Side' scraper is still running.
08 Apr, 2025 21:50:38 - Last modified time: 110
08 Apr, 2025 21:51:39 - 'Google Main Right Side' scraper is still running.
08 Apr, 2025 21:51:39 - Last modified time: 171
08 Apr, 2025 21:52:40 - 'Google Main Right Side' scraper is not running. Checking if it is stuck...
08 Apr, 2025 21:52:40 - Process finished. Restarting the process...
08 Apr, 2025 21:52:40 - 'Google Main Right Side' scraper started.
08 Apr, 2025 21:53:41 - 'Google Main Right Side' scraper is still running.
08 Apr, 2025 21:53:41 - Last modified time: 111
08 Apr, 2025 21:54:42 - 'Google Main Right Side' scraper is still running.
08 Apr, 2025 21:54:42 - Last modified time: 172
08 Apr, 2025 21:55:43 - 'Google Main Right Side' scraper is not running. Checking if it is stuck...
08 Apr, 2025 21:55:43 - Process finished. Restarting the process...
08 Apr, 2025 21:55:43 - 'Google Main Right Side' scraper started.
08 Apr, 2025 21:56:45 - 'Google Main Right Side' scraper is still running.
08 Apr, 2025 21:56:45 - Last modified time: 107
08 Apr, 2025 21:57:46 - 'Google Main Right Side' scraper is still running.
08 Apr, 2025 21:57:46 - Last modified time: 168
08 Apr, 2025 21:58:47 - 'Google Main Right Side' scraper is not running. Checking if it is stuck...
08 Apr, 2025 21:58:47 - Process finished. Restarting the process...
08 Apr, 2025 21:58:47 - 'Google Main Right Side' scraper started.
08 Apr, 2025 21:59:48 - 'Google Main Right Side' scraper is still running.
08 Apr, 2025 21:59:48 - Last modified time: 107
08 Apr, 2025 22:00:50 - 'Google Main Right Side' scraper is still running.
08 Apr, 2025 22:00:50 - Last modified time: 169
08 Apr, 2025 22:01:50 - 'Google Main Right Side' scraper is not running. Checking if it is stuck...
08 Apr, 2025 22:01:50 - Process finished. Restarting the process...
08 Apr, 2025 22:01:50 - 'Google Main Right Side' scraper started.
08 Apr, 2025 22:02:52 - 'Google Main Right Side' scraper is still running.
08 Apr, 2025 22:02:52 - Last modified time: 109
08 Apr, 2025 22:03:53 - 'Google Main Right Side' scraper is still running.
08 Apr, 2025 22:03:53 - Last modified time: 170
08 Apr, 2025 22:04:54 - 'Google Main Right Side' scraper is not running. Checking if it is stuck...
08 Apr, 2025 22:04:54 - Process finished. Restarting the process...
08 Apr, 2025 22:04:54 - 'Google Main Right Side' scraper started.
08 Apr, 2025 22:05:56 - 'Google Main Right Side' scraper is still running.
08 Apr, 2025 22:05:56 - Last modified time: 110
08 Apr, 2025 22:06:57 - 'Google Main Right Side' scraper is still running.
08 Apr, 2025 22:06:57 - Last modified time: 171
08 Apr, 2025 22:07:58 - 'Google Main Right Side' scraper is not running. Checking if it is stuck...
08 Apr, 2025 22:07:58 - Process finished. Restarting the process...
08 Apr, 2025 22:07:58 - 'Google Main Right Side' scraper started.
08 Apr, 2025 22:08:59 - 'Google Main Right Side' scraper is still running.
08 Apr, 2025 22:08:59 - Last modified time: 110
08 Apr, 2025 22:10:00 - 'Google Main Right Side' scraper is still running.
08 Apr, 2025 22:10:00 - Last modified time: 171
08 Apr, 2025 22:11:01 - 'Google Main Right Side' scraper is not running. Checking if it is stuck...
08 Apr, 2025 22:11:02 - Process finished. Restarting the process...
08 Apr, 2025 22:11:02 - 'Google Main Right Side' scraper started.
08 Apr, 2025 22:12:03 - 'Google Main Right Side' scraper is still running.
08 Apr, 2025 22:12:03 - Last modified time: 106
08 Apr, 2025 22:13:04 - 'Google Main Right Side' scraper is still running.
08 Apr, 2025 22:13:04 - Last modified time: 167
08 Apr, 2025 22:14:05 - 'Google Main Right Side' scraper is not running. Checking if it is stuck...
08 Apr, 2025 22:14:05 - Process finished. Restarting the process...
08 Apr, 2025 22:14:05 - 'Google Main Right Side' scraper started.
08 Apr, 2025 22:15:07 - 'Google Main Right Side' scraper is still running.
08 Apr, 2025 22:15:07 - Last modified time: 108
08 Apr, 2025 22:16:07 - 'Google Main Right Side' scraper is still running.
08 Apr, 2025 22:16:07 - Last modified time: 168
08 Apr, 2025 22:17:09 - 'Google Main Right Side' scraper is not running. Checking if it is stuck...
08 Apr, 2025 22:17:09 - Process finished. Restarting the process...
08 Apr, 2025 22:17:09 - 'Google Main Right Side' scraper started.
08 Apr, 2025 22:18:10 - 'Google Main Right Side' scraper is still running.
08 Apr, 2025 22:18:10 - Last modified time: 108
08 Apr, 2025 22:19:11 - 'Google Main Right Side' scraper is still running.
08 Apr, 2025 22:19:11 - Last modified time: 169
08 Apr, 2025 22:20:13 - 'Google Main Right Side' scraper is not running. Checking if it is stuck...
08 Apr, 2025 22:20:13 - Process finished. Restarting the process...
08 Apr, 2025 22:20:13 - 'Google Main Right Side' scraper started.
08 Apr, 2025 22:21:14 - 'Google Main Right Side' scraper is still running.
08 Apr, 2025 22:21:14 - Last modified time: 109
08 Apr, 2025 22:22:15 - 'Google Main Right Side' scraper is still running.
08 Apr, 2025 22:22:15 - Last modified time: 170
08 Apr, 2025 22:23:17 - 'Google Main Right Side' scraper is not running. Checking if it is stuck...
08 Apr, 2025 22:23:17 - Process finished. Restarting the process...
08 Apr, 2025 22:23:17 - 'Google Main Right Side' scraper started.
08 Apr, 2025 22:24:18 - 'Google Main Right Side' scraper is still running.
08 Apr, 2025 22:24:18 - Last modified time: 111
08 Apr, 2025 22:25:19 - 'Google Main Right Side' scraper is still running.
08 Apr, 2025 22:25:19 - Last modified time: 172
08 Apr, 2025 22:26:20 - 'Google Main Right Side' scraper is not running. Checking if it is stuck...
08 Apr, 2025 22:26:20 - Process finished. Restarting the process...
08 Apr, 2025 22:26:20 - 'Google Main Right Side' scraper started.
08 Apr, 2025 22:27:22 - 'Google Main Right Side' scraper is still running.
08 Apr, 2025 22:27:22 - Last modified time: 111
08 Apr, 2025 22:28:23 - 'Google Main Right Side' scraper is still running.
08 Apr, 2025 22:28:23 - Last modified time: 172
08 Apr, 2025 22:29:25 - 'Google Main Right Side' scraper is not running. Checking if it is stuck...
08 Apr, 2025 22:29:25 - Process finished. Restarting the process...
08 Apr, 2025 22:29:25 - 'Google Main Right Side' scraper started.
08 Apr, 2025 22:30:26 - 'Google Main Right Side' scraper is still running.
08 Apr, 2025 22:30:26 - Last modified time: 107
08 Apr, 2025 22:31:27 - 'Google Main Right Side' scraper is still running.
08 Apr, 2025 22:31:27 - Last modified time: 168
08 Apr, 2025 22:32:28 - 'Google Main Right Side' scraper is not running. Checking if it is stuck...
08 Apr, 2025 22:32:28 - Process finished. Restarting the process...
08 Apr, 2025 22:32:28 - 'Google Main Right Side' scraper started.
08 Apr, 2025 22:33:29 - 'Google Main Right Side' scraper is still running.
08 Apr, 2025 22:33:29 - Last modified time: 107
08 Apr, 2025 22:34:31 - 'Google Main Right Side' scraper is still running.
08 Apr, 2025 22:34:31 - Last modified time: 169
08 Apr, 2025 22:35:32 - 'Google Main Right Side' scraper is not running. Checking if it is stuck...
08 Apr, 2025 22:35:32 - Process finished. Restarting the process...
08 Apr, 2025 22:35:32 - 'Google Main Right Side' scraper started.
08 Apr, 2025 22:36:34 - 'Google Main Right Side' scraper is still running.
08 Apr, 2025 22:36:34 - Last modified time: 109
08 Apr, 2025 22:37:35 - 'Google Main Right Side' scraper is still running.
08 Apr, 2025 22:37:35 - Last modified time: 170
08 Apr, 2025 22:38:36 - 'Google Main Right Side' scraper is not running. Checking if it is stuck...
08 Apr, 2025 22:38:36 - Process finished. Restarting the process...
08 Apr, 2025 22:38:36 - 'Google Main Right Side' scraper started.
08 Apr, 2025 22:39:37 - 'Google Main Right Side' scraper is still running.
08 Apr, 2025 22:39:37 - Last modified time: 109
08 Apr, 2025 22:40:38 - 'Google Main Right Side' scraper is still running.
08 Apr, 2025 22:40:38 - Last modified time: 170
08 Apr, 2025 22:41:40 - 'Google Main Right Side' scraper is not running. Checking if it is stuck...
08 Apr, 2025 22:41:40 - Process finished. Restarting the process...
08 Apr, 2025 22:41:40 - 'Google Main Right Side' scraper started.
08 Apr, 2025 22:42:41 - 'Google Main Right Side' scraper is still running.
08 Apr, 2025 22:42:41 - Last modified time: 110
08 Apr, 2025 22:43:43 - 'Google Main Right Side' scraper is still running.
08 Apr, 2025 22:43:43 - Last modified time: 172
08 Apr, 2025 22:44:44 - 'Google Main Right Side' scraper is not running. Checking if it is stuck...
08 Apr, 2025 22:44:44 - Process finished. Restarting the process...
08 Apr, 2025 22:44:44 - 'Google Main Right Side' scraper started.
08 Apr, 2025 22:45:45 - 'Google Main Right Side' scraper is still running.
08 Apr, 2025 22:45:45 - Last modified time: 111
08 Apr, 2025 22:46:46 - 'Google Main Right Side' scraper is still running.
08 Apr, 2025 22:46:46 - Last modified time: 172
08 Apr, 2025 22:47:48 - 'Google Main Right Side' scraper is not running. Checking if it is stuck...
08 Apr, 2025 22:47:48 - Process finished. Restarting the process...
08 Apr, 2025 22:47:48 - 'Google Main Right Side' scraper started.
08 Apr, 2025 22:48:49 - 'Google Main Right Side' scraper is still running.
08 Apr, 2025 22:48:49 - Last modified time: 107
08 Apr, 2025 22:49:51 - 'Google Main Right Side' scraper is still running.
08 Apr, 2025 22:49:51 - Last modified time: 169
08 Apr, 2025 22:50:52 - 'Google Main Right Side' scraper is not running. Checking if it is stuck...
08 Apr, 2025 22:50:52 - Process finished. Restarting the process...
08 Apr, 2025 22:50:52 - 'Google Main Right Side' scraper started.
08 Apr, 2025 22:51:54 - 'Google Main Right Side' scraper is still running.
08 Apr, 2025 22:51:54 - Last modified time: 109
08 Apr, 2025 22:52:54 - 'Google Main Right Side' scraper is still running.
08 Apr, 2025 22:52:54 - Last modified time: 169
08 Apr, 2025 22:53:56 - 'Google Main Right Side' scraper is not running. Checking if it is stuck...
08 Apr, 2025 22:53:56 - Process finished. Restarting the process...
08 Apr, 2025 22:53:56 - 'Google Main Right Side' scraper started.
08 Apr, 2025 22:54:57 - 'Google Main Right Side' scraper is still running.
08 Apr, 2025 22:54:57 - Last modified time: 109
08 Apr, 2025 22:55:59 - 'Google Main Right Side' scraper is still running.
08 Apr, 2025 22:55:59 - Last modified time: 171
08 Apr, 2025 22:57:00 - 'Google Main Right Side' scraper is not running. Checking if it is stuck...
08 Apr, 2025 22:57:00 - Process finished. Restarting the process...
08 Apr, 2025 22:57:00 - 'Google Main Right Side' scraper started.
08 Apr, 2025 22:58:02 - 'Google Main Right Side' scraper is still running.
08 Apr, 2025 22:58:02 - Last modified time: 111
08 Apr, 2025 22:59:03 - 'Google Main Right Side' scraper is still running.
08 Apr, 2025 22:59:03 - Last modified time: 172
08 Apr, 2025 23:00:04 - 'Google Main Right Side' scraper is not running. Checking if it is stuck...
08 Apr, 2025 23:00:04 - Process finished. Restarting the process...
08 Apr, 2025 23:00:04 - 'Google Main Right Side' scraper started.
08 Apr, 2025 23:01:05 - 'Google Main Right Side' scraper is still running.
08 Apr, 2025 23:01:05 - Last modified time: 111
08 Apr, 2025 23:02:07 - 'Google Main Right Side' scraper is still running.
08 Apr, 2025 23:02:07 - Last modified time: 173
08 Apr, 2025 23:03:08 - 'Google Main Right Side' scraper is not running. Checking if it is stuck...
08 Apr, 2025 23:03:08 - Process finished. Restarting the process...
08 Apr, 2025 23:03:08 - 'Google Main Right Side' scraper started.
08 Apr, 2025 23:04:09 - 'Google Main Right Side' scraper is still running.
08 Apr, 2025 23:04:09 - Last modified time: 106
08 Apr, 2025 23:05:11 - 'Google Main Right Side' scraper is still running.
08 Apr, 2025 23:05:11 - Last modified time: 168
08 Apr, 2025 23:06:12 - 'Google Main Right Side' scraper is not running. Checking if it is stuck...
08 Apr, 2025 23:06:12 - Process finished. Restarting the process...
08 Apr, 2025 23:06:12 - 'Google Main Right Side' scraper started.
08 Apr, 2025 23:07:14 - 'Google Main Right Side' scraper is still running.
08 Apr, 2025 23:07:14 - Last modified time: 108
08 Apr, 2025 23:08:14 - 'Google Main Right Side' scraper is still running.
08 Apr, 2025 23:08:14 - Last modified time: 168
08 Apr, 2025 23:09:16 - 'Google Main Right Side' scraper is not running. Checking if it is stuck...
08 Apr, 2025 23:09:16 - Process finished. Restarting the process...
08 Apr, 2025 23:09:16 - 'Google Main Right Side' scraper started.
08 Apr, 2025 23:10:17 - 'Google Main Right Side' scraper is still running.
08 Apr, 2025 23:10:17 - Last modified time: 108
08 Apr, 2025 23:11:19 - 'Google Main Right Side' scraper is still running.
08 Apr, 2025 23:11:19 - Last modified time: 170
08 Apr, 2025 23:12:20 - 'Google Main Right Side' scraper is not running. Checking if it is stuck...
08 Apr, 2025 23:12:20 - Process finished. Restarting the process...
08 Apr, 2025 23:12:20 - 'Google Main Right Side' scraper started.
08 Apr, 2025 23:13:22 - 'Google Main Right Side' scraper is still running.
08 Apr, 2025 23:13:22 - Last modified time: 110
08 Apr, 2025 23:14:23 - 'Google Main Right Side' scraper is still running.
08 Apr, 2025 23:14:23 - Last modified time: 171
08 Apr, 2025 23:15:24 - 'Google Main Right Side' scraper is not running. Checking if it is stuck...
08 Apr, 2025 23:15:24 - Process finished. Restarting the process...
08 Apr, 2025 23:15:24 - 'Google Main Right Side' scraper started.
08 Apr, 2025 23:16:26 - 'Google Main Right Side' scraper is still running.
08 Apr, 2025 23:16:26 - Last modified time: 111
08 Apr, 2025 23:17:27 - 'Google Main Right Side' scraper is still running.
08 Apr, 2025 23:17:27 - Last modified time: 172
08 Apr, 2025 23:18:29 - 'Google Main Right Side' scraper is not running. Checking if it is stuck...
08 Apr, 2025 23:18:29 - Process finished. Restarting the process...
08 Apr, 2025 23:18:29 - 'Google Main Right Side' scraper started.
08 Apr, 2025 23:19:30 - 'Google Main Right Side' scraper is still running.
08 Apr, 2025 23:19:30 - Last modified time: 112
08 Apr, 2025 23:20:32 - 'Google Main Right Side' scraper is still running.
08 Apr, 2025 23:20:32 - Last modified time: 174
08 Apr, 2025 23:21:33 - 'Google Main Right Side' scraper is not running. Checking if it is stuck...
08 Apr, 2025 23:21:33 - Process finished. Restarting the process...
08 Apr, 2025 23:21:33 - 'Google Main Right Side' scraper started.
08 Apr, 2025 23:22:34 - 'Google Main Right Side' scraper is still running.
08 Apr, 2025 23:22:34 - Last modified time: 107
08 Apr, 2025 23:23:35 - 'Google Main Right Side' scraper is still running.
08 Apr, 2025 23:23:35 - Last modified time: 168
08 Apr, 2025 23:24:37 - 'Google Main Right Side' scraper is not running. Checking if it is stuck...
08 Apr, 2025 23:24:37 - Process finished. Restarting the process...
08 Apr, 2025 23:24:37 - 'Google Main Right Side' scraper started.
08 Apr, 2025 23:25:38 - 'Google Main Right Side' scraper is still running.
08 Apr, 2025 23:25:38 - Last modified time: 108
08 Apr, 2025 23:26:40 - 'Google Main Right Side' scraper is still running.
08 Apr, 2025 23:26:40 - Last modified time: 170
08 Apr, 2025 23:27:41 - 'Google Main Right Side' scraper is not running. Checking if it is stuck...
08 Apr, 2025 23:27:41 - Process finished. Restarting the process...
08 Apr, 2025 23:27:41 - 'Google Main Right Side' scraper started.
08 Apr, 2025 23:28:43 - 'Google Main Right Side' scraper is still running.
08 Apr, 2025 23:28:43 - Last modified time: 110
08 Apr, 2025 23:29:44 - 'Google Main Right Side' scraper is still running.
08 Apr, 2025 23:29:44 - Last modified time: 171
08 Apr, 2025 23:30:45 - 'Google Main Right Side' scraper is not running. Checking if it is stuck...
08 Apr, 2025 23:30:45 - Process finished. Restarting the process...
08 Apr, 2025 23:30:45 - 'Google Main Right Side' scraper started.
08 Apr, 2025 23:31:47 - 'Google Main Right Side' scraper is still running.
08 Apr, 2025 23:31:47 - Last modified time: 110
08 Apr, 2025 23:32:48 - 'Google Main Right Side' scraper is still running.
08 Apr, 2025 23:32:48 - Last modified time: 171
08 Apr, 2025 23:33:49 - 'Google Main Right Side' scraper is not running. Checking if it is stuck...
08 Apr, 2025 23:33:49 - Process finished. Restarting the process...
08 Apr, 2025 23:33:50 - 'Google Main Right Side' scraper started.
08 Apr, 2025 23:34:51 - 'Google Main Right Side' scraper is still running.
08 Apr, 2025 23:34:51 - Last modified time: 111
08 Apr, 2025 23:35:53 - 'Google Main Right Side' scraper is still running.
08 Apr, 2025 23:35:53 - Last modified time: 173
08 Apr, 2025 23:36:54 - 'Google Main Right Side' scraper is not running. Checking if it is stuck...
08 Apr, 2025 23:36:54 - Process finished. Restarting the process...
08 Apr, 2025 23:36:54 - 'Google Main Right Side' scraper started.
08 Apr, 2025 23:37:55 - 'Google Main Right Side' scraper is still running.
08 Apr, 2025 23:37:55 - Last modified time: 107
08 Apr, 2025 23:38:57 - 'Google Main Right Side' scraper is still running.
08 Apr, 2025 23:38:57 - Last modified time: 169
08 Apr, 2025 23:39:58 - 'Google Main Right Side' scraper is not running. Checking if it is stuck...
08 Apr, 2025 23:39:58 - Process finished. Restarting the process...
08 Apr, 2025 23:39:58 - 'Google Main Right Side' scraper started.
08 Apr, 2025 23:41:00 - 'Google Main Right Side' scraper is still running.
08 Apr, 2025 23:41:00 - Last modified time: 108
08 Apr, 2025 23:42:01 - 'Google Main Right Side' scraper is still running.
08 Apr, 2025 23:42:01 - Last modified time: 169
08 Apr, 2025 23:43:03 - 'Google Main Right Side' scraper is not running. Checking if it is stuck...
08 Apr, 2025 23:43:03 - Process finished. Restarting the process...
08 Apr, 2025 23:43:03 - 'Google Main Right Side' scraper started.
08 Apr, 2025 23:44:05 - 'Google Main Right Side' scraper is still running.
08 Apr, 2025 23:44:05 - Last modified time: 110
08 Apr, 2025 23:45:06 - 'Google Main Right Side' scraper is still running.
08 Apr, 2025 23:45:06 - Last modified time: 171
08 Apr, 2025 23:46:07 - 'Google Main Right Side' scraper is not running. Checking if it is stuck...
08 Apr, 2025 23:46:07 - Process finished. Restarting the process...
08 Apr, 2025 23:46:07 - 'Google Main Right Side' scraper started.
08 Apr, 2025 23:47:09 - 'Google Main Right Side' scraper is still running.
08 Apr, 2025 23:47:09 - Last modified time: 110
08 Apr, 2025 23:48:10 - 'Google Main Right Side' scraper is still running.
08 Apr, 2025 23:48:10 - Last modified time: 171
08 Apr, 2025 23:49:12 - 'Google Main Right Side' scraper is not running. Checking if it is stuck...
08 Apr, 2025 23:49:12 - Process finished. Restarting the process...
08 Apr, 2025 23:49:12 - 'Google Main Right Side' scraper started.
08 Apr, 2025 23:50:14 - 'Google Main Right Side' scraper is still running.
08 Apr, 2025 23:50:14 - Last modified time: 111
08 Apr, 2025 23:51:15 - 'Google Main Right Side' scraper is still running.
08 Apr, 2025 23:51:15 - Last modified time: 172
08 Apr, 2025 23:52:16 - 'Google Main Right Side' scraper is not running. Checking if it is stuck...
08 Apr, 2025 23:52:16 - Process finished. Restarting the process...
08 Apr, 2025 23:52:16 - 'Google Main Right Side' scraper started.
08 Apr, 2025 23:53:18 - 'Google Main Right Side' scraper is still running.
08 Apr, 2025 23:53:18 - Last modified time: 107
08 Apr, 2025 23:54:19 - 'Google Main Right Side' scraper is still running.
08 Apr, 2025 23:54:19 - Last modified time: 168
08 Apr, 2025 23:55:21 - 'Google Main Right Side' scraper is not running. Checking if it is stuck...
08 Apr, 2025 23:55:21 - Process finished. Restarting the process...
08 Apr, 2025 23:55:21 - 'Google Main Right Side' scraper started.
08 Apr, 2025 23:56:22 - 'Google Main Right Side' scraper is still running.
08 Apr, 2025 23:56:22 - Last modified time: 107
08 Apr, 2025 23:57:24 - 'Google Main Right Side' scraper is still running.
08 Apr, 2025 23:57:24 - Last modified time: 169
08 Apr, 2025 23:58:25 - 'Google Main Right Side' scraper is not running. Checking if it is stuck...
08 Apr, 2025 23:58:25 - Process finished. Restarting the process...
08 Apr, 2025 23:58:25 - 'Google Main Right Side' scraper started.
08 Apr, 2025 23:59:27 - 'Google Main Right Side' scraper is still running.
08 Apr, 2025 23:59:27 - Last modified time: 109
09 Apr, 2025 00:00:28 - 'Google Main Right Side' scraper is still running.
09 Apr, 2025 00:00:28 - Last modified time: 170
09 Apr, 2025 00:01:29 - 'Google Main Right Side' scraper is not running. Checking if it is stuck...
09 Apr, 2025 00:01:29 - Process finished. Restarting the process...
09 Apr, 2025 00:01:29 - 'Google Main Right Side' scraper started.
09 Apr, 2025 00:02:31 - 'Google Main Right Side' scraper is still running.
09 Apr, 2025 00:02:31 - Last modified time: 109
09 Apr, 2025 00:03:32 - 'Google Main Right Side' scraper is still running.
09 Apr, 2025 00:03:32 - Last modified time: 170
09 Apr, 2025 00:04:34 - 'Google Main Right Side' scraper is not running. Checking if it is stuck...
09 Apr, 2025 00:04:34 - Process finished. Restarting the process...
09 Apr, 2025 00:04:34 - 'Google Main Right Side' scraper started.
09 Apr, 2025 00:05:35 - 'Google Main Right Side' scraper is still running.
09 Apr, 2025 00:05:35 - Last modified time: 110
09 Apr, 2025 00:06:37 - 'Google Main Right Side' scraper is still running.
09 Apr, 2025 00:06:37 - Last modified time: 172
09 Apr, 2025 00:07:37 - 'Google Main Right Side' scraper is not running. Checking if it is stuck...
09 Apr, 2025 00:07:37 - Process finished. Restarting the process...
09 Apr, 2025 00:07:37 - 'Google Main Right Side' scraper started.
09 Apr, 2025 00:08:39 - 'Google Main Right Side' scraper is still running.
09 Apr, 2025 00:08:39 - Last modified time: 111
09 Apr, 2025 00:09:40 - 'Google Main Right Side' scraper is still running.
09 Apr, 2025 00:09:40 - Last modified time: 172
09 Apr, 2025 00:10:42 - 'Google Main Right Side' scraper is not running. Checking if it is stuck...
09 Apr, 2025 00:10:42 - Process finished. Restarting the process...
09 Apr, 2025 00:10:42 - 'Google Main Right Side' scraper started.
09 Apr, 2025 00:11:43 - 'Google Main Right Side' scraper is still running.
09 Apr, 2025 00:11:43 - Last modified time: 107
09 Apr, 2025 00:12:44 - 'Google Main Right Side' scraper is still running.
09 Apr, 2025 00:12:44 - Last modified time: 168
09 Apr, 2025 00:13:46 - 'Google Main Right Side' scraper is not running. Checking if it is stuck...
09 Apr, 2025 00:13:46 - Process finished. Restarting the process...
09 Apr, 2025 00:13:46 - 'Google Main Right Side' scraper started.
09 Apr, 2025 00:14:47 - 'Google Main Right Side' scraper is still running.
09 Apr, 2025 00:14:47 - Last modified time: 108
09 Apr, 2025 00:15:48 - 'Google Main Right Side' scraper is still running.
09 Apr, 2025 00:15:48 - Last modified time: 169
09 Apr, 2025 00:16:49 - 'Google Main Right Side' scraper is not running. Checking if it is stuck...
09 Apr, 2025 00:16:50 - Process finished. Restarting the process...
09 Apr, 2025 00:16:50 - 'Google Main Right Side' scraper started.
09 Apr, 2025 00:17:51 - 'Google Main Right Side' scraper is still running.
09 Apr, 2025 00:17:51 - Last modified time: 109
09 Apr, 2025 00:18:52 - 'Google Main Right Side' scraper is still running.
09 Apr, 2025 00:18:52 - Last modified time: 170
09 Apr, 2025 00:19:54 - 'Google Main Right Side' scraper is not running. Checking if it is stuck...
09 Apr, 2025 00:19:54 - Process finished. Restarting the process...
09 Apr, 2025 00:19:54 - 'Google Main Right Side' scraper started.
09 Apr, 2025 00:20:55 - 'Google Main Right Side' scraper is still running.
09 Apr, 2025 00:20:55 - Last modified time: 110
09 Apr, 2025 00:21:56 - 'Google Main Right Side' scraper is still running.
09 Apr, 2025 00:21:56 - Last modified time: 171
09 Apr, 2025 00:22:58 - 'Google Main Right Side' scraper is not running. Checking if it is stuck...
09 Apr, 2025 00:22:58 - Process finished. Restarting the process...
09 Apr, 2025 00:22:58 - 'Google Main Right Side' scraper started.
09 Apr, 2025 00:23:59 - 'Google Main Right Side' scraper is still running.
09 Apr, 2025 00:23:59 - Last modified time: 110
09 Apr, 2025 00:25:01 - 'Google Main Right Side' scraper is still running.
09 Apr, 2025 00:25:01 - Last modified time: 172
09 Apr, 2025 00:26:02 - 'Google Main Right Side' scraper is not running. Checking if it is stuck...
09 Apr, 2025 00:26:02 - Process finished. Restarting the process...
09 Apr, 2025 00:26:02 - 'Google Main Right Side' scraper started.
09 Apr, 2025 00:27:04 - 'Google Main Right Side' scraper is still running.
09 Apr, 2025 00:27:04 - Last modified time: 112
09 Apr, 2025 00:28:05 - 'Google Main Right Side' scraper is still running.
09 Apr, 2025 00:28:05 - Last modified time: 173
09 Apr, 2025 00:29:07 - 'Google Main Right Side' scraper is not running. Checking if it is stuck...
09 Apr, 2025 00:29:07 - Process finished. Restarting the process...
09 Apr, 2025 00:29:07 - 'Google Main Right Side' scraper started.
09 Apr, 2025 00:30:08 - 'Google Main Right Side' scraper is still running.
09 Apr, 2025 00:30:08 - Last modified time: 107
09 Apr, 2025 00:31:09 - 'Google Main Right Side' scraper is still running.
09 Apr, 2025 00:31:09 - Last modified time: 168
09 Apr, 2025 00:32:10 - 'Google Main Right Side' scraper is not running. Checking if it is stuck...
09 Apr, 2025 00:32:10 - Process finished. Restarting the process...
09 Apr, 2025 00:32:10 - 'Google Main Right Side' scraper started.
09 Apr, 2025 00:33:12 - 'Google Main Right Side' scraper is still running.
09 Apr, 2025 00:33:12 - Last modified time: 108
09 Apr, 2025 00:34:14 - 'Google Main Right Side' scraper is still running.
09 Apr, 2025 00:34:14 - Last modified time: 170
09 Apr, 2025 00:35:15 - 'Google Main Right Side' scraper is not running. Checking if it is stuck...
09 Apr, 2025 00:35:15 - Process finished. Restarting the process...
09 Apr, 2025 00:35:15 - 'Google Main Right Side' scraper started.
09 Apr, 2025 00:36:17 - 'Google Main Right Side' scraper is still running.
09 Apr, 2025 00:36:17 - Last modified time: 110
09 Apr, 2025 00:37:17 - 'Google Main Right Side' scraper is still running.
09 Apr, 2025 00:37:17 - Last modified time: 170
09 Apr, 2025 00:38:19 - 'Google Main Right Side' scraper is not running. Checking if it is stuck...
09 Apr, 2025 00:38:19 - Process finished. Restarting the process...
09 Apr, 2025 00:38:19 - 'Google Main Right Side' scraper started.
09 Apr, 2025 00:39:20 - 'Google Main Right Side' scraper is still running.
09 Apr, 2025 00:39:20 - Last modified time: 109
09 Apr, 2025 00:40:22 - 'Google Main Right Side' scraper is still running.
09 Apr, 2025 00:40:22 - Last modified time: 171
09 Apr, 2025 00:41:23 - 'Google Main Right Side' scraper is not running. Checking if it is stuck...
09 Apr, 2025 00:41:23 - Process finished. Restarting the process...
09 Apr, 2025 00:41:23 - 'Google Main Right Side' scraper started.
09 Apr, 2025 00:42:25 - 'Google Main Right Side' scraper is still running.
09 Apr, 2025 00:42:25 - Last modified time: 111
09 Apr, 2025 00:43:26 - 'Google Main Right Side' scraper is still running.
09 Apr, 2025 00:43:26 - Last modified time: 172
09 Apr, 2025 00:44:27 - 'Google Main Right Side' scraper is not running. Checking if it is stuck...
09 Apr, 2025 00:44:27 - Process finished. Restarting the process...
09 Apr, 2025 00:44:27 - 'Google Main Right Side' scraper started.
09 Apr, 2025 00:45:29 - 'Google Main Right Side' scraper is still running.
09 Apr, 2025 00:45:29 - Last modified time: 107
09 Apr, 2025 00:46:30 - 'Google Main Right Side' scraper is still running.
09 Apr, 2025 00:46:30 - Last modified time: 168
09 Apr, 2025 00:47:32 - 'Google Main Right Side' scraper is not running. Checking if it is stuck...
09 Apr, 2025 00:47:32 - Process finished. Restarting the process...
09 Apr, 2025 00:47:32 - 'Google Main Right Side' scraper started.
09 Apr, 2025 00:48:33 - 'Google Main Right Side' scraper is still running.
09 Apr, 2025 00:48:33 - Last modified time: 107
09 Apr, 2025 00:49:35 - 'Google Main Right Side' scraper is still running.
09 Apr, 2025 00:49:35 - Last modified time: 169
09 Apr, 2025 00:50:37 - 'Google Main Right Side' scraper is not running. Checking if it is stuck...
09 Apr, 2025 00:50:37 - Process finished. Restarting the process...
09 Apr, 2025 00:50:37 - 'Google Main Right Side' scraper started.
09 Apr, 2025 00:51:37 - 'Google Main Right Side' scraper is still running.
09 Apr, 2025 00:51:38 - Last modified time: 109
09 Apr, 2025 00:52:39 - 'Google Main Right Side' scraper is still running.
09 Apr, 2025 00:52:39 - Last modified time: 170
09 Apr, 2025 00:53:41 - 'Google Main Right Side' scraper is not running. Checking if it is stuck...
09 Apr, 2025 00:53:41 - Process finished. Restarting the process...
09 Apr, 2025 00:53:41 - 'Google Main Right Side' scraper started.
09 Apr, 2025 00:54:42 - 'Google Main Right Side' scraper is still running.
09 Apr, 2025 00:54:42 - Last modified time: 109
09 Apr, 2025 00:55:44 - 'Google Main Right Side' scraper is still running.
09 Apr, 2025 00:55:44 - Last modified time: 171
09 Apr, 2025 00:56:45 - 'Google Main Right Side' scraper is not running. Checking if it is stuck...
09 Apr, 2025 00:56:45 - Process finished. Restarting the process...
09 Apr, 2025 00:56:45 - 'Google Main Right Side' scraper started.
09 Apr, 2025 00:57:46 - 'Google Main Right Side' scraper is still running.
09 Apr, 2025 00:57:46 - Last modified time: 110
09 Apr, 2025 00:58:46 - 'Google Main Right Side' scraper is still running.
09 Apr, 2025 00:58:46 - Last modified time: 170
09 Apr, 2025 00:59:48 - 'Google Main Right Side' scraper is not running. Checking if it is stuck...
09 Apr, 2025 00:59:48 - Process finished. Restarting the process...
09 Apr, 2025 00:59:48 - 'Google Main Right Side' scraper started.
09 Apr, 2025 01:00:49 - 'Google Main Right Side' scraper is still running.
09 Apr, 2025 01:00:49 - Last modified time: 111
09 Apr, 2025 01:01:51 - 'Google Main Right Side' scraper is still running.
09 Apr, 2025 01:01:51 - Last modified time: 173
09 Apr, 2025 01:02:52 - 'Google Main Right Side' scraper is not running. Checking if it is stuck...
09 Apr, 2025 01:02:52 - Process finished. Restarting the process...
09 Apr, 2025 01:02:52 - 'Google Main Right Side' scraper started.
09 Apr, 2025 01:03:53 - 'Google Main Right Side' scraper is still running.
09 Apr, 2025 01:03:54 - Last modified time: 108
09 Apr, 2025 01:04:55 - 'Google Main Right Side' scraper is still running.
09 Apr, 2025 01:04:55 - Last modified time: 169
09 Apr, 2025 01:05:56 - 'Google Main Right Side' scraper is not running. Checking if it is stuck...
09 Apr, 2025 01:05:56 - Process finished. Restarting the process...
09 Apr, 2025 01:05:56 - 'Google Main Right Side' scraper started.
09 Apr, 2025 01:06:57 - 'Google Main Right Side' scraper is still running.
09 Apr, 2025 01:06:57 - Last modified time: 108
09 Apr, 2025 01:07:59 - 'Google Main Right Side' scraper is still running.
09 Apr, 2025 01:07:59 - Last modified time: 170
09 Apr, 2025 01:09:00 - 'Google Main Right Side' scraper is not running. Checking if it is stuck...
09 Apr, 2025 01:09:00 - Process finished. Restarting the process...
09 Apr, 2025 01:09:00 - 'Google Main Right Side' scraper started.
09 Apr, 2025 01:10:02 - 'Google Main Right Side' scraper is still running.
09 Apr, 2025 01:10:02 - Last modified time: 109
09 Apr, 2025 01:11:03 - 'Google Main Right Side' scraper is still running.
09 Apr, 2025 01:11:03 - Last modified time: 170
09 Apr, 2025 01:12:05 - 'Google Main Right Side' scraper is not running. Checking if it is stuck...
09 Apr, 2025 01:12:05 - Process finished. Restarting the process...
09 Apr, 2025 01:12:05 - 'Google Main Right Side' scraper started.
09 Apr, 2025 01:13:06 - 'Google Main Right Side' scraper is still running.
09 Apr, 2025 01:13:06 - Last modified time: 110
09 Apr, 2025 01:14:07 - 'Google Main Right Side' scraper is still running.
09 Apr, 2025 01:14:07 - Last modified time: 171
09 Apr, 2025 01:15:09 - 'Google Main Right Side' scraper is not running. Checking if it is stuck...
09 Apr, 2025 01:15:09 - Process finished. Restarting the process...
09 Apr, 2025 01:15:09 - 'Google Main Right Side' scraper started.
09 Apr, 2025 01:16:11 - 'Google Main Right Side' scraper is still running.
09 Apr, 2025 01:16:11 - Last modified time: 112
09 Apr, 2025 01:17:12 - 'Google Main Right Side' scraper is still running.
09 Apr, 2025 01:17:12 - Last modified time: 173
09 Apr, 2025 01:18:14 - 'Google Main Right Side' scraper is not running. Checking if it is stuck...
09 Apr, 2025 01:18:14 - Process finished. Restarting the process...
09 Apr, 2025 01:18:14 - 'Google Main Right Side' scraper started.
09 Apr, 2025 01:19:15 - 'Google Main Right Side' scraper is still running.
09 Apr, 2025 01:19:15 - Last modified time: 107
09 Apr, 2025 01:20:17 - 'Google Main Right Side' scraper is still running.
09 Apr, 2025 01:20:17 - Last modified time: 169
09 Apr, 2025 01:21:18 - 'Google Main Right Side' scraper is not running. Checking if it is stuck...
09 Apr, 2025 01:21:18 - Process finished. Restarting the process...
09 Apr, 2025 01:21:18 - 'Google Main Right Side' scraper started.
09 Apr, 2025 01:22:19 - 'Google Main Right Side' scraper is still running.
09 Apr, 2025 01:22:19 - Last modified time: 107
09 Apr, 2025 01:23:20 - 'Google Main Right Side' scraper is still running.
09 Apr, 2025 01:23:20 - Last modified time: 168
09 Apr, 2025 01:24:21 - 'Google Main Right Side' scraper is not running. Checking if it is stuck...
09 Apr, 2025 01:24:21 - Process finished. Restarting the process...
09 Apr, 2025 01:24:21 - 'Google Main Right Side' scraper started.
09 Apr, 2025 01:25:23 - 'Google Main Right Side' scraper is still running.
09 Apr, 2025 01:25:23 - Last modified time: 109
09 Apr, 2025 01:26:24 - 'Google Main Right Side' scraper is still running.
09 Apr, 2025 01:26:24 - Last modified time: 170
09 Apr, 2025 01:27:26 - 'Google Main Right Side' scraper is not running. Checking if it is stuck...
09 Apr, 2025 01:27:26 - Process finished. Restarting the process...
09 Apr, 2025 01:27:26 - 'Google Main Right Side' scraper started.
09 Apr, 2025 01:28:26 - 'Google Main Right Side' scraper is still running.
09 Apr, 2025 01:28:26 - Last modified time: 109
09 Apr, 2025 01:29:28 - 'Google Main Right Side' scraper is still running.
09 Apr, 2025 01:29:28 - Last modified time: 171
09 Apr, 2025 01:30:29 - 'Google Main Right Side' scraper is not running. Checking if it is stuck...
09 Apr, 2025 01:30:30 - Process finished. Restarting the process...
09 Apr, 2025 01:30:30 - 'Google Main Right Side' scraper started.
09 Apr, 2025 01:31:31 - 'Google Main Right Side' scraper is still running.
09 Apr, 2025 01:31:31 - Last modified time: 111
09 Apr, 2025 01:32:32 - 'Google Main Right Side' scraper is still running.
09 Apr, 2025 01:32:32 - Last modified time: 172
09 Apr, 2025 01:33:33 - 'Google Main Right Side' scraper is not running. Checking if it is stuck...
09 Apr, 2025 01:33:33 - Process finished. Restarting the process...
09 Apr, 2025 01:33:33 - 'Google Main Right Side' scraper started.
09 Apr, 2025 01:34:35 - 'Google Main Right Side' scraper is still running.
09 Apr, 2025 01:34:35 - Last modified time: 112
09 Apr, 2025 01:35:36 - 'Google Main Right Side' scraper is still running.
09 Apr, 2025 01:35:36 - Last modified time: 173
09 Apr, 2025 01:36:38 - 'Google Main Right Side' scraper is not running. Checking if it is stuck...
09 Apr, 2025 01:36:38 - Process finished. Restarting the process...
09 Apr, 2025 01:36:38 - 'Google Main Right Side' scraper started.
09 Apr, 2025 01:37:39 - 'Google Main Right Side' scraper is still running.
09 Apr, 2025 01:37:39 - Last modified time: 107
09 Apr, 2025 01:38:41 - 'Google Main Right Side' scraper is still running.
09 Apr, 2025 01:38:41 - Last modified time: 169
09 Apr, 2025 01:39:42 - 'Google Main Right Side' scraper is not running. Checking if it is stuck...
09 Apr, 2025 01:39:42 - Process finished. Restarting the process...
09 Apr, 2025 01:39:42 - 'Google Main Right Side' scraper started.
09 Apr, 2025 01:40:43 - 'Google Main Right Side' scraper is still running.
09 Apr, 2025 01:40:43 - Last modified time: 108
09 Apr, 2025 01:41:45 - 'Google Main Right Side' scraper is still running.
09 Apr, 2025 01:41:45 - Last modified time: 170
09 Apr, 2025 01:42:47 - 'Google Main Right Side' scraper is not running. Checking if it is stuck...
09 Apr, 2025 01:42:47 - Process finished. Restarting the process...
09 Apr, 2025 01:42:47 - 'Google Main Right Side' scraper started.
09 Apr, 2025 01:43:48 - 'Google Main Right Side' scraper is still running.
09 Apr, 2025 01:43:48 - Last modified time: 109
09 Apr, 2025 01:44:50 - 'Google Main Right Side' scraper is still running.
09 Apr, 2025 01:44:50 - Last modified time: 171
09 Apr, 2025 01:45:52 - 'Google Main Right Side' scraper is not running. Checking if it is stuck...
09 Apr, 2025 01:45:52 - Process finished. Restarting the process...
09 Apr, 2025 01:45:52 - 'Google Main Right Side' scraper started.
09 Apr, 2025 01:46:53 - 'Google Main Right Side' scraper is still running.
09 Apr, 2025 01:46:53 - Last modified time: 110
09 Apr, 2025 01:47:54 - 'Google Main Right Side' scraper is still running.
09 Apr, 2025 01:47:54 - Last modified time: 171
09 Apr, 2025 01:48:56 - 'Google Main Right Side' scraper is not running. Checking if it is stuck...
09 Apr, 2025 01:48:56 - Process finished. Restarting the process...
09 Apr, 2025 01:48:56 - 'Google Main Right Side' scraper started.
09 Apr, 2025 01:49:58 - 'Google Main Right Side' scraper is still running.
09 Apr, 2025 01:49:58 - Last modified time: 112
09 Apr, 2025 01:50:59 - 'Google Main Right Side' scraper is still running.
09 Apr, 2025 01:50:59 - Last modified time: 173
09 Apr, 2025 01:52:01 - 'Google Main Right Side' scraper is not running. Checking if it is stuck...
09 Apr, 2025 01:52:01 - Process finished. Restarting the process...
09 Apr, 2025 01:52:01 - 'Google Main Right Side' scraper started.
09 Apr, 2025 01:53:03 - 'Google Main Right Side' scraper is still running.
09 Apr, 2025 01:53:03 - Last modified time: 113
09 Apr, 2025 01:54:05 - 'Google Main Right Side' scraper is still running.
09 Apr, 2025 01:54:05 - Last modified time: 175
09 Apr, 2025 01:55:05 - 'Google Main Right Side' scraper is not running. Checking if it is stuck...
09 Apr, 2025 01:55:05 - Process finished. Restarting the process...
09 Apr, 2025 01:55:05 - 'Google Main Right Side' scraper started.
09 Apr, 2025 01:56:07 - 'Google Main Right Side' scraper is still running.
09 Apr, 2025 01:56:07 - Last modified time: 108
09 Apr, 2025 01:57:09 - 'Google Main Right Side' scraper is still running.
09 Apr, 2025 01:57:09 - Last modified time: 170
09 Apr, 2025 01:58:11 - 'Google Main Right Side' scraper is not running. Checking if it is stuck...
09 Apr, 2025 01:58:11 - Process finished. Restarting the process...
09 Apr, 2025 01:58:11 - 'Google Main Right Side' scraper started.
09 Apr, 2025 01:59:12 - 'Google Main Right Side' scraper is still running.
09 Apr, 2025 01:59:12 - Last modified time: 109
09 Apr, 2025 02:00:14 - 'Google Main Right Side' scraper is still running.
09 Apr, 2025 02:00:14 - Last modified time: 171
09 Apr, 2025 02:01:16 - 'Google Main Right Side' scraper is not running. Checking if it is stuck...
09 Apr, 2025 02:01:16 - Process finished. Restarting the process...
09 Apr, 2025 02:01:16 - 'Google Main Right Side' scraper started.
09 Apr, 2025 02:02:17 - 'Google Main Right Side' scraper is still running.
09 Apr, 2025 02:02:17 - Last modified time: 110
09 Apr, 2025 02:03:18 - 'Google Main Right Side' scraper is still running.
09 Apr, 2025 02:03:18 - Last modified time: 171
09 Apr, 2025 02:04:20 - 'Google Main Right Side' scraper is not running. Checking if it is stuck...
09 Apr, 2025 02:04:20 - Process finished. Restarting the process...
09 Apr, 2025 02:04:20 - 'Google Main Right Side' scraper started.
09 Apr, 2025 02:05:21 - 'Google Main Right Side' scraper is still running.
09 Apr, 2025 02:05:22 - Last modified time: 111
09 Apr, 2025 02:06:22 - 'Google Main Right Side' scraper is still running.
09 Apr, 2025 02:06:22 - Last modified time: 171
09 Apr, 2025 02:07:24 - 'Google Main Right Side' scraper is not running. Checking if it is stuck...
09 Apr, 2025 02:07:24 - Process finished. Restarting the process...
09 Apr, 2025 02:07:24 - 'Google Main Right Side' scraper started.
09 Apr, 2025 02:08:26 - 'Google Main Right Side' scraper is still running.
09 Apr, 2025 02:08:26 - Last modified time: 112
09 Apr, 2025 02:09:27 - 'Google Main Right Side' scraper is still running.
09 Apr, 2025 02:09:27 - Last modified time: 173
09 Apr, 2025 02:10:29 - 'Google Main Right Side' scraper is not running. Checking if it is stuck...
09 Apr, 2025 02:10:29 - Process finished. Restarting the process...
09 Apr, 2025 02:10:29 - 'Google Main Right Side' scraper started.
09 Apr, 2025 02:11:31 - 'Google Main Right Side' scraper is still running.
09 Apr, 2025 02:11:31 - Last modified time: 108
09 Apr, 2025 02:12:33 - 'Google Main Right Side' scraper is still running.
09 Apr, 2025 02:12:33 - Last modified time: 170
09 Apr, 2025 02:13:34 - 'Google Main Right Side' scraper is not running. Checking if it is stuck...
09 Apr, 2025 02:13:34 - Process finished. Restarting the process...
09 Apr, 2025 02:13:34 - 'Google Main Right Side' scraper started.
09 Apr, 2025 02:14:36 - 'Google Main Right Side' scraper is still running.
09 Apr, 2025 02:14:36 - Last modified time: 109
09 Apr, 2025 02:15:37 - 'Google Main Right Side' scraper is still running.
09 Apr, 2025 02:15:37 - Last modified time: 170
09 Apr, 2025 02:16:39 - 'Google Main Right Side' scraper is not running. Checking if it is stuck...
09 Apr, 2025 02:16:39 - Process finished. Restarting the process...
09 Apr, 2025 02:16:39 - 'Google Main Right Side' scraper started.
09 Apr, 2025 02:17:41 - 'Google Main Right Side' scraper is still running.
09 Apr, 2025 02:17:41 - Last modified time: 110
09 Apr, 2025 02:18:42 - 'Google Main Right Side' scraper is still running.
09 Apr, 2025 02:18:42 - Last modified time: 171
09 Apr, 2025 02:19:44 - 'Google Main Right Side' scraper is not running. Checking if it is stuck...
09 Apr, 2025 02:19:44 - Process finished. Restarting the process...
09 Apr, 2025 02:19:44 - 'Google Main Right Side' scraper started.
09 Apr, 2025 02:20:44 - 'Google Main Right Side' scraper is still running.
09 Apr, 2025 02:20:44 - Last modified time: 109
09 Apr, 2025 02:21:46 - 'Google Main Right Side' scraper is still running.
09 Apr, 2025 02:21:46 - Last modified time: 171
09 Apr, 2025 02:22:47 - 'Google Main Right Side' scraper is not running. Checking if it is stuck...
09 Apr, 2025 02:22:47 - Process finished. Restarting the process...
09 Apr, 2025 02:22:47 - 'Google Main Right Side' scraper started.
09 Apr, 2025 02:23:48 - 'Google Main Right Side' scraper is still running.
09 Apr, 2025 02:23:48 - Last modified time: 110
09 Apr, 2025 02:24:50 - 'Google Main Right Side' scraper is still running.
09 Apr, 2025 02:24:50 - Last modified time: 172
09 Apr, 2025 02:25:51 - 'Google Main Right Side' scraper is not running. Checking if it is stuck...
09 Apr, 2025 02:25:51 - Process finished. Restarting the process...
09 Apr, 2025 02:25:51 - 'Google Main Right Side' scraper started.
09 Apr, 2025 02:26:52 - 'Google Main Right Side' scraper is still running.
09 Apr, 2025 02:26:52 - Last modified time: 111
09 Apr, 2025 02:27:53 - 'Google Main Right Side' scraper is still running.
09 Apr, 2025 02:27:53 - Last modified time: 172
09 Apr, 2025 02:28:53 - 'Google Main Right Side' scraper is not running. Checking if it is stuck...
09 Apr, 2025 02:28:53 - Process finished. Restarting the process...
09 Apr, 2025 02:28:53 - 'Google Main Right Side' scraper started.
09 Apr, 2025 02:29:54 - 'Google Main Right Side' scraper is still running.
09 Apr, 2025 02:29:54 - Last modified time: 107
09 Apr, 2025 02:30:55 - 'Google Main Right Side' scraper is still running.
09 Apr, 2025 02:30:55 - Last modified time: 168
09 Apr, 2025 02:31:57 - 'Google Main Right Side' scraper is not running. Checking if it is stuck...
09 Apr, 2025 02:31:57 - Process finished. Restarting the process...
09 Apr, 2025 02:31:57 - 'Google Main Right Side' scraper started.
09 Apr, 2025 02:32:58 - 'Google Main Right Side' scraper is still running.
09 Apr, 2025 02:32:58 - Last modified time: 108
09 Apr, 2025 02:33:59 - 'Google Main Right Side' scraper is still running.
09 Apr, 2025 02:33:59 - Last modified time: 169
09 Apr, 2025 02:35:00 - 'Google Main Right Side' scraper is not running. Checking if it is stuck...
09 Apr, 2025 02:35:00 - Process finished. Restarting the process...
09 Apr, 2025 02:35:00 - 'Google Main Right Side' scraper started.
09 Apr, 2025 02:36:01 - 'Google Main Right Side' scraper is still running.
09 Apr, 2025 02:36:01 - Last modified time: 109
09 Apr, 2025 02:37:03 - 'Google Main Right Side' scraper is still running.
09 Apr, 2025 02:37:03 - Last modified time: 171
09 Apr, 2025 02:38:04 - 'Google Main Right Side' scraper is not running. Checking if it is stuck...
09 Apr, 2025 02:38:04 - Process finished. Restarting the process...
09 Apr, 2025 02:38:04 - 'Google Main Right Side' scraper started.
09 Apr, 2025 02:39:06 - 'Google Main Right Side' scraper is still running.
09 Apr, 2025 02:39:06 - Last modified time: 111
09 Apr, 2025 02:40:08 - 'Google Main Right Side' scraper is still running.
09 Apr, 2025 02:40:08 - Last modified time: 173
09 Apr, 2025 02:41:09 - 'Google Main Right Side' scraper is not running. Checking if it is stuck...
09 Apr, 2025 02:41:09 - Process finished. Restarting the process...
09 Apr, 2025 02:41:09 - 'Google Main Right Side' scraper started.
09 Apr, 2025 02:42:11 - 'Google Main Right Side' scraper is still running.
09 Apr, 2025 02:42:11 - Last modified time: 112
09 Apr, 2025 02:43:12 - 'Google Main Right Side' scraper is still running.
09 Apr, 2025 02:43:12 - Last modified time: 173
09 Apr, 2025 02:44:13 - 'Google Main Right Side' scraper is not running. Checking if it is stuck...
09 Apr, 2025 02:44:13 - Process finished. Restarting the process...
09 Apr, 2025 02:44:13 - 'Google Main Right Side' scraper started.
09 Apr, 2025 02:45:15 - 'Google Main Right Side' scraper is still running.
09 Apr, 2025 02:45:15 - Last modified time: 107
09 Apr, 2025 02:46:17 - 'Google Main Right Side' scraper is still running.
09 Apr, 2025 02:46:17 - Last modified time: 169
09 Apr, 2025 02:47:18 - 'Google Main Right Side' scraper is not running. Checking if it is stuck...
09 Apr, 2025 02:47:18 - Process finished. Restarting the process...
09 Apr, 2025 02:47:18 - 'Google Main Right Side' scraper started.
09 Apr, 2025 02:48:20 - 'Google Main Right Side' scraper is still running.
09 Apr, 2025 02:48:20 - Last modified time: 109
09 Apr, 2025 02:49:22 - 'Google Main Right Side' scraper is still running.
09 Apr, 2025 02:49:22 - Last modified time: 171
09 Apr, 2025 02:50:22 - 'Google Main Right Side' scraper is not running. Checking if it is stuck...
09 Apr, 2025 02:50:22 - Process finished. Restarting the process...
09 Apr, 2025 02:50:22 - 'Google Main Right Side' scraper started.
09 Apr, 2025 02:51:24 - 'Google Main Right Side' scraper is still running.
09 Apr, 2025 02:51:24 - Last modified time: 109
09 Apr, 2025 02:52:26 - 'Google Main Right Side' scraper is still running.
09 Apr, 2025 02:52:26 - Last modified time: 171
09 Apr, 2025 02:53:28 - 'Google Main Right Side' scraper is not running. Checking if it is stuck...
09 Apr, 2025 02:53:28 - Process finished. Restarting the process...
09 Apr, 2025 02:53:28 - 'Google Main Right Side' scraper started.
09 Apr, 2025 02:54:29 - 'Google Main Right Side' scraper is still running.
09 Apr, 2025 02:54:29 - Last modified time: 110
09 Apr, 2025 02:55:31 - 'Google Main Right Side' scraper is still running.
09 Apr, 2025 02:55:31 - Last modified time: 172
09 Apr, 2025 02:56:33 - 'Google Main Right Side' scraper is not running. Checking if it is stuck...
09 Apr, 2025 02:56:33 - Process finished. Restarting the process...
09 Apr, 2025 02:56:33 - 'Google Main Right Side' scraper started.
09 Apr, 2025 02:57:34 - 'Google Main Right Side' scraper is still running.
09 Apr, 2025 02:57:34 - Last modified time: 111
09 Apr, 2025 02:58:35 - 'Google Main Right Side' scraper is still running.
09 Apr, 2025 02:58:35 - Last modified time: 172
09 Apr, 2025 02:59:37 - 'Google Main Right Side' scraper is not running. Checking if it is stuck...
09 Apr, 2025 02:59:37 - Process finished. Restarting the process...
09 Apr, 2025 02:59:37 - 'Google Main Right Side' scraper started.
09 Apr, 2025 03:00:39 - 'Google Main Right Side' scraper is still running.
09 Apr, 2025 03:00:39 - Last modified time: 112
09 Apr, 2025 03:01:41 - 'Google Main Right Side' scraper is still running.
09 Apr, 2025 03:01:41 - Last modified time: 174
09 Apr, 2025 03:02:42 - 'Google Main Right Side' scraper is not running. Checking if it is stuck...
09 Apr, 2025 03:02:42 - Process finished. Restarting the process...
09 Apr, 2025 03:02:42 - 'Google Main Right Side' scraper started.
09 Apr, 2025 03:03:44 - 'Google Main Right Side' scraper is still running.
09 Apr, 2025 03:03:44 - Last modified time: 108
09 Apr, 2025 03:04:46 - 'Google Main Right Side' scraper is still running.
09 Apr, 2025 03:04:46 - Last modified time: 170
09 Apr, 2025 03:05:47 - 'Google Main Right Side' scraper is not running. Checking if it is stuck...
09 Apr, 2025 03:05:47 - Process finished. Restarting the process...
09 Apr, 2025 03:05:47 - 'Google Main Right Side' scraper started.
09 Apr, 2025 03:06:49 - 'Google Main Right Side' scraper is still running.
09 Apr, 2025 03:06:49 - Last modified time: 109
09 Apr, 2025 03:07:51 - 'Google Main Right Side' scraper is still running.
09 Apr, 2025 03:07:51 - Last modified time: 171
09 Apr, 2025 03:08:52 - 'Google Main Right Side' scraper is not running. Checking if it is stuck...
09 Apr, 2025 03:08:52 - Process finished. Restarting the process...
09 Apr, 2025 03:08:52 - 'Google Main Right Side' scraper started.
09 Apr, 2025 03:09:54 - 'Google Main Right Side' scraper is still running.
09 Apr, 2025 03:09:54 - Last modified time: 110
09 Apr, 2025 03:10:56 - 'Google Main Right Side' scraper is still running.
09 Apr, 2025 03:10:56 - Last modified time: 172
09 Apr, 2025 03:11:58 - 'Google Main Right Side' scraper is not running. Checking if it is stuck...
09 Apr, 2025 03:11:58 - Process finished. Restarting the process...
09 Apr, 2025 03:11:58 - 'Google Main Right Side' scraper started.
09 Apr, 2025 03:12:59 - 'Google Main Right Side' scraper is still running.
09 Apr, 2025 03:12:59 - Last modified time: 111
09 Apr, 2025 03:14:01 - 'Google Main Right Side' scraper is still running.
09 Apr, 2025 03:14:01 - Last modified time: 173
09 Apr, 2025 03:15:02 - 'Google Main Right Side' scraper is not running. Checking if it is stuck...
09 Apr, 2025 03:15:02 - Process finished. Restarting the process...
09 Apr, 2025 03:15:02 - 'Google Main Right Side' scraper started.
09 Apr, 2025 03:16:04 - 'Google Main Right Side' scraper is still running.
09 Apr, 2025 03:16:04 - Last modified time: 112
09 Apr, 2025 03:17:06 - 'Google Main Right Side' scraper is still running.
09 Apr, 2025 03:17:06 - Last modified time: 174
09 Apr, 2025 03:18:08 - 'Google Main Right Side' scraper is not running. Checking if it is stuck...
09 Apr, 2025 03:18:08 - Process finished. Restarting the process...
09 Apr, 2025 03:18:08 - 'Google Main Right Side' scraper started.
09 Apr, 2025 03:19:09 - 'Google Main Right Side' scraper is still running.
09 Apr, 2025 03:19:09 - Last modified time: 107
09 Apr, 2025 03:20:10 - 'Google Main Right Side' scraper is still running.
09 Apr, 2025 03:20:10 - Last modified time: 168
09 Apr, 2025 03:21:12 - 'Google Main Right Side' scraper is not running. Checking if it is stuck...
09 Apr, 2025 03:21:12 - Process finished. Restarting the process...
09 Apr, 2025 03:21:12 - 'Google Main Right Side' scraper started.
09 Apr, 2025 03:22:14 - 'Google Main Right Side' scraper is still running.
09 Apr, 2025 03:22:14 - Last modified time: 108
09 Apr, 2025 03:23:16 - 'Google Main Right Side' scraper is still running.
09 Apr, 2025 03:23:16 - Last modified time: 170
09 Apr, 2025 03:24:18 - 'Google Main Right Side' scraper is not running. Checking if it is stuck...
09 Apr, 2025 03:24:18 - Process finished. Restarting the process...
09 Apr, 2025 03:24:18 - 'Google Main Right Side' scraper started.
09 Apr, 2025 03:25:19 - 'Google Main Right Side' scraper is still running.
09 Apr, 2025 03:25:19 - Last modified time: 109
09 Apr, 2025 03:26:21 - 'Google Main Right Side' scraper is still running.
09 Apr, 2025 03:26:21 - Last modified time: 171
09 Apr, 2025 03:27:23 - 'Google Main Right Side' scraper is not running. Checking if it is stuck...
09 Apr, 2025 03:27:23 - Process finished. Restarting the process...
09 Apr, 2025 03:27:23 - 'Google Main Right Side' scraper started.
09 Apr, 2025 03:28:24 - 'Google Main Right Side' scraper is still running.
09 Apr, 2025 03:28:24 - Last modified time: 110
09 Apr, 2025 03:29:26 - 'Google Main Right Side' scraper is still running.
09 Apr, 2025 03:29:26 - Last modified time: 172
09 Apr, 2025 03:30:28 - 'Google Main Right Side' scraper is not running. Checking if it is stuck...
09 Apr, 2025 03:30:28 - Process finished. Restarting the process...
09 Apr, 2025 03:30:28 - 'Google Main Right Side' scraper started.
09 Apr, 2025 03:31:30 - 'Google Main Right Side' scraper is still running.
09 Apr, 2025 03:31:30 - Last modified time: 111
09 Apr, 2025 03:32:32 - 'Google Main Right Side' scraper is still running.
09 Apr, 2025 03:32:32 - Last modified time: 173
09 Apr, 2025 03:33:34 - 'Google Main Right Side' scraper is not running. Checking if it is stuck...
09 Apr, 2025 03:33:34 - Process finished. Restarting the process...
09 Apr, 2025 03:33:34 - 'Google Main Right Side' scraper started.
09 Apr, 2025 03:34:35 - 'Google Main Right Side' scraper is still running.
09 Apr, 2025 03:34:35 - Last modified time: 112
09 Apr, 2025 03:35:36 - 'Google Main Right Side' scraper is still running.
09 Apr, 2025 03:35:36 - Last modified time: 173
09 Apr, 2025 03:36:38 - 'Google Main Right Side' scraper is not running. Checking if it is stuck...
09 Apr, 2025 03:36:38 - Process finished. Restarting the process...
09 Apr, 2025 03:36:38 - 'Google Main Right Side' scraper started.
09 Apr, 2025 03:37:39 - 'Google Main Right Side' scraper is still running.
09 Apr, 2025 03:37:39 - Last modified time: 107
09 Apr, 2025 03:38:41 - 'Google Main Right Side' scraper is still running.
09 Apr, 2025 03:38:41 - Last modified time: 169
09 Apr, 2025 03:39:43 - 'Google Main Right Side' scraper is not running. Checking if it is stuck...
09 Apr, 2025 03:39:43 - Process finished. Restarting the process...
09 Apr, 2025 03:39:43 - 'Google Main Right Side' scraper started.
09 Apr, 2025 03:40:44 - 'Google Main Right Side' scraper is still running.
09 Apr, 2025 03:40:44 - Last modified time: 109
09 Apr, 2025 03:41:46 - 'Google Main Right Side' scraper is still running.
09 Apr, 2025 03:41:46 - Last modified time: 171
09 Apr, 2025 03:42:47 - 'Google Main Right Side' scraper is not running. Checking if it is stuck...
09 Apr, 2025 03:42:47 - Process finished. Restarting the process...
09 Apr, 2025 03:42:47 - 'Google Main Right Side' scraper started.
09 Apr, 2025 03:43:48 - 'Google Main Right Side' scraper is still running.
09 Apr, 2025 03:43:48 - Last modified time: 109
09 Apr, 2025 03:44:50 - 'Google Main Right Side' scraper is still running.
09 Apr, 2025 03:44:50 - Last modified time: 171
09 Apr, 2025 03:45:52 - 'Google Main Right Side' scraper is not running. Checking if it is stuck...
09 Apr, 2025 03:45:52 - Process finished. Restarting the process...
09 Apr, 2025 03:45:52 - 'Google Main Right Side' scraper started.
09 Apr, 2025 03:46:54 - 'Google Main Right Side' scraper is still running.
09 Apr, 2025 03:46:54 - Last modified time: 111
09 Apr, 2025 03:47:55 - 'Google Main Right Side' scraper is still running.
09 Apr, 2025 03:47:56 - Last modified time: 172
09 Apr, 2025 03:48:57 - 'Google Main Right Side' scraper is not running. Checking if it is stuck...
09 Apr, 2025 03:48:57 - Process finished. Restarting the process...
09 Apr, 2025 03:48:57 - 'Google Main Right Side' scraper started.
09 Apr, 2025 03:49:58 - 'Google Main Right Side' scraper is still running.
09 Apr, 2025 03:49:58 - Last modified time: 111
09 Apr, 2025 03:51:00 - 'Google Main Right Side' scraper is still running.
09 Apr, 2025 03:51:00 - Last modified time: 173
09 Apr, 2025 03:52:02 - 'Google Main Right Side' scraper is not running. Checking if it is stuck...
09 Apr, 2025 03:52:02 - Process finished. Restarting the process...
09 Apr, 2025 03:52:02 - 'Google Main Right Side' scraper started.
09 Apr, 2025 03:53:04 - 'Google Main Right Side' scraper is still running.
09 Apr, 2025 03:53:04 - Last modified time: 108
09 Apr, 2025 03:54:06 - 'Google Main Right Side' scraper is still running.
09 Apr, 2025 03:54:06 - Last modified time: 170
09 Apr, 2025 03:55:08 - 'Google Main Right Side' scraper is not running. Checking if it is stuck...
09 Apr, 2025 03:55:08 - Process finished. Restarting the process...
09 Apr, 2025 03:55:08 - 'Google Main Right Side' scraper started.
09 Apr, 2025 03:56:10 - 'Google Main Right Side' scraper is still running.
09 Apr, 2025 03:56:10 - Last modified time: 109
09 Apr, 2025 03:57:11 - 'Google Main Right Side' scraper is still running.
09 Apr, 2025 03:57:11 - Last modified time: 170
09 Apr, 2025 03:58:13 - 'Google Main Right Side' scraper is not running. Checking if it is stuck...
09 Apr, 2025 03:58:13 - Process finished. Restarting the process...
09 Apr, 2025 03:58:13 - 'Google Main Right Side' scraper started.
09 Apr, 2025 03:59:14 - 'Google Main Right Side' scraper is still running.
09 Apr, 2025 03:59:14 - Last modified time: 109
09 Apr, 2025 04:00:16 - 'Google Main Right Side' scraper is still running.
09 Apr, 2025 04:00:16 - Last modified time: 171
09 Apr, 2025 04:01:18 - 'Google Main Right Side' scraper is not running. Checking if it is stuck...
09 Apr, 2025 04:01:18 - Process finished. Restarting the process...
09 Apr, 2025 04:01:18 - 'Google Main Right Side' scraper started.
09 Apr, 2025 04:02:20 - 'Google Main Right Side' scraper is still running.
09 Apr, 2025 04:02:20 - Last modified time: 111
09 Apr, 2025 04:03:22 - 'Google Main Right Side' scraper is still running.
09 Apr, 2025 04:03:22 - Last modified time: 173
09 Apr, 2025 04:04:24 - 'Google Main Right Side' scraper is not running. Checking if it is stuck...
09 Apr, 2025 04:04:24 - Process finished. Restarting the process...
09 Apr, 2025 04:04:24 - 'Google Main Right Side' scraper started.
09 Apr, 2025 04:05:25 - 'Google Main Right Side' scraper is still running.
09 Apr, 2025 04:05:25 - Last modified time: 111
09 Apr, 2025 04:06:27 - 'Google Main Right Side' scraper is still running.
09 Apr, 2025 04:06:27 - Last modified time: 173
09 Apr, 2025 04:07:28 - 'Google Main Right Side' scraper is not running. Checking if it is stuck...
09 Apr, 2025 04:07:28 - Process finished. Restarting the process...
09 Apr, 2025 04:07:28 - 'Google Main Right Side' scraper started.
09 Apr, 2025 04:08:30 - 'Google Main Right Side' scraper is still running.
09 Apr, 2025 04:08:30 - Last modified time: 112
09 Apr, 2025 04:09:32 - 'Google Main Right Side' scraper is still running.
09 Apr, 2025 04:09:32 - Last modified time: 174
09 Apr, 2025 04:10:34 - 'Google Main Right Side' scraper is not running. Checking if it is stuck...
09 Apr, 2025 04:10:34 - Process finished. Restarting the process...
09 Apr, 2025 04:10:34 - 'Google Main Right Side' scraper started.
09 Apr, 2025 04:11:36 - 'Google Main Right Side' scraper is still running.
09 Apr, 2025 04:11:36 - Last modified time: 108
09 Apr, 2025 04:12:37 - 'Google Main Right Side' scraper is still running.
09 Apr, 2025 04:12:37 - Last modified time: 169
09 Apr, 2025 04:13:39 - 'Google Main Right Side' scraper is not running. Checking if it is stuck...
09 Apr, 2025 04:13:39 - Process finished. Restarting the process...
09 Apr, 2025 04:13:39 - 'Google Main Right Side' scraper started.
09 Apr, 2025 04:14:41 - 'Google Main Right Side' scraper is still running.
09 Apr, 2025 04:14:41 - Last modified time: 109
09 Apr, 2025 04:15:43 - 'Google Main Right Side' scraper is still running.
09 Apr, 2025 04:15:43 - Last modified time: 171
09 Apr, 2025 04:16:45 - 'Google Main Right Side' scraper is not running. Checking if it is stuck...
09 Apr, 2025 04:16:45 - Process finished. Restarting the process...
09 Apr, 2025 04:16:45 - 'Google Main Right Side' scraper started.
09 Apr, 2025 04:17:47 - 'Google Main Right Side' scraper is still running.
09 Apr, 2025 04:17:47 - Last modified time: 111
09 Apr, 2025 04:18:48 - 'Google Main Right Side' scraper is still running.
09 Apr, 2025 04:18:48 - Last modified time: 172
09 Apr, 2025 04:19:49 - 'Google Main Right Side' scraper is not running. Checking if it is stuck...
09 Apr, 2025 04:19:49 - Process finished. Restarting the process...
09 Apr, 2025 04:19:49 - 'Google Main Right Side' scraper started.
09 Apr, 2025 04:20:51 - 'Google Main Right Side' scraper is still running.
09 Apr, 2025 04:20:51 - Last modified time: 110
09 Apr, 2025 04:21:53 - 'Google Main Right Side' scraper is still running.
09 Apr, 2025 04:21:53 - Last modified time: 172
09 Apr, 2025 04:22:55 - 'Google Main Right Side' scraper is not running. Checking if it is stuck...
09 Apr, 2025 04:22:55 - Process finished. Restarting the process...
09 Apr, 2025 04:22:55 - 'Google Main Right Side' scraper started.
09 Apr, 2025 04:23:57 - 'Google Main Right Side' scraper is still running.
09 Apr, 2025 04:23:57 - Last modified time: 112
09 Apr, 2025 04:24:59 - 'Google Main Right Side' scraper is still running.
09 Apr, 2025 04:24:59 - Last modified time: 174
09 Apr, 2025 04:26:01 - 'Google Main Right Side' scraper is not running. Checking if it is stuck...
09 Apr, 2025 04:26:01 - Process finished. Restarting the process...
09 Apr, 2025 04:26:01 - 'Google Main Right Side' scraper started.
09 Apr, 2025 04:27:02 - 'Google Main Right Side' scraper is still running.
09 Apr, 2025 04:27:02 - Last modified time: 107
09 Apr, 2025 04:28:04 - 'Google Main Right Side' scraper is still running.
09 Apr, 2025 04:28:04 - Last modified time: 169
09 Apr, 2025 04:29:06 - 'Google Main Right Side' scraper is not running. Checking if it is stuck...
09 Apr, 2025 04:29:06 - Process finished. Restarting the process...
09 Apr, 2025 04:29:06 - 'Google Main Right Side' scraper started.
09 Apr, 2025 04:30:08 - 'Google Main Right Side' scraper is still running.
09 Apr, 2025 04:30:08 - Last modified time: 109
09 Apr, 2025 04:31:09 - 'Google Main Right Side' scraper is still running.
09 Apr, 2025 04:31:09 - Last modified time: 170
09 Apr, 2025 04:32:11 - 'Google Main Right Side' scraper is not running. Checking if it is stuck...
09 Apr, 2025 04:32:11 - Process finished. Restarting the process...
09 Apr, 2025 04:32:11 - 'Google Main Right Side' scraper started.
09 Apr, 2025 04:33:13 - 'Google Main Right Side' scraper is still running.
09 Apr, 2025 04:33:13 - Last modified time: 109
09 Apr, 2025 04:34:15 - 'Google Main Right Side' scraper is still running.
09 Apr, 2025 04:34:15 - Last modified time: 171
09 Apr, 2025 04:35:16 - 'Google Main Right Side' scraper is not running. Checking if it is stuck...
09 Apr, 2025 04:35:16 - Process finished. Restarting the process...
09 Apr, 2025 04:35:16 - 'Google Main Right Side' scraper started.
09 Apr, 2025 04:36:18 - 'Google Main Right Side' scraper is still running.
09 Apr, 2025 04:36:18 - Last modified time: 110
09 Apr, 2025 04:37:20 - 'Google Main Right Side' scraper is still running.
09 Apr, 2025 04:37:20 - Last modified time: 172
09 Apr, 2025 04:38:22 - 'Google Main Right Side' scraper is not running. Checking if it is stuck...
09 Apr, 2025 04:38:22 - Process finished. Restarting the process...
09 Apr, 2025 04:38:22 - 'Google Main Right Side' scraper started.
09 Apr, 2025 04:39:24 - 'Google Main Right Side' scraper is still running.
09 Apr, 2025 04:39:24 - Last modified time: 111
09 Apr, 2025 04:40:25 - 'Google Main Right Side' scraper is still running.
09 Apr, 2025 04:40:25 - Last modified time: 172
09 Apr, 2025 04:41:27 - 'Google Main Right Side' scraper is not running. Checking if it is stuck...
09 Apr, 2025 04:41:27 - Process finished. Restarting the process...
09 Apr, 2025 04:41:27 - 'Google Main Right Side' scraper started.
09 Apr, 2025 04:42:28 - 'Google Main Right Side' scraper is still running.
09 Apr, 2025 04:42:28 - Last modified time: 111
09 Apr, 2025 04:43:30 - 'Google Main Right Side' scraper is still running.
09 Apr, 2025 04:43:30 - Last modified time: 173
09 Apr, 2025 04:44:31 - 'Google Main Right Side' scraper is not running. Checking if it is stuck...
09 Apr, 2025 04:44:31 - Process finished. Restarting the process...
09 Apr, 2025 04:44:31 - 'Google Main Right Side' scraper started.
09 Apr, 2025 04:45:33 - 'Google Main Right Side' scraper is still running.
09 Apr, 2025 04:45:33 - Last modified time: 108
09 Apr, 2025 04:46:33 - 'Google Main Right Side' scraper is still running.
09 Apr, 2025 04:46:33 - Last modified time: 168
09 Apr, 2025 04:47:35 - 'Google Main Right Side' scraper is not running. Checking if it is stuck...
09 Apr, 2025 04:47:35 - Process finished. Restarting the process...
09 Apr, 2025 04:47:35 - 'Google Main Right Side' scraper started.
09 Apr, 2025 04:48:36 - 'Google Main Right Side' scraper is still running.
09 Apr, 2025 04:48:36 - Last modified time: 108
09 Apr, 2025 04:49:37 - 'Google Main Right Side' scraper is still running.
09 Apr, 2025 04:49:37 - Last modified time: 169
09 Apr, 2025 04:50:38 - 'Google Main Right Side' scraper is not running. Checking if it is stuck...
09 Apr, 2025 04:50:38 - Process finished. Restarting the process...
09 Apr, 2025 04:50:38 - 'Google Main Right Side' scraper started.
09 Apr, 2025 04:51:40 - 'Google Main Right Side' scraper is still running.
09 Apr, 2025 04:51:40 - Last modified time: 109
09 Apr, 2025 05:55:22 - 'Google Main Right Side' scraper is not running. Starting...
09 Apr, 2025 05:55:22 - 'Google Main Right Side' scraper started.
09 Apr, 2025 05:58:24 - 'Google Main Right Side' scraper is still running.
09 Apr, 2025 05:58:24 - Last modified time: 19
09 Apr, 2025 05:59:25 - 'Google Main Right Side' scraper is still running.
09 Apr, 2025 05:59:25 - Last modified time: 33
09 Apr, 2025 06:00:27 - 'Google Main Right Side' scraper is still running.
09 Apr, 2025 06:00:27 - Last modified time: 95
09 Apr, 2025 06:01:28 - 'Google Main Right Side' scraper is still running.
09 Apr, 2025 06:01:28 - Last modified time: 0
09 Apr, 2025 06:02:30 - 'Google Main Right Side' scraper is still running.
09 Apr, 2025 06:02:30 - Last modified time: 2
09 Apr, 2025 06:03:31 - 'Google Main Right Side' scraper is still running.
09 Apr, 2025 06:03:31 - Last modified time: 2
09 Apr, 2025 06:04:33 - 'Google Main Right Side' scraper is still running.
09 Apr, 2025 06:04:33 - Last modified time: 2
09 Apr, 2025 06:05:34 - 'Google Main Right Side' scraper is still running.
09 Apr, 2025 06:05:34 - Last modified time: 1
09 Apr, 2025 06:06:36 - 'Google Main Right Side' scraper is still running.
09 Apr, 2025 06:06:36 - Last modified time: 1
09 Apr, 2025 06:07:37 - 'Google Main Right Side' scraper is still running.
09 Apr, 2025 06:07:37 - Last modified time: 1
09 Apr, 2025 06:08:39 - 'Google Main Right Side' scraper is still running.
09 Apr, 2025 06:08:39 - Last modified time: 0
09 Apr, 2025 06:09:41 - 'Google Main Right Side' scraper is still running.
09 Apr, 2025 06:09:41 - Last modified time: 2
09 Apr, 2025 06:10:43 - 'Google Main Right Side' scraper is still running.
09 Apr, 2025 06:10:43 - Last modified time: 3
09 Apr, 2025 06:11:45 - 'Google Main Right Side' scraper is still running.
09 Apr, 2025 06:11:45 - Last modified time: 1
09 Apr, 2025 06:12:46 - 'Google Main Right Side' scraper is still running.
09 Apr, 2025 06:12:46 - Last modified time: 0
09 Apr, 2025 06:13:48 - 'Google Main Right Side' scraper is still running.
09 Apr, 2025 06:13:48 - Last modified time: 2
09 Apr, 2025 06:14:50 - 'Google Main Right Side' scraper is still running.
09 Apr, 2025 06:14:50 - Last modified time: 3
09 Apr, 2025 06:15:52 - 'Google Main Right Side' scraper is still running.
09 Apr, 2025 06:15:52 - Last modified time: 1
09 Apr, 2025 06:16:54 - 'Google Main Right Side' scraper is not running. Checking if it is stuck...
09 Apr, 2025 06:16:54 - Process finished. Restarting the process...
09 Apr, 2025 06:16:54 - 'Google Main Right Side' scraper started.
09 Apr, 2025 06:17:55 - 'Google Main Right Side' scraper is still running.
09 Apr, 2025 06:17:55 - Last modified time: 102
09 Apr, 2025 06:18:57 - 'Google Main Right Side' scraper is still running.
09 Apr, 2025 06:18:57 - Last modified time: 1
09 Apr, 2025 06:19:59 - 'Google Main Right Side' scraper is still running.
09 Apr, 2025 06:19:59 - Last modified time: 2
09 Apr, 2025 06:21:00 - 'Google Main Right Side' scraper is still running.
09 Apr, 2025 06:21:00 - Last modified time: 57
09 Apr, 2025 06:22:02 - 'Google Main Right Side' scraper is still running.
09 Apr, 2025 06:22:02 - Last modified time: 1
09 Apr, 2025 06:23:04 - 'Google Main Right Side' scraper is still running.
09 Apr, 2025 06:23:04 - Last modified time: 0
09 Apr, 2025 06:24:05 - 'Google Main Right Side' scraper is still running.
09 Apr, 2025 06:24:05 - Last modified time: 8
09 Apr, 2025 06:25:07 - 'Google Main Right Side' scraper is still running.
09 Apr, 2025 06:25:07 - Last modified time: 3
09 Apr, 2025 06:26:09 - 'Google Main Right Side' scraper is still running.
09 Apr, 2025 06:26:09 - Last modified time: 1
09 Apr, 2025 06:27:11 - 'Google Main Right Side' scraper is still running.
09 Apr, 2025 06:27:11 - Last modified time: 1
09 Apr, 2025 06:28:12 - 'Google Main Right Side' scraper is still running.
09 Apr, 2025 06:28:12 - Last modified time: 0
09 Apr, 2025 06:29:14 - 'Google Main Right Side' scraper is still running.
09 Apr, 2025 06:29:14 - Last modified time: 1
09 Apr, 2025 06:30:16 - 'Google Main Right Side' scraper is still running.
09 Apr, 2025 06:30:16 - Last modified time: 1
09 Apr, 2025 06:31:18 - 'Google Main Right Side' scraper is still running.
09 Apr, 2025 06:31:18 - Last modified time: 2
09 Apr, 2025 06:32:20 - 'Google Main Right Side' scraper is still running.
09 Apr, 2025 06:32:20 - Last modified time: 37
09 Apr, 2025 06:33:22 - 'Google Main Right Side' scraper is still running.
09 Apr, 2025 06:33:22 - Last modified time: 1
09 Apr, 2025 06:34:24 - 'Google Main Right Side' scraper is still running.
09 Apr, 2025 06:34:24 - Last modified time: 1
09 Apr, 2025 06:35:25 - 'Google Main Right Side' scraper is still running.
09 Apr, 2025 06:35:25 - Last modified time: 2
09 Apr, 2025 06:36:27 - 'Google Main Right Side' scraper is still running.
09 Apr, 2025 06:36:27 - Last modified time: 0
09 Apr, 2025 06:37:29 - 'Google Main Right Side' scraper is still running.
09 Apr, 2025 06:37:29 - Last modified time: 5
09 Apr, 2025 06:38:31 - 'Google Main Right Side' scraper is still running.
09 Apr, 2025 06:38:31 - Last modified time: 5
09 Apr, 2025 06:39:33 - 'Google Main Right Side' scraper is still running.
09 Apr, 2025 06:39:33 - Last modified time: 0
09 Apr, 2025 06:40:35 - 'Google Main Right Side' scraper is still running.
09 Apr, 2025 06:40:35 - Last modified time: 2
09 Apr, 2025 06:41:37 - 'Google Main Right Side' scraper is still running.
09 Apr, 2025 06:41:37 - Last modified time: 4
09 Apr, 2025 06:42:38 - 'Google Main Right Side' scraper is still running.
09 Apr, 2025 06:42:38 - Last modified time: 4
09 Apr, 2025 06:43:40 - 'Google Main Right Side' scraper is not running. Checking if it is stuck...
09 Apr, 2025 06:43:40 - Process finished. Restarting the process...
09 Apr, 2025 06:43:40 - 'Google Main Right Side' scraper started.
09 Apr, 2025 06:44:42 - 'Google Main Right Side' scraper is still running.
09 Apr, 2025 06:44:42 - Last modified time: 66
09 Apr, 2025 06:45:45 - 'Google Main Right Side' scraper is not running. Checking if it is stuck...
09 Apr, 2025 06:45:45 - Process finished. Restarting the process...
09 Apr, 2025 06:45:45 - 'Google Main Right Side' scraper started.
09 Apr, 2025 06:46:47 - 'Google Main Right Side' scraper is not running. Checking if it is stuck...
09 Apr, 2025 06:46:47 - Process finished. Restarting the process...
09 Apr, 2025 06:46:47 - 'Google Main Right Side' scraper started.
09 Apr, 2025 06:47:49 - 'Google Main Right Side' scraper is not running. Checking if it is stuck...
09 Apr, 2025 06:47:49 - Process finished. Restarting the process...
09 Apr, 2025 06:47:49 - 'Google Main Right Side' scraper started.
09 Apr, 2025 06:48:51 - 'Google Main Right Side' scraper is not running. Checking if it is stuck...
09 Apr, 2025 06:48:51 - Process finished. Restarting the process...
09 Apr, 2025 06:48:51 - 'Google Main Right Side' scraper started.
09 Apr, 2025 06:49:52 - 'Google Main Right Side' scraper is still running.
09 Apr, 2025 06:49:52 - Last modified time: 68
09 Apr, 2025 06:50:54 - 'Google Main Right Side' scraper is still running.
09 Apr, 2025 06:50:54 - Last modified time: 130
09 Apr, 2025 06:51:56 - 'Google Main Right Side' scraper is still running.
09 Apr, 2025 06:51:56 - Last modified time: 192
09 Apr, 2025 06:52:58 - 'Google Main Right Side' scraper is not running. Checking if it is stuck...
09 Apr, 2025 06:52:58 - Process finished. Restarting the process...
09 Apr, 2025 06:52:58 - 'Google Main Right Side' scraper started.
09 Apr, 2025 06:54:00 - 'Google Main Right Side' scraper is not running. Checking if it is stuck...
09 Apr, 2025 06:54:00 - Process finished. Restarting the process...
09 Apr, 2025 06:54:00 - 'Google Main Right Side' scraper started.
09 Apr, 2025 06:55:02 - 'Google Main Right Side' scraper is still running.
09 Apr, 2025 06:55:02 - Last modified time: 76
09 Apr, 2025 06:56:04 - 'Google Main Right Side' scraper is still running.
09 Apr, 2025 06:56:04 - Last modified time: 138
